palace	UNKNOWN STEP	﻿2026-10-05T10:20:40.6496007Z Current runner version: '2.337.0'
palace	UNKNOWN STEP	2026-10-05T10:20:40.6525223Z ##[group]Runner Image Provisioner
palace	UNKNOWN STEP	2026-10-05T10:20:40.6526209Z Hosted Compute Agent
palace	UNKNOWN STEP	2026-10-05T10:20:40.6526892Z Version: 20260901.588
palace	UNKNOWN STEP	2026-10-05T10:20:40.6527541Z Commit: f88ec8081b781fac6c440065ac7ff9e710ce3d0b
palace	UNKNOWN STEP	2026-10-05T10:20:40.6528272Z Build Date: 2026-09-01T19:56:44Z
palace	UNKNOWN STEP	2026-10-05T10:20:40.6529101Z Worker ID: {55dbf53d-f8aa-44c0-9ae6-d599339376e7}
palace	UNKNOWN STEP	2026-10-05T10:20:40.6529957Z Azure Region: westus
palace	UNKNOWN STEP	2026-10-05T10:20:40.6530577Z ##[endgroup]
palace	UNKNOWN STEP	2026-10-05T10:20:40.6532723Z ##[group]Operating System
palace	UNKNOWN STEP	2026-10-05T10:20:40.6533364Z Ubuntu
palace	UNKNOWN STEP	2026-10-05T10:20:40.6534030Z 24.04.5
palace	UNKNOWN STEP	2026-10-05T10:20:40.6534539Z LTS
palace	UNKNOWN STEP	2026-10-05T10:20:40.6535085Z ##[endgroup]
palace	UNKNOWN STEP	2026-10-05T10:20:40.6535661Z ##[group]Runner Image
palace	UNKNOWN STEP	2026-10-05T10:20:40.6536268Z Image: ubuntu-24.04
palace	UNKNOWN STEP	2026-10-05T10:20:40.6536955Z Version: 20260927.320.1
palace	UNKNOWN STEP	2026-10-05T10:20:40.6538284Z Included Software: https://github.com/actions/runner-images/blob/ubuntu24/20260927.320/images/ubuntu/Ubuntu2404-Readme.md
palace	UNKNOWN STEP	2026-10-05T10:20:40.6540440Z Image Release: https://github.com/actions/runner-images/releases/tag/ubuntu24%2F20260927.320
palace	UNKNOWN STEP	2026-10-05T10:20:40.6541638Z ##[endgroup]
palace	UNKNOWN STEP	2026-10-05T10:20:40.6543015Z ##[group]GITHUB_TOKEN Permissions
palace	UNKNOWN STEP	2026-10-05T10:20:40.6545540Z Contents: read
palace	UNKNOWN STEP	2026-10-05T10:20:40.6546293Z Metadata: read
palace	UNKNOWN STEP	2026-10-05T10:20:40.6546857Z Packages: read
palace	UNKNOWN STEP	2026-10-05T10:20:40.6547503Z ##[endgroup]
palace	UNKNOWN STEP	2026-10-05T10:20:40.6550002Z Secret source: Actions
palace	UNKNOWN STEP	2026-10-05T10:20:40.6551057Z Cache mode: write
palace	UNKNOWN STEP	2026-10-05T10:20:40.6552159Z Prepare workflow directory
palace	UNKNOWN STEP	2026-10-05T10:20:40.6900858Z Prepare all required actions
palace	UNKNOWN STEP	2026-10-05T10:20:40.6957668Z Getting action download info
palace	UNKNOWN STEP	2026-10-05T10:20:41.1070058Z Download action repository 'actions/checkout@v4' (SHA:11d5960a326750d5838078e36cf38b85af677262)
palace	UNKNOWN STEP	2026-10-05T10:20:41.2214272Z Download action repository 'astral-sh/setup-uv@v5' (SHA:d4b2f3b6ecc6e67c4457f6d3e41ec42d3d0fcb86)
palace	UNKNOWN STEP	2026-10-05T10:20:41.7828597Z Download action repository 'actions/cache@v4' (SHA:0057852bfaa89a56745cba8c7296529d2fc39830)
palace	UNKNOWN STEP	2026-10-05T10:20:41.9452998Z Download action repository 'actions/upload-artifact@v4' (SHA:ea165f8d65b6e75b540449e92b4886f43607fa02)
palace	UNKNOWN STEP	2026-10-05T10:20:42.2467260Z Complete job name: palace
palace	UNKNOWN STEP	2026-10-05T10:20:42.3437671Z ##[group]Run actions/checkout@v4
palace	UNKNOWN STEP	2026-10-05T10:20:42.3438755Z with:
palace	UNKNOWN STEP	2026-10-05T10:20:42.3439315Z   repository: JungluChen/Text-to-Layout
palace	UNKNOWN STEP	2026-10-05T10:20:42.3448537Z   token: ***
palace	UNKNOWN STEP	2026-10-05T10:20:42.3449059Z   ssh-strict: true
palace	UNKNOWN STEP	2026-10-05T10:20:42.3449599Z   ssh-user: git
palace	UNKNOWN STEP	2026-10-05T10:20:42.3450149Z   persist-credentials: true
palace	UNKNOWN STEP	2026-10-05T10:20:42.3450771Z   clean: true
palace	UNKNOWN STEP	2026-10-05T10:20:42.3451314Z   sparse-checkout-cone-mode: true
palace	UNKNOWN STEP	2026-10-05T10:20:42.3452172Z   fetch-depth: 1
palace	UNKNOWN STEP	2026-10-05T10:20:42.3452711Z   fetch-tags: false
palace	UNKNOWN STEP	2026-10-05T10:20:42.3453270Z   show-progress: true
palace	UNKNOWN STEP	2026-10-05T10:20:42.3453834Z   lfs: false
palace	UNKNOWN STEP	2026-10-05T10:20:42.3454333Z   submodules: false
palace	UNKNOWN STEP	2026-10-05T10:20:42.3454886Z   set-safe-directory: true
palace	UNKNOWN STEP	2026-10-05T10:20:42.3455550Z   allow-unsafe-pr-checkout: false
palace	UNKNOWN STEP	2026-10-05T10:20:42.3456582Z ##[endgroup]
palace	UNKNOWN STEP	2026-10-05T10:20:42.4626810Z Syncing repository: JungluChen/Text-to-Layout
palace	UNKNOWN STEP	2026-10-05T10:20:42.4630156Z ##[group]Getting Git version info
palace	UNKNOWN STEP	2026-10-05T10:20:42.4633818Z Working directory is '/home/runner/work/Text-to-Layout/Text-to-Layout'
palace	UNKNOWN STEP	2026-10-05T10:20:42.4636354Z [command]/usr/bin/git version
palace	UNKNOWN STEP	2026-10-05T10:20:42.4637390Z git version 2.55.0
palace	UNKNOWN STEP	2026-10-05T10:20:42.4640593Z ##[endgroup]
palace	UNKNOWN STEP	2026-10-05T10:20:42.4648425Z Temporarily overriding HOME='/home/runner/work/_temp/9baa2eb5-894c-4b76-800d-f83974a64b81' before making global git config changes
palace	UNKNOWN STEP	2026-10-05T10:20:42.4652630Z Adding repository directory to the temporary git global config as a safe directory
palace	UNKNOWN STEP	2026-10-05T10:20:42.4670018Z [command]/usr/bin/git config --global --add safe.directory /home/runner/work/Text-to-Layout/Text-to-Layout
palace	UNKNOWN STEP	2026-10-05T10:20:42.4728362Z Deleting the contents of '/home/runner/work/Text-to-Layout/Text-to-Layout'
palace	UNKNOWN STEP	2026-10-05T10:20:42.4733447Z ##[group]Initializing the repository
palace	UNKNOWN STEP	2026-10-05T10:20:42.4737705Z [command]/usr/bin/git init /home/runner/work/Text-to-Layout/Text-to-Layout
palace	UNKNOWN STEP	2026-10-05T10:20:42.4854210Z hint: Using 'master' as the name for the initial branch. This default branch name
palace	UNKNOWN STEP	2026-10-05T10:20:42.4856909Z hint: will change to "main" in Git 3.0. To configure the initial branch name
palace	UNKNOWN STEP	2026-10-05T10:20:42.4859427Z hint: to use in all of your new repositories, which will suppress this warning,
palace	UNKNOWN STEP	2026-10-05T10:20:42.4861329Z hint: call:
palace	UNKNOWN STEP	2026-10-05T10:20:42.4862657Z hint:
palace	UNKNOWN STEP	2026-10-05T10:20:42.4863744Z hint: 	git config --global init.defaultBranch <name>
palace	UNKNOWN STEP	2026-10-05T10:20:42.4865149Z hint:
palace	UNKNOWN STEP	2026-10-05T10:20:42.4866454Z hint: Names commonly chosen instead of 'master' are 'main', 'trunk' and
palace	UNKNOWN STEP	2026-10-05T10:20:42.4868934Z hint: 'development'. The just-created branch can be renamed via this command:
palace	UNKNOWN STEP	2026-10-05T10:20:42.4870816Z hint:
palace	UNKNOWN STEP	2026-10-05T10:20:42.4871805Z hint: 	git branch -m <name>
palace	UNKNOWN STEP	2026-10-05T10:20:42.4872775Z hint:
palace	UNKNOWN STEP	2026-10-05T10:20:42.4874252Z hint: Disable this message with "git config set advice.defaultBranchName false"
palace	UNKNOWN STEP	2026-10-05T10:20:42.4877240Z Initialized empty Git repository in /home/runner/work/Text-to-Layout/Text-to-Layout/.git/
palace	UNKNOWN STEP	2026-10-05T10:20:42.4888871Z [command]/usr/bin/git remote add origin https://github.com/JungluChen/Text-to-Layout
palace	UNKNOWN STEP	2026-10-05T10:20:42.4929392Z ##[endgroup]
palace	UNKNOWN STEP	2026-10-05T10:20:42.4930995Z ##[group]Disabling automatic garbage collection
palace	UNKNOWN STEP	2026-10-05T10:20:42.4933850Z [command]/usr/bin/git config --local gc.auto 0
palace	UNKNOWN STEP	2026-10-05T10:20:42.4971616Z ##[endgroup]
palace	UNKNOWN STEP	2026-10-05T10:20:42.4973144Z ##[group]Setting up auth
palace	UNKNOWN STEP	2026-10-05T10:20:42.4979640Z [command]/usr/bin/git config --local --name-only --get-regexp core\.sshCommand
palace	UNKNOWN STEP	2026-10-05T10:20:42.5018827Z [command]/usr/bin/git submodule foreach --recursive sh -c "git config --local --name-only --get-regexp 'core\.sshCommand' && git config --local --unset-all 'core.sshCommand' || :"
palace	UNKNOWN STEP	2026-10-05T10:20:42.5404198Z [command]/usr/bin/git config --local --name-only --get-regexp http\.https\:\/\/github\.com\/\.extraheader
palace	UNKNOWN STEP	2026-10-05T10:20:42.5447793Z [command]/usr/bin/git submodule foreach --recursive sh -c "git config --local --name-only --get-regexp 'http\.https\:\/\/github\.com\/\.extraheader' && git config --local --unset-all 'http.https://github.com/.extraheader' || :"
palace	UNKNOWN STEP	2026-10-05T10:20:42.5699246Z [command]/usr/bin/git config --local --name-only --get-regexp ^includeIf\.gitdir:
palace	UNKNOWN STEP	2026-10-05T10:20:42.5740181Z [command]/usr/bin/git submodule foreach --recursive git config --local --show-origin --name-only --get-regexp remote.origin.url
palace	UNKNOWN STEP	2026-10-05T10:20:42.5979204Z [command]/usr/bin/git config --local http.https://github.com/.extraheader AUTHORIZATION: basic ***
palace	UNKNOWN STEP	2026-10-05T10:20:42.6024865Z ##[endgroup]
palace	UNKNOWN STEP	2026-10-05T10:20:42.6025886Z ##[group]Fetching the repository
palace	UNKNOWN STEP	2026-10-05T10:20:42.6035681Z [command]/usr/bin/git -c protocol.version=2 fetch --no-tags --prune --no-recurse-submodules --depth=1 origin +7b435483afaa5a8cdbfec25c9f6de030605eff13:refs/remotes/origin/main
palace	UNKNOWN STEP	2026-10-05T10:20:44.6195586Z From https://github.com/JungluChen/Text-to-Layout
palace	UNKNOWN STEP	2026-10-05T10:20:44.6197966Z  * [new ref]         7b435483afaa5a8cdbfec25c9f6de030605eff13 -> origin/main
palace	UNKNOWN STEP	2026-10-05T10:20:44.6201984Z ##[endgroup]
palace	UNKNOWN STEP	2026-10-05T10:20:44.6203947Z ##[group]Determining the checkout info
palace	UNKNOWN STEP	2026-10-05T10:20:44.6210457Z ##[endgroup]
palace	UNKNOWN STEP	2026-10-05T10:20:44.6211911Z [command]/usr/bin/git sparse-checkout disable
palace	UNKNOWN STEP	2026-10-05T10:20:44.6270819Z [command]/usr/bin/git config --local --unset-all extensions.worktreeConfig
palace	UNKNOWN STEP	2026-10-05T10:20:44.6310333Z ##[group]Checking out the ref
palace	UNKNOWN STEP	2026-10-05T10:20:44.6315695Z [command]/usr/bin/git checkout --progress --force -B main refs/remotes/origin/main
palace	UNKNOWN STEP	2026-10-05T10:20:44.9758164Z Switched to a new branch 'main'
palace	UNKNOWN STEP	2026-10-05T10:20:44.9761951Z branch 'main' set up to track 'origin/main'.
palace	UNKNOWN STEP	2026-10-05T10:20:44.9781614Z ##[endgroup]
palace	UNKNOWN STEP	2026-10-05T10:20:44.9834233Z [command]/usr/bin/git log -1 --format=%H
palace	UNKNOWN STEP	2026-10-05T10:20:44.9866549Z 7b435483afaa5a8cdbfec25c9f6de030605eff13
palace	UNKNOWN STEP	2026-10-05T10:20:45.0128944Z ##[group]Run astral-sh/setup-uv@v5
palace	UNKNOWN STEP	2026-10-05T10:20:45.0129298Z with:
palace	UNKNOWN STEP	2026-10-05T10:20:45.0132530Z   github-token: ***
palace	UNKNOWN STEP	2026-10-05T10:20:45.0132781Z   enable-cache: auto
palace	UNKNOWN STEP	2026-10-05T10:20:45.0133070Z   cache-dependency-glob: **/uv.lock
palace	UNKNOWN STEP	**/requirements*.txt
palace	UNKNOWN STEP	
palace	UNKNOWN STEP	2026-10-05T10:20:45.0133415Z   prune-cache: true
palace	UNKNOWN STEP	2026-10-05T10:20:45.0133644Z   ignore-nothing-to-cache: false
palace	UNKNOWN STEP	2026-10-05T10:20:45.0133920Z   ignore-empty-workdir: false
palace	UNKNOWN STEP	2026-10-05T10:20:45.0134169Z ##[endgroup]
palace	UNKNOWN STEP	2026-10-05T10:20:45.2017642Z (node:2440) [DEP0040] DeprecationWarning: The `punycode` module is deprecated. Please use a userland alternative instead.
palace	UNKNOWN STEP	2026-10-05T10:20:45.2019345Z (Use `node --trace-deprecation ...` to show where the warning was created)
palace	UNKNOWN STEP	2026-10-05T10:20:45.5723518Z Downloading uv from "https://github.com/astral-sh/uv/releases/download/0.12.23/uv-x86_64-unknown-linux-gnu.tar.gz" ...
palace	UNKNOWN STEP	2026-10-05T10:20:45.9229800Z [command]/usr/bin/tar xz --warning=no-unknown-keyword --overwrite -C /home/runner/work/_temp/8c973c8e-8ee6-45b2-91b5-6791d3f4c2af -f /home/runner/work/_temp/2ccc1ed5-7df8-45dc-8815-014717417ecd
palace	UNKNOWN STEP	2026-10-05T10:20:46.2901490Z Added /home/runner/.local/bin to the path
palace	UNKNOWN STEP	2026-10-05T10:20:46.2904868Z Added /opt/hostedtoolcache/uv/0.12.23/x86_64 to the path
palace	UNKNOWN STEP	2026-10-05T10:20:46.2929197Z Set UV_CACHE_DIR to /home/runner/work/_temp/setup-uv-cache
palace	UNKNOWN STEP	2026-10-05T10:20:46.2929940Z Successfully installed uv version 0.12.23
palace	UNKNOWN STEP	2026-10-05T10:20:46.2930669Z Searching files using cache dependency glob: **/uv.lock,**/requirements*.txt
palace	UNKNOWN STEP	2026-10-05T10:20:46.3685763Z /home/runner/work/Text-to-Layout/Text-to-Layout/docs/progress/evidence/2026-09-15-051619/commands/requirements-consistency-after-1.log.txt
palace	UNKNOWN STEP	2026-10-05T10:20:46.3704239Z /home/runner/work/Text-to-Layout/Text-to-Layout/docs/progress/evidence/2026-09-15-051619/commands/requirements-consistency-after-2.log.txt
palace	UNKNOWN STEP	2026-10-05T10:20:46.3713347Z /home/runner/work/Text-to-Layout/Text-to-Layout/docs/progress/evidence/2026-09-15-051619/commands/requirements-consistency-before-1.log.txt
palace	UNKNOWN STEP	2026-10-05T10:20:46.3721320Z /home/runner/work/Text-to-Layout/Text-to-Layout/docs/progress/evidence/2026-09-15-051619/commands/requirements-consistency-before-2.log.txt
palace	UNKNOWN STEP	2026-10-05T10:20:46.6093547Z /home/runner/work/Text-to-Layout/Text-to-Layout/requirements.txt
palace	UNKNOWN STEP	2026-10-05T10:20:46.6931827Z /home/runner/work/Text-to-Layout/Text-to-Layout/uv.lock
palace	UNKNOWN STEP	2026-10-05T10:20:46.6978177Z Found 6 files to hash.
palace	UNKNOWN STEP	2026-10-05T10:20:46.7669644Z Trying to restore uv cache from GitHub Actions cache with key: setup-uv-1-x86_64-unknown-linux-gnu-3.12.3-c4e8c473725bf452d7fc9a79e3b2611ae34e2f23d5c72e16a8b8b62da3ba314c
palace	UNKNOWN STEP	2026-10-05T10:20:47.0256203Z Cache hit for: setup-uv-1-x86_64-unknown-linux-gnu-3.12.3-c4e8c473725bf452d7fc9a79e3b2611ae34e2f23d5c72e16a8b8b62da3ba314c
palace	UNKNOWN STEP	2026-10-05T10:20:47.0371778Z (node:2440) [DEP0169] DeprecationWarning: `url.parse()` behavior is not standardized and prone to errors that have security implications. Use the WHATWG URL API instead. CVEs are not issued for `url.parse()` vulnerabilities.
palace	UNKNOWN STEP	2026-10-05T10:20:47.7179877Z Received 316493 of 316493 (100.0%), 0.7 MBs/sec
palace	UNKNOWN STEP	2026-10-05T10:20:47.7180598Z Cache Size: ~0 MB (316493 B)
palace	UNKNOWN STEP	2026-10-05T10:20:47.7220834Z [command]/usr/bin/tar -xf /home/runner/work/_temp/b920f4f1-287e-4c50-a6ae-a020c147f574/cache.tzst -P -C /home/runner/work/Text-to-Layout/Text-to-Layout --use-compress-program unzstd
palace	UNKNOWN STEP	2026-10-05T10:20:47.7328089Z Cache restored successfully
palace	UNKNOWN STEP	2026-10-05T10:20:47.7335154Z uv cache restored from GitHub Actions cache with key: setup-uv-1-x86_64-unknown-linux-gnu-3.12.3-c4e8c473725bf452d7fc9a79e3b2611ae34e2f23d5c72e16a8b8b62da3ba314c
palace	UNKNOWN STEP	2026-10-05T10:20:47.7509921Z ##[group]Run sudo apt-get update
palace	UNKNOWN STEP	2026-10-05T10:20:47.7510283Z ^[[36;1msudo apt-get update^[[0m
palace	UNKNOWN STEP	2026-10-05T10:20:47.7510650Z ^[[36;1msudo apt-get install -y --no-install-recommends \^[[0m
palace	UNKNOWN STEP	2026-10-05T10:20:47.7511101Z ^[[36;1m  build-essential gfortran git openmpi-bin libopenmpi-dev \^[[0m
palace	UNKNOWN STEP	2026-10-05T10:20:47.7511852Z ^[[36;1m  libglu1-mesa libxrender1 libxcursor1 libxft2 libxinerama1^[[0m
palace	UNKNOWN STEP	2026-10-05T10:20:47.7772321Z shell: /usr/bin/bash -e {0}
palace	UNKNOWN STEP	2026-10-05T10:20:47.7772694Z env:
palace	UNKNOWN STEP	2026-10-05T10:20:47.7773019Z   UV_CACHE_DIR: /home/runner/work/_temp/setup-uv-cache
palace	UNKNOWN STEP	2026-10-05T10:20:47.7773648Z ##[endgroup]
palace	UNKNOWN STEP	2026-10-05T10:20:47.9103510Z Get:1 file:/etc/apt/apt-mirrors.txt Mirrorlist [144 B]
palace	UNKNOWN STEP	2026-10-05T10:20:47.9292151Z Get:6 https://packages.microsoft.com/ubuntu/24.04/prod noble InRelease [3600 B]
palace	UNKNOWN STEP	2026-10-05T10:20:47.9512637Z Hit:2 http://azure.archive.ubuntu.com/ubuntu noble InRelease
palace	UNKNOWN STEP	2026-10-05T10:20:47.9550512Z Get:3 http://azure.archive.ubuntu.com/ubuntu noble-updates InRelease [126 kB]
palace	UNKNOWN STEP	2026-10-05T10:20:47.9600314Z Get:4 http://azure.archive.ubuntu.com/ubuntu noble-backports InRelease [126 kB]
palace	UNKNOWN STEP	2026-10-05T10:20:47.9625298Z Get:5 http://azure.archive.ubuntu.com/ubuntu noble-security InRelease [126 kB]
palace	UNKNOWN STEP	2026-10-05T10:20:48.0652820Z Get:7 https://packages.microsoft.com/ubuntu/24.04/prod noble/main armhf Packages [12.6 kB]
palace	UNKNOWN STEP	2026-10-05T10:20:48.0804009Z Get:8 https://packages.microsoft.com/ubuntu/24.04/prod noble/main amd64 Packages [511 kB]
palace	UNKNOWN STEP	2026-10-05T10:20:48.0853261Z Get:9 https://packages.microsoft.com/ubuntu/24.04/prod noble/main arm64 Packages [458 kB]
palace	UNKNOWN STEP	2026-10-05T10:20:48.1827679Z Get:10 http://azure.archive.ubuntu.com/ubuntu noble-updates/main amd64 Packages [1364 kB]
palace	UNKNOWN STEP	2026-10-05T10:20:48.1908511Z Get:11 http://azure.archive.ubuntu.com/ubuntu noble-updates/main Translation-en [304 kB]
palace	UNKNOWN STEP	2026-10-05T10:20:48.1928162Z Get:12 http://azure.archive.ubuntu.com/ubuntu noble-updates/main amd64 Components [181 kB]
palace	UNKNOWN STEP	2026-10-05T10:20:48.1953501Z Get:13 http://azure.archive.ubuntu.com/ubuntu noble-updates/universe amd64 Packages [1699 kB]
palace	UNKNOWN STEP	2026-10-05T10:20:48.2033380Z Get:14 http://azure.archive.ubuntu.com/ubuntu noble-updates/universe Translation-en [341 kB]
palace	UNKNOWN STEP	2026-10-05T10:20:48.2066840Z Get:15 http://azure.archive.ubuntu.com/ubuntu noble-updates/universe amd64 Components [388 kB]
palace	UNKNOWN STEP	2026-10-05T10:20:48.2082777Z Get:16 http://azure.archive.ubuntu.com/ubuntu noble-updates/restricted amd64 Packages [1720 kB]
palace	UNKNOWN STEP	2026-10-05T10:20:48.2154874Z Get:17 http://azure.archive.ubuntu.com/ubuntu noble-updates/restricted Translation-en [394 kB]
palace	UNKNOWN STEP	2026-10-05T10:20:48.2177115Z Get:18 http://azure.archive.ubuntu.com/ubuntu noble-updates/multiverse amd64 Components [940 B]
palace	UNKNOWN STEP	2026-10-05T10:20:48.2424211Z Get:19 http://azure.archive.ubuntu.com/ubuntu noble-backports/main amd64 Components [5776 B]
palace	UNKNOWN STEP	2026-10-05T10:20:48.2864468Z Get:20 http://azure.archive.ubuntu.com/ubuntu noble-backports/universe amd64 Components [12.6 kB]
palace	UNKNOWN STEP	2026-10-05T10:20:48.3018960Z Get:21 http://azure.archive.ubuntu.com/ubuntu noble-security/main amd64 Packages [1069 kB]
palace	UNKNOWN STEP	2026-10-05T10:20:48.3077845Z Get:22 http://azure.archive.ubuntu.com/ubuntu noble-security/main Translation-en [221 kB]
palace	UNKNOWN STEP	2026-10-05T10:20:48.3093553Z Get:23 http://azure.archive.ubuntu.com/ubuntu noble-security/main amd64 Components [46.4 kB]
palace	UNKNOWN STEP	2026-10-05T10:20:48.3102381Z Get:24 http://azure.archive.ubuntu.com/ubuntu noble-security/universe amd64 Packages [1216 kB]
palace	UNKNOWN STEP	2026-10-05T10:20:48.3165370Z Get:25 http://azure.archive.ubuntu.com/ubuntu noble-security/universe Translation-en [244 kB]
palace	UNKNOWN STEP	2026-10-05T10:20:48.3181974Z Get:26 http://azure.archive.ubuntu.com/ubuntu noble-security/universe amd64 Components [76.4 kB]
palace	UNKNOWN STEP	2026-10-05T10:20:48.3191968Z Get:27 http://azure.archive.ubuntu.com/ubuntu noble-security/restricted amd64 Packages [1566 kB]
palace	UNKNOWN STEP	2026-10-05T10:20:48.3269893Z Get:28 http://azure.archive.ubuntu.com/ubuntu noble-security/restricted Translation-en [361 kB]
palace	UNKNOWN STEP	2026-10-05T10:20:53.5960132Z Fetched 12.6 MB in 1s (8736 kB/s)
palace	UNKNOWN STEP	2026-10-05T10:20:54.5740119Z Reading package lists...
palace	UNKNOWN STEP	2026-10-05T10:20:54.6063824Z Reading package lists...
palace	UNKNOWN STEP	2026-10-05T10:20:54.8452436Z Building dependency tree...
palace	UNKNOWN STEP	2026-10-05T10:20:54.8459871Z Reading state information...
palace	UNKNOWN STEP	2026-10-05T10:20:55.0850401Z gfortran is already the newest version (4:13.2.0-7ubuntu1).
palace	UNKNOWN STEP	2026-10-05T10:20:55.0851617Z git is already the newest version (1:2.55.0-0ppa1~ubuntu24.04.2).
palace	UNKNOWN STEP	2026-10-05T10:20:55.0852543Z git set to manually installed.
palace	UNKNOWN STEP	2026-10-05T10:20:55.0853238Z libxrender1 is already the newest version (1:0.9.10-1.1build1).
palace	UNKNOWN STEP	2026-10-05T10:20:55.0854000Z libxrender1 set to manually installed.
palace	UNKNOWN STEP	2026-10-05T10:20:55.0854708Z libxcursor1 is already the newest version (1:1.2.1-1build1).
palace	UNKNOWN STEP	2026-10-05T10:20:55.0856020Z libxcursor1 set to manually installed.
palace	UNKNOWN STEP	2026-10-05T10:20:55.0856562Z libxft2 is already the newest version (2.3.6-1build1).
palace	UNKNOWN STEP	2026-10-05T10:20:55.0856966Z libxft2 set to manually installed.
palace	UNKNOWN STEP	2026-10-05T10:20:55.0857378Z libxinerama1 is already the newest version (2:1.1.4-3build1).
palace	UNKNOWN STEP	2026-10-05T10:20:55.0857828Z libxinerama1 set to manually installed.
palace	UNKNOWN STEP	2026-10-05T10:20:55.0858244Z The following additional packages will be installed:
palace	UNKNOWN STEP	2026-10-05T10:20:55.0858961Z   libamd-comgr2 libamdhip64-5 libevent-2.1-7t64 libevent-core-2.1-7t64
palace	UNKNOWN STEP	2026-10-05T10:20:55.0859979Z   libevent-dev libevent-extra-2.1-7t64 libevent-openssl-2.1-7t64
palace	UNKNOWN STEP	2026-10-05T10:20:55.0860836Z   libevent-pthreads-2.1-7t64 libfabric1 libhsa-runtime64-1 libhsakmt1
palace	UNKNOWN STEP	2026-10-05T10:20:55.0861866Z   libhwloc-dev libhwloc-plugins libhwloc15 libibverbs-dev libjs-jquery-ui
palace	UNKNOWN STEP	2026-10-05T10:20:55.0862744Z   libltdl-dev libmunge2 libnl-3-dev libnl-route-3-dev libnuma-dev libopengl0
palace	UNKNOWN STEP	2026-10-05T10:20:55.0863538Z   libopenmpi3t64 libpmix-dev libpmix2t64 libpsm-infinipath1 libpsm2-2
palace	UNKNOWN STEP	2026-10-05T10:20:55.0864011Z   librdmacm1t64 libucx0 libxnvctrl0 ocl-icd-libopencl1 openmpi-common
palace	UNKNOWN STEP	2026-10-05T10:20:55.0869450Z Suggested packages:
palace	UNKNOWN STEP	2026-10-05T10:20:55.0870086Z   libhwloc-contrib-plugins libjs-jquery-ui-docs libtool-doc openmpi-doc
palace	UNKNOWN STEP	2026-10-05T10:20:55.0870712Z   opencl-icd
palace	UNKNOWN STEP	2026-10-05T10:20:55.0870927Z Recommended packages:
palace	UNKNOWN STEP	2026-10-05T10:20:55.0871165Z   libcoarrays-openmpi-dev
palace	UNKNOWN STEP	2026-10-05T10:20:55.1290817Z The following NEW packages will be installed:
palace	UNKNOWN STEP	2026-10-05T10:20:55.1293680Z   build-essential libamd-comgr2 libamdhip64-5 libevent-2.1-7t64 libevent-dev
palace	UNKNOWN STEP	2026-10-05T10:20:55.1294716Z   libevent-extra-2.1-7t64 libevent-openssl-2.1-7t64 libfabric1 libglu1-mesa
palace	UNKNOWN STEP	2026-10-05T10:20:55.1295734Z   libhsa-runtime64-1 libhsakmt1 libhwloc-dev libhwloc-plugins libhwloc15
palace	UNKNOWN STEP	2026-10-05T10:20:55.1296728Z   libibverbs-dev libjs-jquery-ui libltdl-dev libmunge2 libnl-3-dev
palace	UNKNOWN STEP	2026-10-05T10:20:55.1297701Z   libnl-route-3-dev libnuma-dev libopengl0 libopenmpi-dev libopenmpi3t64
palace	UNKNOWN STEP	2026-10-05T10:20:55.1299215Z   libpmix-dev libpmix2t64 libpsm-infinipath1 libpsm2-2 librdmacm1t64 libucx0
palace	UNKNOWN STEP	2026-10-05T10:20:55.1305061Z   libxnvctrl0 ocl-icd-libopencl1 openmpi-bin openmpi-common
palace	UNKNOWN STEP	2026-10-05T10:20:55.1311997Z The following packages will be upgraded:
palace	UNKNOWN STEP	2026-10-05T10:20:55.1319345Z   libevent-core-2.1-7t64 libevent-pthreads-2.1-7t64
palace	UNKNOWN STEP	2026-10-05T10:20:55.1523000Z 2 upgraded, 34 newly installed, 0 to remove and 23 not upgraded.
palace	UNKNOWN STEP	2026-10-05T10:20:55.1523757Z Need to get 38.0 MB of archives.
palace	UNKNOWN STEP	2026-10-05T10:20:55.1524402Z After this operation, 142 MB of additional disk space will be used.
palace	UNKNOWN STEP	2026-10-05T10:20:55.1525242Z Get:1 file:/etc/apt/apt-mirrors.txt Mirrorlist [144 B]
palace	UNKNOWN STEP	2026-10-05T10:20:55.2419482Z Get:2 http://azure.archive.ubuntu.com/ubuntu noble/main amd64 build-essential amd64 12.10ubuntu1 [4928 B]
palace	UNKNOWN STEP	2026-10-05T10:20:55.3126168Z Get:3 http://azure.archive.ubuntu.com/ubuntu noble/universe amd64 libamd-comgr2 amd64 6.0+git20231212.4510c28+dfsg-3build2 [14.4 MB]
palace	UNKNOWN STEP	2026-10-05T10:20:55.6997320Z Get:4 http://azure.archive.ubuntu.com/ubuntu noble/universe amd64 libhsakmt1 amd64 5.7.0-1build1 [62.9 kB]
palace	UNKNOWN STEP	2026-10-05T10:20:55.7703896Z Get:5 http://azure.archive.ubuntu.com/ubuntu noble/universe amd64 libhsa-runtime64-1 amd64 5.7.1-2build1 [491 kB]
palace	UNKNOWN STEP	2026-10-05T10:20:55.8500972Z Get:6 http://azure.archive.ubuntu.com/ubuntu noble/universe amd64 libamdhip64-5 amd64 5.7.1-3 [9621 kB]
palace	UNKNOWN STEP	2026-10-05T10:20:56.1340834Z Get:7 http://azure.archive.ubuntu.com/ubuntu noble-updates/main amd64 libevent-2.1-7t64 amd64 2.1.12-stable-9ubuntu2.2 [146 kB]
palace	UNKNOWN STEP	2026-10-05T10:20:56.2063017Z Get:8 http://azure.archive.ubuntu.com/ubuntu noble-updates/main amd64 libevent-pthreads-2.1-7t64 amd64 2.1.12-stable-9ubuntu2.2 [7988 B]
palace	UNKNOWN STEP	2026-10-05T10:20:56.2765532Z Get:9 http://azure.archive.ubuntu.com/ubuntu noble-updates/main amd64 libevent-core-2.1-7t64 amd64 2.1.12-stable-9ubuntu2.2 [91.9 kB]
palace	UNKNOWN STEP	2026-10-05T10:20:56.3477524Z Get:10 http://azure.archive.ubuntu.com/ubuntu noble-updates/main amd64 libevent-extra-2.1-7t64 amd64 2.1.12-stable-9ubuntu2.2 [64.6 kB]
palace	UNKNOWN STEP	2026-10-05T10:20:56.4186844Z Get:11 http://azure.archive.ubuntu.com/ubuntu noble-updates/main amd64 libevent-openssl-2.1-7t64 amd64 2.1.12-stable-9ubuntu2.2 [15.8 kB]
palace	UNKNOWN STEP	2026-10-05T10:20:56.4900871Z Get:12 http://azure.archive.ubuntu.com/ubuntu noble-updates/main amd64 libevent-dev amd64 2.1.12-stable-9ubuntu2.2 [274 kB]
palace	UNKNOWN STEP	2026-10-05T10:20:56.5650391Z Get:13 http://azure.archive.ubuntu.com/ubuntu noble/universe amd64 libpsm-infinipath1 amd64 3.3+20.604758e7-6.3build1 [178 kB]
palace	UNKNOWN STEP	2026-10-05T10:20:56.6379671Z Get:14 http://azure.archive.ubuntu.com/ubuntu noble/universe amd64 libpsm2-2 amd64 11.2.185-2build1 [194 kB]
palace	UNKNOWN STEP	2026-10-05T10:20:56.7116087Z Get:15 http://azure.archive.ubuntu.com/ubuntu noble-updates/main amd64 librdmacm1t64 amd64 50.0-2ubuntu0.2 [70.7 kB]
palace	UNKNOWN STEP	2026-10-05T10:20:56.7842632Z Get:16 http://azure.archive.ubuntu.com/ubuntu noble/universe amd64 libfabric1 amd64 1.17.0-3build2 [657 kB]
palace	UNKNOWN STEP	2026-10-05T10:20:56.8673151Z Get:17 http://azure.archive.ubuntu.com/ubuntu noble/universe amd64 libhwloc15 amd64 2.10.0-1build1 [172 kB]
palace	UNKNOWN STEP	2026-10-05T10:20:56.9394764Z Get:18 http://azure.archive.ubuntu.com/ubuntu noble/universe amd64 libjs-jquery-ui all 1.13.2+dfsg-1 [252 kB]
palace	UNKNOWN STEP	2026-10-05T10:20:57.0142508Z Get:19 http://azure.archive.ubuntu.com/ubuntu noble/main amd64 libltdl-dev amd64 2.4.7-7build1 [168 kB]
palace	UNKNOWN STEP	2026-10-05T10:20:57.0869196Z Get:20 http://azure.archive.ubuntu.com/ubuntu noble-updates/main amd64 libnl-3-dev amd64 3.7.0-0.3build1.1 [99.5 kB]
palace	UNKNOWN STEP	2026-10-05T10:20:57.1625505Z Get:21 http://azure.archive.ubuntu.com/ubuntu noble-updates/main amd64 libnl-route-3-dev amd64 3.7.0-0.3build1.1 [216 kB]
palace	UNKNOWN STEP	2026-10-05T10:20:57.2356929Z Get:22 http://azure.archive.ubuntu.com/ubuntu noble-updates/universe amd64 libmunge2 amd64 0.5.15-4ubuntu0.1 [14.8 kB]
palace	UNKNOWN STEP	2026-10-05T10:20:57.3078581Z Get:23 http://azure.archive.ubuntu.com/ubuntu noble-updates/main amd64 libxnvctrl0 amd64 510.47.03-0ubuntu4.24.04.1 [12.7 kB]
palace	UNKNOWN STEP	2026-10-05T10:20:57.3800635Z Get:24 http://azure.archive.ubuntu.com/ubuntu noble/universe amd64 ocl-icd-libopencl1 amd64 2.3.2-1build1 [38.5 kB]
palace	UNKNOWN STEP	2026-10-05T10:20:57.4524344Z Get:25 http://azure.archive.ubuntu.com/ubuntu noble/universe amd64 libhwloc-plugins amd64 2.10.0-1build1 [15.7 kB]
palace	UNKNOWN STEP	2026-10-05T10:20:57.5246573Z Get:26 http://azure.archive.ubuntu.com/ubuntu noble/universe amd64 libpmix2t64 amd64 5.0.1-4.1build1 [697 kB]
palace	UNKNOWN STEP	2026-10-05T10:20:57.6013161Z Get:27 http://azure.archive.ubuntu.com/ubuntu noble/universe amd64 libucx0 amd64 1.16.0+ds-5ubuntu1 [1140 kB]
palace	UNKNOWN STEP	2026-10-05T10:20:57.6816497Z Get:28 http://azure.archive.ubuntu.com/ubuntu noble/universe amd64 libopenmpi3t64 amd64 4.1.6-7ubuntu2 [2563 kB]
palace	UNKNOWN STEP	2026-10-05T10:20:57.7732010Z Get:29 http://azure.archive.ubuntu.com/ubuntu noble-updates/main amd64 libnuma-dev amd64 2.0.18-1ubuntu0.24.04.1 [37.0 kB]
palace	UNKNOWN STEP	2026-10-05T10:20:57.8453430Z Get:30 http://azure.archive.ubuntu.com/ubuntu noble/universe amd64 libhwloc-dev amd64 2.10.0-1build1 [268 kB]
palace	UNKNOWN STEP	2026-10-05T10:20:57.9294217Z Get:31 http://azure.archive.ubuntu.com/ubuntu noble/universe amd64 libpmix-dev amd64 5.0.1-4.1build1 [4018 kB]
palace	UNKNOWN STEP	2026-10-05T10:20:58.0699959Z Get:32 http://azure.archive.ubuntu.com/ubuntu noble/universe amd64 openmpi-common all 4.1.6-7ubuntu2 [170 kB]
palace	UNKNOWN STEP	2026-10-05T10:20:58.1437287Z Get:33 http://azure.archive.ubuntu.com/ubuntu noble/universe amd64 openmpi-bin amd64 4.1.6-7ubuntu2 [114 kB]
palace	UNKNOWN STEP	2026-10-05T10:20:58.2172274Z Get:34 http://azure.archive.ubuntu.com/ubuntu noble/main amd64 libopengl0 amd64 1.7.0-1build1 [32.8 kB]
palace	UNKNOWN STEP	2026-10-05T10:20:58.2892853Z Get:35 http://azure.archive.ubuntu.com/ubuntu noble/main amd64 libglu1-mesa amd64 9.0.2-1.1build1 [152 kB]
palace	UNKNOWN STEP	2026-10-05T10:20:58.3740665Z Get:36 http://azure.archive.ubuntu.com/ubuntu noble-updates/main amd64 libibverbs-dev amd64 50.0-2ubuntu0.2 [686 kB]
palace	UNKNOWN STEP	2026-10-05T10:20:58.4596816Z Get:37 http://azure.archive.ubuntu.com/ubuntu noble/universe amd64 libopenmpi-dev amd64 4.1.6-7ubuntu2 [864 kB]
palace	UNKNOWN STEP	2026-10-05T10:20:58.8297336Z Fetched 38.0 MB in 3s (11.4 MB/s)
palace	UNKNOWN STEP	2026-10-05T10:20:58.8715379Z Selecting previously unselected package build-essential.
palace	UNKNOWN STEP	2026-10-05T10:20:58.9059649Z (Reading database ... 
palace	UNKNOWN STEP	2026-10-05T10:20:58.9060748Z (Reading database ... 5%
palace	UNKNOWN STEP	2026-10-05T10:20:58.9061382Z (Reading database ... 10%
palace	UNKNOWN STEP	2026-10-05T10:20:58.9062173Z (Reading database ... 15%
palace	UNKNOWN STEP	2026-10-05T10:20:58.9062459Z (Reading database ... 20%
palace	UNKNOWN STEP	2026-10-05T10:20:58.9062717Z (Reading database ... 25%
palace	UNKNOWN STEP	2026-10-05T10:20:58.9062964Z (Reading database ... 30%
palace	UNKNOWN STEP	2026-10-05T10:20:58.9063291Z (Reading database ... 35%
palace	UNKNOWN STEP	2026-10-05T10:20:58.9063702Z (Reading database ... 40%
palace	UNKNOWN STEP	2026-10-05T10:20:58.9064097Z (Reading database ... 45%
palace	UNKNOWN STEP	2026-10-05T10:20:58.9064422Z (Reading database ... 50%
palace	UNKNOWN STEP	2026-10-05T10:20:58.9503749Z (Reading database ... 55%
palace	UNKNOWN STEP	2026-10-05T10:20:59.4443266Z (Reading database ... 60%
palace	UNKNOWN STEP	2026-10-05T10:20:59.7028070Z (Reading database ... 65%
palace	UNKNOWN STEP	2026-10-05T10:20:59.9805030Z (Reading database ... 70%
palace	UNKNOWN STEP	2026-10-05T10:21:00.3273469Z (Reading database ... 75%
palace	UNKNOWN STEP	2026-10-05T10:21:00.6977573Z (Reading database ... 80%
palace	UNKNOWN STEP	2026-10-05T10:21:01.2870891Z (Reading database ... 85%
palace	UNKNOWN STEP	2026-10-05T10:21:01.9502870Z (Reading database ... 90%
palace	UNKNOWN STEP	2026-10-05T10:21:02.6525539Z (Reading database ... 95%
palace	UNKNOWN STEP	2026-10-05T10:21:02.6526246Z (Reading database ... 100%
palace	UNKNOWN STEP	2026-10-05T10:21:02.6527125Z (Reading database ... 202296 files and directories currently installed.)
palace	UNKNOWN STEP	2026-10-05T10:21:02.6572505Z Preparing to unpack .../00-build-essential_12.10ubuntu1_amd64.deb ...
palace	UNKNOWN STEP	2026-10-05T10:21:02.6602629Z Unpacking build-essential (12.10ubuntu1) ...
palace	UNKNOWN STEP	2026-10-05T10:21:02.6825481Z Selecting previously unselected package libamd-comgr2:amd64.
palace	UNKNOWN STEP	2026-10-05T10:21:02.6957581Z Preparing to unpack .../01-libamd-comgr2_6.0+git20231212.4510c28+dfsg-3build2_amd64.deb ...
palace	UNKNOWN STEP	2026-10-05T10:21:02.6984700Z Unpacking libamd-comgr2:amd64 (6.0+git20231212.4510c28+dfsg-3build2) ...
palace	UNKNOWN STEP	2026-10-05T10:21:02.9371100Z Selecting previously unselected package libhsakmt1:amd64.
palace	UNKNOWN STEP	2026-10-05T10:21:02.9501807Z Preparing to unpack .../02-libhsakmt1_5.7.0-1build1_amd64.deb ...
palace	UNKNOWN STEP	2026-10-05T10:21:02.9511024Z Unpacking libhsakmt1:amd64 (5.7.0-1build1) ...
palace	UNKNOWN STEP	2026-10-05T10:21:02.9736336Z Selecting previously unselected package libhsa-runtime64-1.
palace	UNKNOWN STEP	2026-10-05T10:21:02.9866547Z Preparing to unpack .../03-libhsa-runtime64-1_5.7.1-2build1_amd64.deb ...
palace	UNKNOWN STEP	2026-10-05T10:21:02.9876942Z Unpacking libhsa-runtime64-1 (5.7.1-2build1) ...
palace	UNKNOWN STEP	2026-10-05T10:21:03.0183744Z Selecting previously unselected package libamdhip64-5.
palace	UNKNOWN STEP	2026-10-05T10:21:03.0315430Z Preparing to unpack .../04-libamdhip64-5_5.7.1-3_amd64.deb ...
palace	UNKNOWN STEP	2026-10-05T10:21:03.0324879Z Unpacking libamdhip64-5 (5.7.1-3) ...
palace	UNKNOWN STEP	2026-10-05T10:21:03.1409837Z Selecting previously unselected package libevent-2.1-7t64:amd64.
palace	UNKNOWN STEP	2026-10-05T10:21:03.1539274Z Preparing to unpack .../05-libevent-2.1-7t64_2.1.12-stable-9ubuntu2.2_amd64.deb ...
palace	UNKNOWN STEP	2026-10-05T10:21:03.1573040Z Unpacking libevent-2.1-7t64:amd64 (2.1.12-stable-9ubuntu2.2) ...
palace	UNKNOWN STEP	2026-10-05T10:21:03.1946417Z Preparing to unpack .../06-libevent-pthreads-2.1-7t64_2.1.12-stable-9ubuntu2.2_amd64.deb ...
palace	UNKNOWN STEP	2026-10-05T10:21:03.2028839Z Unpacking libevent-pthreads-2.1-7t64:amd64 (2.1.12-stable-9ubuntu2.2) over (2.1.12-stable-9ubuntu2.1) ...
palace	UNKNOWN STEP	2026-10-05T10:21:03.2410034Z Preparing to unpack .../07-libevent-core-2.1-7t64_2.1.12-stable-9ubuntu2.2_amd64.deb ...
palace	UNKNOWN STEP	2026-10-05T10:21:03.2489272Z Unpacking libevent-core-2.1-7t64:amd64 (2.1.12-stable-9ubuntu2.2) over (2.1.12-stable-9ubuntu2.1) ...
palace	UNKNOWN STEP	2026-10-05T10:21:03.2738905Z Selecting previously unselected package libevent-extra-2.1-7t64:amd64.
palace	UNKNOWN STEP	2026-10-05T10:21:03.2870362Z Preparing to unpack .../08-libevent-extra-2.1-7t64_2.1.12-stable-9ubuntu2.2_amd64.deb ...
palace	UNKNOWN STEP	2026-10-05T10:21:03.2880298Z Unpacking libevent-extra-2.1-7t64:amd64 (2.1.12-stable-9ubuntu2.2) ...
palace	UNKNOWN STEP	2026-10-05T10:21:03.3103237Z Selecting previously unselected package libevent-openssl-2.1-7t64:amd64.
palace	UNKNOWN STEP	2026-10-05T10:21:03.3231042Z Preparing to unpack .../09-libevent-openssl-2.1-7t64_2.1.12-stable-9ubuntu2.2_amd64.deb ...
palace	UNKNOWN STEP	2026-10-05T10:21:03.3239987Z Unpacking libevent-openssl-2.1-7t64:amd64 (2.1.12-stable-9ubuntu2.2) ...
palace	UNKNOWN STEP	2026-10-05T10:21:03.3448526Z Selecting previously unselected package libevent-dev.
palace	UNKNOWN STEP	2026-10-05T10:21:03.3583810Z Preparing to unpack .../10-libevent-dev_2.1.12-stable-9ubuntu2.2_amd64.deb ...
palace	UNKNOWN STEP	2026-10-05T10:21:03.3596927Z Unpacking libevent-dev (2.1.12-stable-9ubuntu2.2) ...
palace	UNKNOWN STEP	2026-10-05T10:21:03.3970069Z Selecting previously unselected package libpsm-infinipath1.
palace	UNKNOWN STEP	2026-10-05T10:21:03.4099698Z Preparing to unpack .../11-libpsm-infinipath1_3.3+20.604758e7-6.3build1_amd64.deb ...
palace	UNKNOWN STEP	2026-10-05T10:21:03.4109287Z Unpacking libpsm-infinipath1 (3.3+20.604758e7-6.3build1) ...
palace	UNKNOWN STEP	2026-10-05T10:21:03.4355588Z Selecting previously unselected package libpsm2-2.
palace	UNKNOWN STEP	2026-10-05T10:21:03.4486372Z Preparing to unpack .../12-libpsm2-2_11.2.185-2build1_amd64.deb ...
palace	UNKNOWN STEP	2026-10-05T10:21:03.4495238Z Unpacking libpsm2-2 (11.2.185-2build1) ...
palace	UNKNOWN STEP	2026-10-05T10:21:03.4741577Z Selecting previously unselected package librdmacm1t64:amd64.
palace	UNKNOWN STEP	2026-10-05T10:21:03.4878846Z Preparing to unpack .../13-librdmacm1t64_50.0-2ubuntu0.2_amd64.deb ...
palace	UNKNOWN STEP	2026-10-05T10:21:03.4889446Z Unpacking librdmacm1t64:amd64 (50.0-2ubuntu0.2) ...
palace	UNKNOWN STEP	2026-10-05T10:21:03.5123502Z Selecting previously unselected package libfabric1:amd64.
palace	UNKNOWN STEP	2026-10-05T10:21:03.5254633Z Preparing to unpack .../14-libfabric1_1.17.0-3build2_amd64.deb ...
palace	UNKNOWN STEP	2026-10-05T10:21:03.5264507Z Unpacking libfabric1:amd64 (1.17.0-3build2) ...
palace	UNKNOWN STEP	2026-10-05T10:21:03.5540424Z Selecting previously unselected package libhwloc15:amd64.
palace	UNKNOWN STEP	2026-10-05T10:21:03.5670555Z Preparing to unpack .../15-libhwloc15_2.10.0-1build1_amd64.deb ...
palace	UNKNOWN STEP	2026-10-05T10:21:03.5678542Z Unpacking libhwloc15:amd64 (2.10.0-1build1) ...
palace	UNKNOWN STEP	2026-10-05T10:21:03.5897136Z Selecting previously unselected package libjs-jquery-ui.
palace	UNKNOWN STEP	2026-10-05T10:21:03.6028388Z Preparing to unpack .../16-libjs-jquery-ui_1.13.2+dfsg-1_all.deb ...
palace	UNKNOWN STEP	2026-10-05T10:21:03.6035846Z Unpacking libjs-jquery-ui (1.13.2+dfsg-1) ...
palace	UNKNOWN STEP	2026-10-05T10:21:03.6924262Z Selecting previously unselected package libltdl-dev:amd64.
palace	UNKNOWN STEP	2026-10-05T10:21:03.7057845Z Preparing to unpack .../17-libltdl-dev_2.4.7-7build1_amd64.deb ...
palace	UNKNOWN STEP	2026-10-05T10:21:03.7066217Z Unpacking libltdl-dev:amd64 (2.4.7-7build1) ...
palace	UNKNOWN STEP	2026-10-05T10:21:03.7387651Z Selecting previously unselected package libnl-3-dev:amd64.
palace	UNKNOWN STEP	2026-10-05T10:21:03.7520107Z Preparing to unpack .../18-libnl-3-dev_3.7.0-0.3build1.1_amd64.deb ...
palace	UNKNOWN STEP	2026-10-05T10:21:03.7528826Z Unpacking libnl-3-dev:amd64 (3.7.0-0.3build1.1) ...
palace	UNKNOWN STEP	2026-10-05T10:21:03.7939252Z Selecting previously unselected package libnl-route-3-dev:amd64.
palace	UNKNOWN STEP	2026-10-05T10:21:03.8074287Z Preparing to unpack .../19-libnl-route-3-dev_3.7.0-0.3build1.1_amd64.deb ...
palace	UNKNOWN STEP	2026-10-05T10:21:03.8081629Z Unpacking libnl-route-3-dev:amd64 (3.7.0-0.3build1.1) ...
palace	UNKNOWN STEP	2026-10-05T10:21:03.8333676Z Selecting previously unselected package libmunge2:amd64.
palace	UNKNOWN STEP	2026-10-05T10:21:03.8467876Z Preparing to unpack .../20-libmunge2_0.5.15-4ubuntu0.1_amd64.deb ...
palace	UNKNOWN STEP	2026-10-05T10:21:03.8475944Z Unpacking libmunge2:amd64 (0.5.15-4ubuntu0.1) ...
palace	UNKNOWN STEP	2026-10-05T10:21:03.8695875Z Selecting previously unselected package libxnvctrl0:amd64.
palace	UNKNOWN STEP	2026-10-05T10:21:03.8827414Z Preparing to unpack .../21-libxnvctrl0_510.47.03-0ubuntu4.24.04.1_amd64.deb ...
palace	UNKNOWN STEP	2026-10-05T10:21:03.8835101Z Unpacking libxnvctrl0:amd64 (510.47.03-0ubuntu4.24.04.1) ...
palace	UNKNOWN STEP	2026-10-05T10:21:03.9060894Z Selecting previously unselected package ocl-icd-libopencl1:amd64.
palace	UNKNOWN STEP	2026-10-05T10:21:03.9192980Z Preparing to unpack .../22-ocl-icd-libopencl1_2.3.2-1build1_amd64.deb ...
palace	UNKNOWN STEP	2026-10-05T10:21:03.9200523Z Unpacking ocl-icd-libopencl1:amd64 (2.3.2-1build1) ...
palace	UNKNOWN STEP	2026-10-05T10:21:03.9477989Z Selecting previously unselected package libhwloc-plugins:amd64.
palace	UNKNOWN STEP	2026-10-05T10:21:03.9611148Z Preparing to unpack .../23-libhwloc-plugins_2.10.0-1build1_amd64.deb ...
palace	UNKNOWN STEP	2026-10-05T10:21:03.9617768Z Unpacking libhwloc-plugins:amd64 (2.10.0-1build1) ...
palace	UNKNOWN STEP	2026-10-05T10:21:03.9832978Z Selecting previously unselected package libpmix2t64:amd64.
palace	UNKNOWN STEP	2026-10-05T10:21:03.9966906Z Preparing to unpack .../24-libpmix2t64_5.0.1-4.1build1_amd64.deb ...
palace	UNKNOWN STEP	2026-10-05T10:21:03.9975866Z Unpacking libpmix2t64:amd64 (5.0.1-4.1build1) ...
palace	UNKNOWN STEP	2026-10-05T10:21:04.0309167Z Selecting previously unselected package libucx0:amd64.
palace	UNKNOWN STEP	2026-10-05T10:21:04.0438612Z Preparing to unpack .../25-libucx0_1.16.0+ds-5ubuntu1_amd64.deb ...
palace	UNKNOWN STEP	2026-10-05T10:21:04.0446625Z Unpacking libucx0:amd64 (1.16.0+ds-5ubuntu1) ...
palace	UNKNOWN STEP	2026-10-05T10:21:04.0800065Z Selecting previously unselected package libopenmpi3t64:amd64.
palace	UNKNOWN STEP	2026-10-05T10:21:04.0936581Z Preparing to unpack .../26-libopenmpi3t64_4.1.6-7ubuntu2_amd64.deb ...
palace	UNKNOWN STEP	2026-10-05T10:21:04.0943804Z Unpacking libopenmpi3t64:amd64 (4.1.6-7ubuntu2) ...
palace	UNKNOWN STEP	2026-10-05T10:21:04.1781064Z Selecting previously unselected package libnuma-dev:amd64.
palace	UNKNOWN STEP	2026-10-05T10:21:04.1921905Z Preparing to unpack .../27-libnuma-dev_2.0.18-1ubuntu0.24.04.1_amd64.deb ...
palace	UNKNOWN STEP	2026-10-05T10:21:04.1929386Z Unpacking libnuma-dev:amd64 (2.0.18-1ubuntu0.24.04.1) ...
palace	UNKNOWN STEP	2026-10-05T10:21:04.2272907Z Selecting previously unselected package libhwloc-dev:amd64.
palace	UNKNOWN STEP	2026-10-05T10:21:04.2486159Z Preparing to unpack .../28-libhwloc-dev_2.10.0-1build1_amd64.deb ...
palace	UNKNOWN STEP	2026-10-05T10:21:04.2494550Z Unpacking libhwloc-dev:amd64 (2.10.0-1build1) ...
palace	UNKNOWN STEP	2026-10-05T10:21:04.2802195Z Selecting previously unselected package libpmix-dev:amd64.
palace	UNKNOWN STEP	2026-10-05T10:21:04.2939929Z Preparing to unpack .../29-libpmix-dev_5.0.1-4.1build1_amd64.deb ...
palace	UNKNOWN STEP	2026-10-05T10:21:04.2947952Z Unpacking libpmix-dev:amd64 (5.0.1-4.1build1) ...
palace	UNKNOWN STEP	2026-10-05T10:21:04.4121121Z Selecting previously unselected package openmpi-common.
palace	UNKNOWN STEP	2026-10-05T10:21:04.4255094Z Preparing to unpack .../30-openmpi-common_4.1.6-7ubuntu2_all.deb ...
palace	UNKNOWN STEP	2026-10-05T10:21:04.4264051Z Unpacking openmpi-common (4.1.6-7ubuntu2) ...
palace	UNKNOWN STEP	2026-10-05T10:21:04.4651099Z Selecting previously unselected package openmpi-bin.
palace	UNKNOWN STEP	2026-10-05T10:21:04.4785102Z Preparing to unpack .../31-openmpi-bin_4.1.6-7ubuntu2_amd64.deb ...
palace	UNKNOWN STEP	2026-10-05T10:21:04.4794113Z Unpacking openmpi-bin (4.1.6-7ubuntu2) ...
palace	UNKNOWN STEP	2026-10-05T10:21:04.5297848Z Selecting previously unselected package libopengl0:amd64.
palace	UNKNOWN STEP	2026-10-05T10:21:04.5429831Z Preparing to unpack .../32-libopengl0_1.7.0-1build1_amd64.deb ...
palace	UNKNOWN STEP	2026-10-05T10:21:04.5437214Z Unpacking libopengl0:amd64 (1.7.0-1build1) ...
palace	UNKNOWN STEP	2026-10-05T10:21:04.5660242Z Selecting previously unselected package libglu1-mesa:amd64.
palace	UNKNOWN STEP	2026-10-05T10:21:04.5796249Z Preparing to unpack .../33-libglu1-mesa_9.0.2-1.1build1_amd64.deb ...
palace	UNKNOWN STEP	2026-10-05T10:21:04.5805993Z Unpacking libglu1-mesa:amd64 (9.0.2-1.1build1) ...
palace	UNKNOWN STEP	2026-10-05T10:21:04.6035060Z Selecting previously unselected package libibverbs-dev:amd64.
palace	UNKNOWN STEP	2026-10-05T10:21:04.6166857Z Preparing to unpack .../34-libibverbs-dev_50.0-2ubuntu0.2_amd64.deb ...
palace	UNKNOWN STEP	2026-10-05T10:21:04.6174538Z Unpacking libibverbs-dev:amd64 (50.0-2ubuntu0.2) ...
palace	UNKNOWN STEP	2026-10-05T10:21:04.6832131Z Selecting previously unselected package libopenmpi-dev:amd64.
palace	UNKNOWN STEP	2026-10-05T10:21:04.6963409Z Preparing to unpack .../35-libopenmpi-dev_4.1.6-7ubuntu2_amd64.deb ...
palace	UNKNOWN STEP	2026-10-05T10:21:04.7185124Z Unpacking libopenmpi-dev:amd64 (4.1.6-7ubuntu2) ...
palace	UNKNOWN STEP	2026-10-05T10:21:04.9649036Z Setting up libevent-2.1-7t64:amd64 (2.1.12-stable-9ubuntu2.2) ...
palace	UNKNOWN STEP	2026-10-05T10:21:04.9677254Z Setting up libopengl0:amd64 (1.7.0-1build1) ...
palace	UNKNOWN STEP	2026-10-05T10:21:04.9698038Z Setting up libnuma-dev:amd64 (2.0.18-1ubuntu0.24.04.1) ...
palace	UNKNOWN STEP	2026-10-05T10:21:04.9715544Z Setting up libxnvctrl0:amd64 (510.47.03-0ubuntu4.24.04.1) ...
palace	UNKNOWN STEP	2026-10-05T10:21:04.9733843Z Setting up libltdl-dev:amd64 (2.4.7-7build1) ...
palace	UNKNOWN STEP	2026-10-05T10:21:04.9753519Z Setting up libjs-jquery-ui (1.13.2+dfsg-1) ...
palace	UNKNOWN STEP	2026-10-05T10:21:04.9772081Z Setting up libmunge2:amd64 (0.5.15-4ubuntu0.1) ...
palace	UNKNOWN STEP	2026-10-05T10:21:04.9792866Z Setting up libhwloc15:amd64 (2.10.0-1build1) ...
palace	UNKNOWN STEP	2026-10-05T10:21:04.9813040Z Setting up libnl-3-dev:amd64 (3.7.0-0.3build1.1) ...
palace	UNKNOWN STEP	2026-10-05T10:21:04.9832060Z Setting up ocl-icd-libopencl1:amd64 (2.3.2-1build1) ...
palace	UNKNOWN STEP	2026-10-05T10:21:04.9853037Z Setting up libpsm2-2 (11.2.185-2build1) ...
palace	UNKNOWN STEP	2026-10-05T10:21:04.9873385Z Setting up openmpi-common (4.1.6-7ubuntu2) ...
palace	UNKNOWN STEP	2026-10-05T10:21:04.9893087Z Setting up build-essential (12.10ubuntu1) ...
palace	UNKNOWN STEP	2026-10-05T10:21:04.9911951Z Setting up librdmacm1t64:amd64 (50.0-2ubuntu0.2) ...
palace	UNKNOWN STEP	2026-10-05T10:21:04.9929512Z Setting up libhwloc-dev:amd64 (2.10.0-1build1) ...
palace	UNKNOWN STEP	2026-10-05T10:21:04.9948051Z Setting up libevent-core-2.1-7t64:amd64 (2.1.12-stable-9ubuntu2.2) ...
palace	UNKNOWN STEP	2026-10-05T10:21:04.9966263Z Setting up libglu1-mesa:amd64 (9.0.2-1.1build1) ...
palace	UNKNOWN STEP	2026-10-05T10:21:04.9984112Z Setting up libamd-comgr2:amd64 (6.0+git20231212.4510c28+dfsg-3build2) ...
palace	UNKNOWN STEP	2026-10-05T10:21:05.0008985Z Setting up libpsm-infinipath1 (3.3+20.604758e7-6.3build1) ...
palace	UNKNOWN STEP	2026-10-05T10:21:05.0075416Z update-alternatives: using /usr/lib/libpsm1/libpsm_infinipath.so.1.16 to provide /usr/lib/x86_64-linux-gnu/libpsm_infinipath.so.1 (libpsm_infinipath.so.1) in auto mode
palace	UNKNOWN STEP	2026-10-05T10:21:05.0092519Z Setting up libhsakmt1:amd64 (5.7.0-1build1) ...
palace	UNKNOWN STEP	2026-10-05T10:21:05.0109367Z Setting up libfabric1:amd64 (1.17.0-3build2) ...
palace	UNKNOWN STEP	2026-10-05T10:21:05.0127031Z Setting up libevent-pthreads-2.1-7t64:amd64 (2.1.12-stable-9ubuntu2.2) ...
palace	UNKNOWN STEP	2026-10-05T10:21:05.0145494Z Setting up libevent-openssl-2.1-7t64:amd64 (2.1.12-stable-9ubuntu2.2) ...
palace	UNKNOWN STEP	2026-10-05T10:21:05.0197427Z Setting up libhwloc-plugins:amd64 (2.10.0-1build1) ...
palace	UNKNOWN STEP	2026-10-05T10:21:05.0215324Z Setting up libnl-route-3-dev:amd64 (3.7.0-0.3build1.1) ...
palace	UNKNOWN STEP	2026-10-05T10:21:05.0234968Z Setting up libpmix2t64:amd64 (5.0.1-4.1build1) ...
palace	UNKNOWN STEP	2026-10-05T10:21:05.0252897Z Setting up libevent-extra-2.1-7t64:amd64 (2.1.12-stable-9ubuntu2.2) ...
palace	UNKNOWN STEP	2026-10-05T10:21:05.0272723Z Setting up libhsa-runtime64-1 (5.7.1-2build1) ...
palace	UNKNOWN STEP	2026-10-05T10:21:05.0291126Z Setting up libibverbs-dev:amd64 (50.0-2ubuntu0.2) ...
palace	UNKNOWN STEP	2026-10-05T10:21:05.0308863Z Setting up libamdhip64-5 (5.7.1-3) ...
palace	UNKNOWN STEP	2026-10-05T10:21:05.0330192Z Setting up libevent-dev (2.1.12-stable-9ubuntu2.2) ...
palace	UNKNOWN STEP	2026-10-05T10:21:05.0348174Z Setting up libpmix-dev:amd64 (5.0.1-4.1build1) ...
palace	UNKNOWN STEP	2026-10-05T10:21:05.0367972Z Setting up libucx0:amd64 (1.16.0+ds-5ubuntu1) ...
palace	UNKNOWN STEP	2026-10-05T10:21:05.0386696Z Setting up libopenmpi3t64:amd64 (4.1.6-7ubuntu2) ...
palace	UNKNOWN STEP	2026-10-05T10:21:05.0404980Z Setting up openmpi-bin (4.1.6-7ubuntu2) ...
palace	UNKNOWN STEP	2026-10-05T10:21:05.0484364Z update-alternatives: using /usr/bin/mpirun.openmpi to provide /usr/bin/mpirun (mpirun) in auto mode
palace	UNKNOWN STEP	2026-10-05T10:21:05.0537870Z update-alternatives: using /usr/bin/mpicc.openmpi to provide /usr/bin/mpicc (mpi) in auto mode
palace	UNKNOWN STEP	2026-10-05T10:21:05.0573359Z Setting up libopenmpi-dev:amd64 (4.1.6-7ubuntu2) ...
palace	UNKNOWN STEP	2026-10-05T10:21:05.0635674Z update-alternatives: using /usr/lib/x86_64-linux-gnu/openmpi/include to provide /usr/include/x86_64-linux-gnu/mpi (mpi-x86_64-linux-gnu) in auto mode
palace	UNKNOWN STEP	2026-10-05T10:21:05.0667767Z Processing triggers for man-db (2.12.0-4build2) ...
palace	UNKNOWN STEP	2026-10-05T10:21:05.0690574Z Not building database; man-db/auto-update is not 'true'.
palace	UNKNOWN STEP	2026-10-05T10:21:05.0705295Z Processing triggers for libc-bin (2.39-0ubuntu8.9) ...
palace	UNKNOWN STEP	2026-10-05T10:21:06.3598812Z 
palace	UNKNOWN STEP	2026-10-05T10:21:06.3599571Z Running kernel seems to be up-to-date.
palace	UNKNOWN STEP	2026-10-05T10:21:06.3600108Z 
palace	UNKNOWN STEP	2026-10-05T10:21:06.3600366Z No services need to be restarted.
palace	UNKNOWN STEP	2026-10-05T10:21:06.3600672Z 
palace	UNKNOWN STEP	2026-10-05T10:21:06.3600834Z No containers need to be restarted.
palace	UNKNOWN STEP	2026-10-05T10:21:06.3601126Z 
palace	UNKNOWN STEP	2026-10-05T10:21:06.3601337Z No user sessions are running outdated binaries.
palace	UNKNOWN STEP	2026-10-05T10:21:06.3601929Z 
palace	UNKNOWN STEP	2026-10-05T10:21:06.3602254Z No VM guests are running outdated hypervisor (qemu) binaries on this host.
palace	UNKNOWN STEP	2026-10-05T10:21:07.7204665Z ##[group]Run uv sync --all-extras
palace	UNKNOWN STEP	2026-10-05T10:21:07.7205004Z ^[[36;1muv sync --all-extras^[[0m
palace	UNKNOWN STEP	2026-10-05T10:21:07.7271635Z shell: /usr/bin/bash -e {0}
palace	UNKNOWN STEP	2026-10-05T10:21:07.7271927Z env:
palace	UNKNOWN STEP	2026-10-05T10:21:07.7272186Z   UV_CACHE_DIR: /home/runner/work/_temp/setup-uv-cache
palace	UNKNOWN STEP	2026-10-05T10:21:07.7272500Z ##[endgroup]
palace	UNKNOWN STEP	2026-10-05T10:21:07.7892632Z Using CPython 3.12.3 interpreter at: /usr/bin/python3
palace	UNKNOWN STEP	2026-10-05T10:21:07.7893248Z Creating virtual environment at: .venv
palace	UNKNOWN STEP	2026-10-05T10:21:07.7962237Z Resolved 230 packages in 1ms
palace	UNKNOWN STEP	2026-10-05T10:21:07.8249115Z    Building text-to-gds @ file:///home/runner/work/Text-to-Layout/Text-to-Layout
palace	UNKNOWN STEP	2026-10-05T10:21:07.8990972Z Downloading numpy (17.1MiB)
palace	UNKNOWN STEP	2026-10-05T10:21:07.8992098Z Downloading pygments (1.2MiB)
palace	UNKNOWN STEP	2026-10-05T10:21:07.8994774Z Downloading kiwisolver (1.4MiB)
palace	UNKNOWN STEP	2026-10-05T10:21:07.8996498Z Downloading networkx (2.0MiB)
palace	UNKNOWN STEP	2026-10-05T10:21:07.8997800Z Downloading widgetsnbextension (2.1MiB)
palace	UNKNOWN STEP	2026-10-05T10:21:07.8998996Z Downloading mkdocs (3.7MiB)
palace	UNKNOWN STEP	2026-10-05T10:21:07.9000548Z Downloading debugpy (3.8MiB)
palace	UNKNOWN STEP	2026-10-05T10:21:07.9001982Z Downloading fonttools (4.8MiB)
palace	UNKNOWN STEP	2026-10-05T10:21:07.9003468Z Downloading zstandard (5.3MiB)
palace	UNKNOWN STEP	2026-10-05T10:21:07.9004794Z Downloading matplotlib (8.4MiB)
palace	UNKNOWN STEP	2026-10-05T10:21:07.9006263Z Downloading sympy (6.0MiB)
palace	UNKNOWN STEP	2026-10-05T10:21:07.9007698Z Downloading scqubits (6.2MiB)
palace	UNKNOWN STEP	2026-10-05T10:21:07.9009106Z Downloading pillow (6.8MiB)
palace	UNKNOWN STEP	2026-10-05T10:21:07.9010528Z Downloading babel (9.7MiB)
palace	UNKNOWN STEP	2026-10-05T10:21:07.9012624Z Downloading pandas (10.4MiB)
palace	UNKNOWN STEP	2026-10-05T10:21:07.9014331Z Downloading ruff (10.9MiB)
palace	UNKNOWN STEP	2026-10-05T10:21:07.9224619Z Downloading scipy (33.6MiB)
palace	UNKNOWN STEP	2026-10-05T10:21:07.9225266Z Downloading ipytree (1.2MiB)
palace	UNKNOWN STEP	2026-10-05T10:21:07.9225766Z Downloading ast-serialize (1.2MiB)
palace	UNKNOWN STEP	2026-10-05T10:21:07.9226319Z Downloading dask (1.4MiB)
palace	UNKNOWN STEP	2026-10-05T10:21:07.9236431Z Downloading h5py (5.2MiB)
palace	UNKNOWN STEP	2026-10-05T10:21:07.9237187Z Downloading jedi (4.7MiB)
palace	UNKNOWN STEP	2026-10-05T10:21:07.9237614Z Downloading pyarrow (46.6MiB)
palace	UNKNOWN STEP	2026-10-05T10:21:07.9238075Z Downloading gmsh (38.2MiB)
palace	UNKNOWN STEP	2026-10-05T10:21:07.9238550Z Downloading pyproj (9.1MiB)
palace	UNKNOWN STEP	2026-10-05T10:21:07.9238986Z Downloading pyogrio (31.0MiB)
palace	UNKNOWN STEP	2026-10-05T10:21:07.9239446Z Downloading pydantic-core (2.0MiB)
palace	UNKNOWN STEP	2026-10-05T10:21:07.9241265Z Downloading klayout (26.0MiB)
palace	UNKNOWN STEP	2026-10-05T10:21:07.9247214Z Downloading qutip (27.2MiB)
palace	UNKNOWN STEP	2026-10-05T10:21:07.9255863Z Downloading shapely (3.0MiB)
palace	UNKNOWN STEP	2026-10-05T10:21:07.9258210Z Downloading rapidfuzz (3.0MiB)
palace	UNKNOWN STEP	2026-10-05T10:21:07.9261180Z Downloading cryptography (4.5MiB)
palace	UNKNOWN STEP	2026-10-05T10:21:07.9264105Z Downloading pyside2 (156.7MiB)
palace	UNKNOWN STEP	2026-10-05T10:21:07.9269940Z Downloading scikit-image (12.9MiB)
palace	UNKNOWN STEP	2026-10-05T10:21:07.9273139Z Downloading sqlalchemy (3.2MiB)
palace	UNKNOWN STEP	2026-10-05T10:21:07.9276287Z Downloading pygit2 (5.5MiB)
palace	UNKNOWN STEP	2026-10-05T10:21:07.9327803Z Downloading mypy (14.4MiB)
palace	UNKNOWN STEP	2026-10-05T10:21:07.9328985Z Downloading xarray (1.3MiB)
palace	UNKNOWN STEP	2026-10-05T10:21:07.9755200Z Downloading qiskit-metal (2.4MiB)
palace	UNKNOWN STEP	2026-10-05T10:21:08.0705686Z Downloading mkdocs-material (8.9MiB)
palace	UNKNOWN STEP	2026-10-05T10:21:08.2070985Z  Downloaded ast-serialize
palace	UNKNOWN STEP	2026-10-05T10:21:08.2163084Z  Downloaded ipytree
palace	UNKNOWN STEP	2026-10-05T10:21:08.2533990Z  Downloaded pygments
palace	UNKNOWN STEP	2026-10-05T10:21:08.2624018Z  Downloaded xarray
palace	UNKNOWN STEP	2026-10-05T10:21:08.3084168Z  Downloaded kiwisolver
palace	UNKNOWN STEP	2026-10-05T10:21:08.3234534Z  Downloaded dask
palace	UNKNOWN STEP	2026-10-05T10:21:08.4100843Z  Downloaded pydantic-core
palace	UNKNOWN STEP	2026-10-05T10:21:08.4570417Z  Downloaded networkx
palace	UNKNOWN STEP	2026-10-05T10:21:08.4837301Z  Downloaded widgetsnbextension
palace	UNKNOWN STEP	2026-10-05T10:21:08.6496767Z  Downloaded qiskit-metal
palace	UNKNOWN STEP	2026-10-05T10:21:08.7270982Z  Downloaded shapely
palace	UNKNOWN STEP	2026-10-05T10:21:08.7774497Z  Downloaded rapidfuzz
palace	UNKNOWN STEP	2026-10-05T10:21:08.8104019Z  Downloaded sqlalchemy
palace	UNKNOWN STEP	2026-10-05T10:21:08.9523286Z  Downloaded mkdocs
palace	UNKNOWN STEP	2026-10-05T10:21:08.9725650Z  Downloaded debugpy
palace	UNKNOWN STEP	2026-10-05T10:21:08.9963233Z    Building gdspy==1.6.13
palace	UNKNOWN STEP	2026-10-05T10:21:09.1112889Z  Downloaded cryptography
palace	UNKNOWN STEP	2026-10-05T10:21:09.1422457Z  Downloaded fonttools
palace	UNKNOWN STEP	2026-10-05T10:21:09.1930634Z  Downloaded zstandard
palace	UNKNOWN STEP	2026-10-05T10:21:09.1959465Z  Downloaded h5py
palace	UNKNOWN STEP	2026-10-05T10:21:09.2139632Z  Downloaded pygit2
palace	UNKNOWN STEP	2026-10-05T10:21:09.2952641Z  Downloaded scqubits
palace	UNKNOWN STEP	2026-10-05T10:21:09.3117997Z  Downloaded sympy
palace	UNKNOWN STEP	2026-10-05T10:21:09.3371579Z  Downloaded pillow
palace	UNKNOWN STEP	2026-10-05T10:21:09.3867976Z  Downloaded jedi
palace	UNKNOWN STEP	2026-10-05T10:21:09.4852671Z  Downloaded matplotlib
palace	UNKNOWN STEP	2026-10-05T10:21:09.5350748Z  Downloaded pyproj
palace	UNKNOWN STEP	2026-10-05T10:21:09.5555649Z  Downloaded babel
palace	UNKNOWN STEP	2026-10-05T10:21:09.6194118Z  Downloaded ruff
palace	UNKNOWN STEP	2026-10-05T10:21:09.7088859Z  Downloaded pandas
palace	UNKNOWN STEP	2026-10-05T10:21:09.7213080Z  Downloaded scikit-image
palace	UNKNOWN STEP	2026-10-05T10:21:09.9693311Z  Downloaded numpy
palace	UNKNOWN STEP	2026-10-05T10:21:10.1912665Z  Downloaded mypy
palace	UNKNOWN STEP	2026-10-05T10:21:10.3740214Z       Built text-to-gds @ file:///home/runner/work/Text-to-Layout/Text-to-Layout
palace	UNKNOWN STEP	2026-10-05T10:21:10.4912665Z  Downloaded qutip
palace	UNKNOWN STEP	2026-10-05T10:21:10.5672809Z  Downloaded pyogrio
palace	UNKNOWN STEP	2026-10-05T10:21:10.6066473Z  Downloaded klayout
palace	UNKNOWN STEP	2026-10-05T10:21:10.6885417Z  Downloaded scipy
palace	UNKNOWN STEP	2026-10-05T10:21:10.7352522Z  Downloaded gmsh
palace	UNKNOWN STEP	2026-10-05T10:21:10.9339023Z  Downloaded mkdocs-material
palace	UNKNOWN STEP	2026-10-05T10:21:11.0920745Z  Downloaded pyarrow
palace	UNKNOWN STEP	2026-10-05T10:21:13.0686380Z  Downloaded pyside2
palace	UNKNOWN STEP	2026-10-05T10:21:18.0738336Z       Built gdspy==1.6.13
palace	UNKNOWN STEP	2026-10-05T10:21:18.0787416Z Prepared 218 packages in 10.27s
palace	UNKNOWN STEP	2026-10-05T10:21:18.9177278Z Installed 218 packages in 838ms
palace	UNKNOWN STEP	2026-10-05T10:21:18.9190491Z  + addict==2.4.0
palace	UNKNOWN STEP	2026-10-05T10:21:18.9190885Z  + aenum==3.1.17
palace	UNKNOWN STEP	2026-10-05T10:21:18.9191252Z  + alembic==1.18.4
palace	UNKNOWN STEP	2026-10-05T10:21:18.9192753Z  + annotated-doc==0.0.4
palace	UNKNOWN STEP	2026-10-05T10:21:18.9193739Z  + annotated-types==0.7.0
palace	UNKNOWN STEP	2026-10-05T10:21:18.9194163Z  + anyio==4.13.0
palace	UNKNOWN STEP	2026-10-05T10:21:18.9194542Z  + ast-serialize==0.5.0
palace	UNKNOWN STEP	2026-10-05T10:21:18.9202142Z  + asttokens==3.0.1
palace	UNKNOWN STEP	2026-10-05T10:21:18.9202686Z  + attrs==26.1.0
palace	UNKNOWN STEP	2026-10-05T10:21:18.9203173Z  + babel==2.18.0
palace	UNKNOWN STEP	2026-10-05T10:21:18.9203645Z  + backrefs==7.0
palace	UNKNOWN STEP	2026-10-05T10:21:18.9204189Z  + broadbean==0.15.0
palace	UNKNOWN STEP	2026-10-05T10:21:18.9204709Z  + build==1.5.1
palace	UNKNOWN STEP	2026-10-05T10:21:18.9205182Z  + cachetools==7.1.4
palace	UNKNOWN STEP	2026-10-05T10:21:18.9205673Z  + certifi==2026.5.20
palace	UNKNOWN STEP	2026-10-05T10:21:18.9206189Z  + cf-xarray==0.11.3
palace	UNKNOWN STEP	2026-10-05T10:21:18.9206713Z  + cffi==2.0.0
palace	UNKNOWN STEP	2026-10-05T10:21:18.9207222Z  + charset-normalizer==3.4.7
palace	UNKNOWN STEP	2026-10-05T10:21:18.9207762Z  + click==8.4.1
palace	UNKNOWN STEP	2026-10-05T10:21:18.9208235Z  + cloudpickle==3.1.2
palace	UNKNOWN STEP	2026-10-05T10:21:18.9208737Z  + colorama==0.4.6
palace	UNKNOWN STEP	2026-10-05T10:21:18.9209204Z  + colorlog==6.10.1
palace	UNKNOWN STEP	2026-10-05T10:21:18.9209663Z  + comm==0.2.3
palace	UNKNOWN STEP	2026-10-05T10:21:18.9210118Z  + contourpy==1.3.3
palace	UNKNOWN STEP	2026-10-05T10:21:18.9210595Z  + coverage==7.14.3
palace	UNKNOWN STEP	2026-10-05T10:21:18.9211074Z  + cryptography==48.0.0
palace	UNKNOWN STEP	2026-10-05T10:21:18.9211882Z  + cycler==0.12.1
palace	UNKNOWN STEP	2026-10-05T10:21:18.9212257Z  + dask==2026.6.0
palace	UNKNOWN STEP	2026-10-05T10:21:18.9212606Z  + debugpy==1.8.21
palace	UNKNOWN STEP	2026-10-05T10:21:18.9212962Z  + decorator==5.3.1
palace	UNKNOWN STEP	2026-10-05T10:21:18.9213312Z  + descartes==1.1.0
palace	UNKNOWN STEP	2026-10-05T10:21:18.9213658Z  + dill==0.4.1
palace	UNKNOWN STEP	2026-10-05T10:21:18.9213981Z  + distro==1.9.0
palace	UNKNOWN STEP	2026-10-05T10:21:18.9214328Z  + executing==2.2.1
palace	UNKNOWN STEP	2026-10-05T10:21:18.9214670Z  + fastapi==0.138.1
palace	UNKNOWN STEP	2026-10-05T10:21:18.9215040Z  + flexcache==0.3
palace	UNKNOWN STEP	2026-10-05T10:21:18.9215397Z  + flexparser==0.4
palace	UNKNOWN STEP	2026-10-05T10:21:18.9215769Z  + fonttools==4.63.0
palace	UNKNOWN STEP	2026-10-05T10:21:18.9216091Z  + freetype-py==2.5.1
palace	UNKNOWN STEP	2026-10-05T10:21:18.9216334Z  + fsspec==2026.6.0
palace	UNKNOWN STEP	2026-10-05T10:21:18.9216549Z  + gdsfactory==9.43.0
palace	UNKNOWN STEP	2026-10-05T10:21:18.9216754Z  + gdspy==1.6.13
palace	UNKNOWN STEP	2026-10-05T10:21:18.9216953Z  + geopandas==1.1.3
palace	UNKNOWN STEP	2026-10-05T10:21:18.9217156Z  + ghp-import==2.1.0
palace	UNKNOWN STEP	2026-10-05T10:21:18.9217380Z  + gmsh==4.15.2
palace	UNKNOWN STEP	2026-10-05T10:21:18.9217575Z  + graphviz==0.21
palace	UNKNOWN STEP	2026-10-05T10:21:18.9217774Z  + greenlet==3.5.2
palace	UNKNOWN STEP	2026-10-05T10:21:18.9217967Z  + h11==0.16.0
palace	UNKNOWN STEP	2026-10-05T10:21:18.9218160Z  + h5netcdf==1.8.1
palace	UNKNOWN STEP	2026-10-05T10:21:18.9218352Z  + h5py==3.16.0
palace	UNKNOWN STEP	2026-10-05T10:21:18.9218550Z  + hatchling==1.31.0
palace	UNKNOWN STEP	2026-10-05T10:21:18.9218753Z  + httpcore==1.0.9
palace	UNKNOWN STEP	2026-10-05T10:21:18.9218950Z  + httpx==0.28.1
palace	UNKNOWN STEP	2026-10-05T10:21:18.9219149Z  + httpx-sse==0.4.3
palace	UNKNOWN STEP	2026-10-05T10:21:18.9219343Z  + idna==3.18
palace	UNKNOWN STEP	2026-10-05T10:21:18.9219532Z  + imageio==2.37.3
palace	UNKNOWN STEP	2026-10-05T10:21:18.9219724Z  + iniconfig==2.3.0
palace	UNKNOWN STEP	2026-10-05T10:21:18.9219926Z  + ipyevents==2.0.4
palace	UNKNOWN STEP	2026-10-05T10:21:18.9220428Z  + ipykernel==7.2.0
palace	UNKNOWN STEP	2026-10-05T10:21:18.9220638Z  + ipython==9.14.0
palace	UNKNOWN STEP	2026-10-05T10:21:18.9220861Z  + ipython-pygments-lexers==1.1.1
palace	UNKNOWN STEP	2026-10-05T10:21:18.9221126Z  + ipytree==0.2.2
palace	UNKNOWN STEP	2026-10-05T10:21:18.9221326Z  + ipywidgets==8.1.8
palace	UNKNOWN STEP	2026-10-05T10:21:18.9221907Z  + jedi==0.20.0
palace	UNKNOWN STEP	2026-10-05T10:21:18.9222352Z  + jinja2==3.1.6
palace	UNKNOWN STEP	2026-10-05T10:21:18.9222762Z  + jsonpatch==1.33
palace	UNKNOWN STEP	2026-10-05T10:21:18.9223125Z  + jsonpointer==3.1.1
palace	UNKNOWN STEP	2026-10-05T10:21:18.9223500Z  + jsonschema==4.26.0
palace	UNKNOWN STEP	2026-10-05T10:21:18.9223915Z  + jsonschema-specifications==2025.9.1
palace	UNKNOWN STEP	2026-10-05T10:21:18.9224414Z  + jupyter-client==8.8.0
palace	UNKNOWN STEP	2026-10-05T10:21:18.9224817Z  + jupyter-core==5.9.1
palace	UNKNOWN STEP	2026-10-05T10:21:18.9225217Z  + jupyterlab-widgets==3.0.16
palace	UNKNOWN STEP	2026-10-05T10:21:18.9225634Z  + kfactory==2.5.3
palace	UNKNOWN STEP	2026-10-05T10:21:18.9225996Z  + kiwisolver==1.5.0
palace	UNKNOWN STEP	2026-10-05T10:21:18.9226355Z  + klayout==0.30.9
palace	UNKNOWN STEP	2026-10-05T10:21:18.9226711Z  + kqcircuits==4.9.11
palace	UNKNOWN STEP	2026-10-05T10:21:18.9227083Z  + langchain-core==1.4.8
palace	UNKNOWN STEP	2026-10-05T10:21:18.9227489Z  + langchain-protocol==0.0.18
palace	UNKNOWN STEP	2026-10-05T10:21:18.9227930Z  + langgraph==1.2.7
palace	UNKNOWN STEP	2026-10-05T10:21:18.9228710Z  + langgraph-checkpoint==4.1.1
palace	UNKNOWN STEP	2026-10-05T10:21:18.9229156Z  + langgraph-prebuilt==1.1.0
palace	UNKNOWN STEP	2026-10-05T10:21:18.9229571Z  + langgraph-sdk==0.4.2
palace	UNKNOWN STEP	2026-10-05T10:21:18.9229958Z  + langsmith==0.9.7
palace	UNKNOWN STEP	2026-10-05T10:21:18.9230307Z  + lazy-loader==0.5
palace	UNKNOWN STEP	2026-10-05T10:21:18.9230649Z  + librt==0.11.0
palace	UNKNOWN STEP	2026-10-05T10:21:18.9230987Z  + locket==1.0.0
palace	UNKNOWN STEP	2026-10-05T10:21:18.9231332Z  + loguru==0.7.3
palace	UNKNOWN STEP	2026-10-05T10:21:18.9231869Z  + mako==1.3.12
palace	UNKNOWN STEP	2026-10-05T10:21:18.9232212Z  + mapbox-earcut==2.0.0
palace	UNKNOWN STEP	2026-10-05T10:21:18.9232579Z  + markdown==3.10.2
palace	UNKNOWN STEP	2026-10-05T10:21:18.9232944Z  + markdown-it-py==4.2.0
palace	UNKNOWN STEP	2026-10-05T10:21:18.9233328Z  + markupsafe==3.0.3
palace	UNKNOWN STEP	2026-10-05T10:21:18.9233684Z  + matplotlib==3.10.9
palace	UNKNOWN STEP	2026-10-05T10:21:18.9234067Z  + matplotlib-inline==0.2.2
palace	UNKNOWN STEP	2026-10-05T10:21:18.9234452Z  + mcp==1.27.2
palace	UNKNOWN STEP	2026-10-05T10:21:18.9234783Z  + mdurl==0.1.2
palace	UNKNOWN STEP	2026-10-05T10:21:18.9235112Z  + mergedeep==1.3.4
palace	UNKNOWN STEP	2026-10-05T10:21:18.9235453Z  + meshio==5.3.5
palace	UNKNOWN STEP	2026-10-05T10:21:18.9235778Z  + mkdocs==1.6.1
palace	UNKNOWN STEP	2026-10-05T10:21:18.9236150Z  + mkdocs-get-deps==0.2.2
palace	UNKNOWN STEP	2026-10-05T10:21:18.9241128Z  + mkdocs-material==9.7.6
palace	UNKNOWN STEP	2026-10-05T10:21:18.9241987Z  + mkdocs-material-extensions==1.3.1
palace	UNKNOWN STEP	2026-10-05T10:21:18.9242618Z  + mpmath==1.3.0
palace	UNKNOWN STEP	2026-10-05T10:21:18.9243102Z  + multiprocess==0.70.19
palace	UNKNOWN STEP	2026-10-05T10:21:18.9243586Z  + mypy==2.1.0
palace	UNKNOWN STEP	2026-10-05T10:21:18.9244056Z  + mypy-extensions==1.1.0
palace	UNKNOWN STEP	2026-10-05T10:21:18.9244582Z  + natsort==8.4.0
palace	UNKNOWN STEP	2026-10-05T10:21:18.9245063Z  + nest-asyncio==1.6.0
palace	UNKNOWN STEP	2026-10-05T10:21:18.9245545Z  + networkx==3.6.1
palace	UNKNOWN STEP	2026-10-05T10:21:18.9245994Z  + numpy==1.26.4
palace	UNKNOWN STEP	2026-10-05T10:21:18.9246487Z  + opentelemetry-api==1.42.1
palace	UNKNOWN STEP	2026-10-05T10:21:18.9246990Z  + optuna==4.9.0
palace	UNKNOWN STEP	2026-10-05T10:21:18.9247441Z  + orjson==3.11.9
palace	UNKNOWN STEP	2026-10-05T10:21:18.9247902Z  + ormsgpack==1.12.2
palace	UNKNOWN STEP	2026-10-05T10:21:18.9248388Z  + packaging==26.2
palace	UNKNOWN STEP	2026-10-05T10:21:18.9248861Z  + paginate==0.5.7
palace	UNKNOWN STEP	2026-10-05T10:21:18.9249293Z  + pandas==3.0.3
palace	UNKNOWN STEP	2026-10-05T10:21:18.9249723Z  + parso==0.8.7
palace	UNKNOWN STEP	2026-10-05T10:21:18.9250181Z  + partd==1.4.2
palace	UNKNOWN STEP	2026-10-05T10:21:18.9250642Z  + pathos==0.3.5
palace	UNKNOWN STEP	2026-10-05T10:21:18.9251107Z  + pathspec==1.1.1
palace	UNKNOWN STEP	2026-10-05T10:21:18.9251790Z  + pexpect==4.9.0
palace	UNKNOWN STEP	2026-10-05T10:21:18.9252254Z  + pillow==12.2.0
palace	UNKNOWN STEP	2026-10-05T10:21:18.9252718Z  + pint==0.25.3
palace	UNKNOWN STEP	2026-10-05T10:21:18.9253187Z  + platformdirs==4.10.0
palace	UNKNOWN STEP	2026-10-05T10:21:18.9253680Z  + pluggy==1.6.0
palace	UNKNOWN STEP	2026-10-05T10:21:18.9254134Z  + pox==0.3.7
palace	UNKNOWN STEP	2026-10-05T10:21:18.9254580Z  + ppft==1.7.8
palace	UNKNOWN STEP	2026-10-05T10:21:18.9255056Z  + prompt-toolkit==3.0.52
palace	UNKNOWN STEP	2026-10-05T10:21:18.9255574Z  + psutil==7.2.2
palace	UNKNOWN STEP	2026-10-05T10:21:18.9256037Z  + ptyprocess==0.7.0
palace	UNKNOWN STEP	2026-10-05T10:21:18.9256531Z  + pure-eval==0.2.3
palace	UNKNOWN STEP	2026-10-05T10:21:18.9257001Z  + pyarrow==24.0.0
palace	UNKNOWN STEP	2026-10-05T10:21:18.9257486Z  + pycparser==3.0
palace	UNKNOWN STEP	2026-10-05T10:21:18.9257948Z  + pydantic==2.12.5
palace	UNKNOWN STEP	2026-10-05T10:21:18.9258433Z  + pydantic-core==2.41.5
palace	UNKNOWN STEP	2026-10-05T10:21:18.9258972Z  + pydantic-extra-types==2.11.1
palace	UNKNOWN STEP	2026-10-05T10:21:18.9259540Z  + pydantic-settings==2.14.1
palace	UNKNOWN STEP	2026-10-05T10:21:18.9260115Z  + pyepr-quantum==0.9.6
palace	UNKNOWN STEP	2026-10-05T10:21:18.9260656Z  + pygit2==1.19.2
palace	UNKNOWN STEP	2026-10-05T10:21:18.9261277Z  + pyglet==2.1.14
palace	UNKNOWN STEP	2026-10-05T10:21:18.9261853Z  + pygments==2.20.0
palace	UNKNOWN STEP	2026-10-05T10:21:18.9262180Z  + pyjwt==2.13.0
palace	UNKNOWN STEP	2026-10-05T10:21:18.9262418Z  + pymdown-extensions==11.0
palace	UNKNOWN STEP	2026-10-05T10:21:18.9262657Z  + pyogrio==0.12.1
palace	UNKNOWN STEP	2026-10-05T10:21:18.9262866Z  + pyparsing==3.3.2
palace	UNKNOWN STEP	2026-10-05T10:21:18.9263066Z  + pyproj==3.7.2
palace	UNKNOWN STEP	2026-10-05T10:21:18.9263275Z  + pyproject-hooks==1.2.0
palace	UNKNOWN STEP	2026-10-05T10:21:18.9263504Z  + pyside2==5.15.2.1
palace	UNKNOWN STEP	2026-10-05T10:21:18.9263713Z  + pytest==9.0.3
palace	UNKNOWN STEP	2026-10-05T10:21:18.9263907Z  + pytest-cov==7.1.0
palace	UNKNOWN STEP	2026-10-05T10:21:18.9264134Z  + python-dateutil==2.9.0.post0
palace	UNKNOWN STEP	2026-10-05T10:21:18.9264393Z  + python-dotenv==1.2.2
palace	UNKNOWN STEP	2026-10-05T10:21:18.9264641Z  + python-multipart==0.0.30
palace	UNKNOWN STEP	2026-10-05T10:21:18.9264881Z  + pyvisa==1.16.2
palace	UNKNOWN STEP	2026-10-05T10:21:18.9265075Z  + pyyaml==6.0.3
palace	UNKNOWN STEP	2026-10-05T10:21:18.9265278Z  + pyyaml-env-tag==1.1
palace	UNKNOWN STEP	2026-10-05T10:21:18.9265495Z  + pyzmq==27.1.0
palace	UNKNOWN STEP	2026-10-05T10:21:18.9265694Z  + qcodes==0.58.0
palace	UNKNOWN STEP	2026-10-05T10:21:18.9265894Z  + qiskit-metal==0.1.2
palace	UNKNOWN STEP	2026-10-05T10:21:18.9266105Z  + qrcode==8.2
palace	UNKNOWN STEP	2026-10-05T10:21:18.9266487Z  + qutip==5.3.0
palace	UNKNOWN STEP	2026-10-05T10:21:18.9266693Z  + rapidfuzz==3.14.5
palace	UNKNOWN STEP	2026-10-05T10:21:18.9266914Z  + rectangle-packer==2.1.0
palace	UNKNOWN STEP	2026-10-05T10:21:18.9267141Z  + rectpack==0.2.2
palace	UNKNOWN STEP	2026-10-05T10:21:18.9267347Z  + referencing==0.37.0
palace	UNKNOWN STEP	2026-10-05T10:21:18.9267561Z  + requests==2.34.2
palace	UNKNOWN STEP	2026-10-05T10:21:18.9267791Z  + requests-toolbelt==1.0.0
palace	UNKNOWN STEP	2026-10-05T10:21:18.9268192Z  + rich==15.0.0
palace	UNKNOWN STEP	2026-10-05T10:21:18.9268386Z  + rpds-py==2026.5.1
palace	UNKNOWN STEP	2026-10-05T10:21:18.9268597Z  + ruamel-yaml==0.19.1
palace	UNKNOWN STEP	2026-10-05T10:21:18.9268819Z  + ruamel-yaml-string==0.1.1
palace	UNKNOWN STEP	2026-10-05T10:21:18.9269051Z  + ruff==0.15.15
palace	UNKNOWN STEP	2026-10-05T10:21:18.9269245Z  + schema==0.7.8
palace	UNKNOWN STEP	2026-10-05T10:21:18.9269537Z  + scikit-image==0.26.0
palace	UNKNOWN STEP	2026-10-05T10:21:18.9269755Z  + scikit-rf==1.12.0
palace	UNKNOWN STEP	2026-10-05T10:21:18.9269955Z  + scipy==1.17.1
palace	UNKNOWN STEP	2026-10-05T10:21:18.9270146Z  + scqubits==4.3.1
palace	UNKNOWN STEP	2026-10-05T10:21:18.9270340Z  + seaborn==0.13.2
palace	UNKNOWN STEP	2026-10-05T10:21:18.9270539Z  + semver==3.0.4
palace	UNKNOWN STEP	2026-10-05T10:21:18.9270734Z  + setuptools==82.0.1
palace	UNKNOWN STEP	2026-10-05T10:21:18.9271041Z  + shapely==2.1.2
palace	UNKNOWN STEP	2026-10-05T10:21:18.9271244Z  + shellingham==1.5.4
palace	UNKNOWN STEP	2026-10-05T10:21:18.9271936Z  + shiboken2==5.15.2.1
palace	UNKNOWN STEP	2026-10-05T10:21:18.9272294Z  + six==1.17.0
palace	UNKNOWN STEP	2026-10-05T10:21:18.9272582Z  + sniffio==1.3.1
palace	UNKNOWN STEP	2026-10-05T10:21:18.9272792Z  + sqlalchemy==2.0.51
palace	UNKNOWN STEP	2026-10-05T10:21:18.9273008Z  + sse-starlette==3.4.4
palace	UNKNOWN STEP	2026-10-05T10:21:18.9273234Z  + stack-data==0.6.3
palace	UNKNOWN STEP	2026-10-05T10:21:18.9273575Z  + starlette==1.2.1
palace	UNKNOWN STEP	2026-10-05T10:21:18.9273783Z  + sympy==1.14.0
palace	UNKNOWN STEP	2026-10-05T10:21:18.9274046Z  + tabulate==0.10.0
palace	UNKNOWN STEP	2026-10-05T10:21:18.9274423Z  + tenacity==9.1.4
palace	UNKNOWN STEP	2026-10-05T10:21:18.9275001Z  + text-to-gds==0.3.1 (from file:///home/runner/work/Text-to-Layout/Text-to-Layout)
palace	UNKNOWN STEP	2026-10-05T10:21:18.9275547Z  + tifffile==2026.3.3
palace	UNKNOWN STEP	2026-10-05T10:21:18.9275819Z  + toolz==1.1.0
palace	UNKNOWN STEP	2026-10-05T10:21:18.9276028Z  + tornado==6.5.6
palace	UNKNOWN STEP	2026-10-05T10:21:18.9276345Z  + tqdm==4.68.3
palace	UNKNOWN STEP	2026-10-05T10:21:18.9276617Z  + traitlets==5.15.0
palace	UNKNOWN STEP	2026-10-05T10:21:18.9276831Z  + trimesh==4.12.2
palace	UNKNOWN STEP	2026-10-05T10:21:18.9277063Z  + trove-classifiers==2026.6.1.19
palace	UNKNOWN STEP	2026-10-05T10:21:18.9277460Z  + typer==0.24.2
palace	UNKNOWN STEP	2026-10-05T10:21:18.9277830Z  + types-pyyaml==6.0.12.20260518
palace	UNKNOWN STEP	2026-10-05T10:21:18.9278260Z  + typing-extensions==4.15.0
palace	UNKNOWN STEP	2026-10-05T10:21:18.9278693Z  + typing-inspection==0.4.2
palace	UNKNOWN STEP	2026-10-05T10:21:18.9279102Z  + uncertainties==3.2.3
palace	UNKNOWN STEP	2026-10-05T10:21:18.9279468Z  + urllib3==2.7.0
palace	UNKNOWN STEP	2026-10-05T10:21:18.9279818Z  + uuid-utils==0.16.2
palace	UNKNOWN STEP	2026-10-05T10:21:18.9280170Z  + uvicorn==0.48.0
palace	UNKNOWN STEP	2026-10-05T10:21:18.9280448Z  + versioningit==3.3.0
palace	UNKNOWN STEP	2026-10-05T10:21:18.9280667Z  + versiontag==1.2.0
palace	UNKNOWN STEP	2026-10-05T10:21:18.9280878Z  + watchdog==6.0.0
palace	UNKNOWN STEP	2026-10-05T10:21:18.9281077Z  + wcwidth==0.7.0
palace	UNKNOWN STEP	2026-10-05T10:21:18.9281534Z  + websockets==15.0.1
palace	UNKNOWN STEP	2026-10-05T10:21:18.9281919Z  + widgetsnbextension==4.0.15
palace	UNKNOWN STEP	2026-10-05T10:21:18.9282337Z  + xarray==2026.4.0
palace	UNKNOWN STEP	2026-10-05T10:21:18.9282678Z  + xxhash==3.8.0
palace	UNKNOWN STEP	2026-10-05T10:21:18.9283013Z  + zstandard==0.25.0
palace	UNKNOWN STEP	2026-10-05T10:21:19.1319143Z ##[group]Run actions/cache@v4
palace	UNKNOWN STEP	2026-10-05T10:21:19.1319438Z with:
palace	UNKNOWN STEP	2026-10-05T10:21:19.1319754Z   path: ~/.cache/textlayout-palace
palace	UNKNOWN STEP	.tools/palace
palace	UNKNOWN STEP	.tools/external/sources
palace	UNKNOWN STEP	
palace	UNKNOWN STEP	2026-10-05T10:21:19.1320320Z   key: palace-0.17.0-471a7a114734e5e34aa0336e76b6579e854d12020a9bf410ae4304052e38c143
palace	UNKNOWN STEP	2026-10-05T10:21:19.1320763Z   enableCrossOsArchive: false
palace	UNKNOWN STEP	2026-10-05T10:21:19.1321024Z   fail-on-cache-miss: false
palace	UNKNOWN STEP	2026-10-05T10:21:19.1321260Z   lookup-only: false
palace	UNKNOWN STEP	2026-10-05T10:21:19.1321783Z   save-always: false
palace	UNKNOWN STEP	2026-10-05T10:21:19.1321997Z env:
palace	UNKNOWN STEP	2026-10-05T10:21:19.1322234Z   UV_CACHE_DIR: /home/runner/work/_temp/setup-uv-cache
palace	UNKNOWN STEP	2026-10-05T10:21:19.1322548Z ##[endgroup]
palace	UNKNOWN STEP	2026-10-05T10:21:19.2537765Z (node:3335) [DEP0040] DeprecationWarning: The `punycode` module is deprecated. Please use a userland alternative instead.
palace	UNKNOWN STEP	2026-10-05T10:21:19.2538925Z (Use `node --trace-deprecation ...` to show where the warning was created)
palace	UNKNOWN STEP	2026-10-05T10:21:19.5043614Z Cache not found for input keys: palace-0.17.0-471a7a114734e5e34aa0336e76b6579e854d12020a9bf410ae4304052e38c143
palace	UNKNOWN STEP	2026-10-05T10:21:19.5124002Z ##[group]Run uv run python scripts/external/install_palace.py
palace	UNKNOWN STEP	2026-10-05T10:21:19.5124668Z ^[[36;1muv run python scripts/external/install_palace.py^[[0m
palace	UNKNOWN STEP	2026-10-05T10:21:19.5190984Z shell: /usr/bin/bash -e {0}
palace	UNKNOWN STEP	2026-10-05T10:21:19.5191281Z env:
palace	UNKNOWN STEP	2026-10-05T10:21:19.5191837Z   UV_CACHE_DIR: /home/runner/work/_temp/setup-uv-cache
palace	UNKNOWN STEP	2026-10-05T10:21:19.5192178Z ##[endgroup]
palace	UNKNOWN STEP	2026-10-05T11:40:47.9709845Z {
palace	UNKNOWN STEP	2026-10-05T11:40:47.9710196Z   "schema": "textlayout.palace-install.v1",
palace	UNKNOWN STEP	2026-10-05T11:40:47.9710585Z   "requested_version": "0.17.0",
palace	UNKNOWN STEP	2026-10-05T11:40:47.9710862Z   "gmsh": {
palace	UNKNOWN STEP	2026-10-05T11:40:47.9711093Z     "available": true,
palace	UNKNOWN STEP	2026-10-05T11:40:47.9711363Z     "version": "4.15.2",
palace	UNKNOWN STEP	2026-10-05T11:40:47.9712028Z     "expected_version": "4.15.2",
palace	UNKNOWN STEP	2026-10-05T11:40:47.9712607Z     "module": "/home/runner/work/Text-to-Layout/Text-to-Layout/.venv/lib/python3.12/site-packages/gmsh.py",
palace	UNKNOWN STEP	2026-10-05T11:40:47.9713452Z     "module_sha256": "f4b0935cebde899750293d87a643090e5ea33c9b18d249267f507db68a0e01c3"
palace	UNKNOWN STEP	2026-10-05T11:40:47.9713959Z   },
palace	UNKNOWN STEP	2026-10-05T11:40:47.9714182Z   "source_archive": {
palace	UNKNOWN STEP	2026-10-05T11:40:47.9714456Z     "available": true,
palace	UNKNOWN STEP	2026-10-05T11:40:47.9715176Z     "path": "/home/runner/work/Text-to-Layout/Text-to-Layout/.tools/external/sources/palace-12d8069afb5aa9e169a17e303d735e120968e9f2.tar.gz",
palace	UNKNOWN STEP	2026-10-05T11:40:47.9716080Z     "sha256": "169f7fe210ea6e771a29bfe0803dd84a774b25b00d2aa3a1f33b9d97a510ff9d",
palace	UNKNOWN STEP	2026-10-05T11:40:47.9716563Z     "size_bytes": 47331791
palace	UNKNOWN STEP	2026-10-05T11:40:47.9716821Z   },
palace	UNKNOWN STEP	2026-10-05T11:40:47.9717048Z   "status": "INSTALLED",
palace	UNKNOWN STEP	2026-10-05T11:40:47.9717328Z   "strategy": "pinned_spack_wsl",
palace	UNKNOWN STEP	2026-10-05T11:40:47.9717638Z   "palace_version": "0.17.0",
palace	UNKNOWN STEP	2026-10-05T11:40:47.9718002Z   "palace_commit": "12d8069afb5aa9e169a17e303d735e120968e9f2",
palace	UNKNOWN STEP	2026-10-05T11:40:47.9718866Z   "palace_executable": "/home/runner/.cache/textlayout-palace/spack-opt/linux-x86_64_v3/palace-0.17.0-737ugntl33fa5wjglayhp7ojkezkti5s/bin/palace",
palace	UNKNOWN STEP	2026-10-05T11:40:47.9719879Z   "palace_executable_sha256": "ad43ec030f51435f32150a5c72cb324ca03083d2ffc2f91405bbf41c6bc2240f",
palace	UNKNOWN STEP	2026-10-05T11:40:47.9720446Z   "spack_version": "1.1.0",
palace	UNKNOWN STEP	2026-10-05T11:40:47.9720808Z   "spack_commit": "0c2be44e4ece21eb091ad5de4c97716b7c6d4c87",
palace	UNKNOWN STEP	2026-10-05T11:40:47.9721313Z   "spack_packages_commit": "a2928a3376d286ddbf07da62847d5ba5b0fa3c67",
palace	UNKNOWN STEP	2026-10-05T11:40:47.9722053Z   "spack_environment": "external_tools/palace/spack.yaml",
palace	UNKNOWN STEP	2026-10-05T11:40:47.9722465Z   "spack_runtime_cache": "/home/runner/.cache/textlayout-palace",
palace	UNKNOWN STEP	2026-10-05T11:40:47.9722902Z   "install_tree": "/home/runner/.cache/textlayout-palace/spack-opt",
palace	UNKNOWN STEP	2026-10-05T11:40:47.9723359Z   "build_stage": "/home/runner/.cache/textlayout-palace/build-stage",
palace	UNKNOWN STEP	2026-10-05T11:40:47.9723718Z   "compiler_and_mpi_tail": [
palace	UNKNOWN STEP	2026-10-05T11:40:47.9724238Z     "[+] /home/runner/.cache/textlayout-palace/spack-opt/linux-x86_64_v3/palace-0.17.0-737ugntl33fa5wjglayhp7ojkezkti5s",
palace	UNKNOWN STEP	2026-10-05T11:40:47.9724906Z     "==> Installing palace-0.17.0-737ugntl33fa5wjglayhp7ojkezkti5s [63/63]",
palace	UNKNOWN STEP	2026-10-05T11:40:47.9725451Z     "==> Updating view at /home/runner/.cache/textlayout-palace/environment/.spack-env/view",
palace	UNKNOWN STEP	2026-10-05T11:40:47.9725909Z     "gcc (Ubuntu 13.3.0-6ubuntu2~24.04.1) 13.3.0",
palace	UNKNOWN STEP	2026-10-05T11:40:47.9726215Z     "g++ (Ubuntu 13.3.0-6ubuntu2~24.04.1) 13.3.0",
palace	UNKNOWN STEP	2026-10-05T11:40:47.9726535Z     "GNU Fortran (Ubuntu 13.3.0-6ubuntu2~24.04.1) 13.3.0",
palace	UNKNOWN STEP	2026-10-05T11:40:47.9726843Z     "mpirun (Open MPI) 4.1.6",
palace	UNKNOWN STEP	2026-10-05T11:40:47.9727074Z     ""
palace	UNKNOWN STEP	2026-10-05T11:40:47.9727249Z   ],
palace	UNKNOWN STEP	2026-10-05T11:40:47.9727470Z   "installed_at": "2026-10-05T11:40:47.866958+00:00",
palace	UNKNOWN STEP	2026-10-05T11:40:47.9727761Z   "reused": false,
palace	UNKNOWN STEP	2026-10-05T11:40:47.9727968Z   "gmsh_version": "4.15.2",
palace	UNKNOWN STEP	2026-10-05T11:40:47.9728259Z   "native_root": "/home/runner/.cache/textlayout-palace",
palace	UNKNOWN STEP	2026-10-05T11:40:47.9728975Z   "source_archive_path": "/home/runner/work/Text-to-Layout/Text-to-Layout/.tools/external/sources/palace-12d8069afb5aa9e169a17e303d735e120968e9f2.tar.gz",
palace	UNKNOWN STEP	2026-10-05T11:40:47.9730104Z   "source_archive_sha256": "169f7fe210ea6e771a29bfe0803dd84a774b25b00d2aa3a1f33b9d97a510ff9d",
palace	UNKNOWN STEP	2026-10-05T11:40:47.9730589Z   "mpi_version": "mpirun (Open MPI) 4.1.6",
palace	UNKNOWN STEP	2026-10-05T11:40:47.9731022Z   "compiler_versions": {
palace	UNKNOWN STEP	2026-10-05T11:40:47.9731299Z     "gcc": "gcc (Ubuntu 13.3.0-6ubuntu2~24.04.1) 13.3.0",
palace	UNKNOWN STEP	2026-10-05T11:40:47.9731904Z     "gxx": "g++ (Ubuntu 13.3.0-6ubuntu2~24.04.1) 13.3.0",
palace	UNKNOWN STEP	2026-10-05T11:40:47.9732263Z     "gfortran": "GNU Fortran (Ubuntu 13.3.0-6ubuntu2~24.04.1) 13.3.0"
palace	UNKNOWN STEP	2026-10-05T11:40:47.9732585Z   },
palace	UNKNOWN STEP	2026-10-05T11:40:47.9732826Z   "git_commit": "7b435483afaa5a8cdbfec25c9f6de030605eff13"
palace	UNKNOWN STEP	2026-10-05T11:40:47.9733121Z }
palace	UNKNOWN STEP	2026-10-05T11:40:48.0412239Z ##[group]Run uv run python scripts/external/check_palace.py
palace	UNKNOWN STEP	2026-10-05T11:40:48.0412780Z ^[[36;1muv run python scripts/external/check_palace.py^[[0m
palace	UNKNOWN STEP	2026-10-05T11:40:48.0477907Z shell: /usr/bin/bash -e {0}
palace	UNKNOWN STEP	2026-10-05T11:40:48.0478225Z env:
palace	UNKNOWN STEP	2026-10-05T11:40:48.0478534Z   UV_CACHE_DIR: /home/runner/work/_temp/setup-uv-cache
palace	UNKNOWN STEP	2026-10-05T11:40:48.0478947Z ##[endgroup]
palace	UNKNOWN STEP	2026-10-05T11:40:48.7632744Z {
palace	UNKNOWN STEP	2026-10-05T11:40:48.7652659Z   "schema": "textlayout.palace-check.v1",
palace	UNKNOWN STEP	2026-10-05T11:40:48.7672107Z   "state": "INSTALLED",
palace	UNKNOWN STEP	2026-10-05T11:40:48.7702044Z   "required_palace_version": "0.17.0",
palace	UNKNOWN STEP	2026-10-05T11:40:48.7732008Z   "source_archive": {
palace	UNKNOWN STEP	2026-10-05T11:40:48.7762100Z     "available": true,
palace	UNKNOWN STEP	2026-10-05T11:40:48.7792728Z     "path": "/home/runner/work/Text-to-Layout/Text-to-Layout/.tools/external/sources/palace-12d8069afb5aa9e169a17e303d735e120968e9f2.tar.gz",
palace	UNKNOWN STEP	2026-10-05T11:40:48.7822223Z     "sha256": "169f7fe210ea6e771a29bfe0803dd84a774b25b00d2aa3a1f33b9d97a510ff9d",
palace	UNKNOWN STEP	2026-10-05T11:40:48.7851997Z     "size_bytes": 47331791
palace	UNKNOWN STEP	2026-10-05T11:40:48.7881890Z   },
palace	UNKNOWN STEP	2026-10-05T11:40:48.7911905Z   "installation": {
palace	UNKNOWN STEP	2026-10-05T11:40:48.7941990Z     "schema": "textlayout.palace-install.v1",
palace	UNKNOWN STEP	2026-10-05T11:40:48.7972087Z     "requested_version": "0.17.0",
palace	UNKNOWN STEP	2026-10-05T11:40:48.8002085Z     "gmsh": {
palace	UNKNOWN STEP	2026-10-05T11:40:48.8031914Z       "available": true,
palace	UNKNOWN STEP	2026-10-05T11:40:48.8061994Z       "version": "4.15.2",
palace	UNKNOWN STEP	2026-10-05T11:40:48.8091912Z       "expected_version": "4.15.2",
palace	UNKNOWN STEP	2026-10-05T11:40:48.8122337Z       "module": "/home/runner/work/Text-to-Layout/Text-to-Layout/.venv/lib/python3.12/site-packages/gmsh.py",
palace	UNKNOWN STEP	2026-10-05T11:40:48.8152335Z       "module_sha256": "f4b0935cebde899750293d87a643090e5ea33c9b18d249267f507db68a0e01c3"
palace	UNKNOWN STEP	2026-10-05T11:40:48.8182066Z     },
palace	UNKNOWN STEP	2026-10-05T11:40:48.8211917Z     "source_archive": {
palace	UNKNOWN STEP	2026-10-05T11:40:48.8242062Z       "available": true,
palace	UNKNOWN STEP	2026-10-05T11:40:48.8272622Z       "path": "/home/runner/work/Text-to-Layout/Text-to-Layout/.tools/external/sources/palace-12d8069afb5aa9e169a17e303d735e120968e9f2.tar.gz",
palace	UNKNOWN STEP	2026-10-05T11:40:48.8302196Z       "sha256": "169f7fe210ea6e771a29bfe0803dd84a774b25b00d2aa3a1f33b9d97a510ff9d",
palace	UNKNOWN STEP	2026-10-05T11:40:48.8305209Z       "size_bytes": 47331791
palace	UNKNOWN STEP	2026-10-05T11:40:48.8305638Z     },
palace	UNKNOWN STEP	2026-10-05T11:40:48.8306673Z     "status": "INSTALLED",
palace	UNKNOWN STEP	2026-10-05T11:40:48.8312256Z     "strategy": "pinned_spack_wsl",
palace	UNKNOWN STEP	2026-10-05T11:40:48.8312722Z     "palace_version": "0.17.0",
palace	UNKNOWN STEP	2026-10-05T11:40:48.8313091Z     "palace_commit": "12d8069afb5aa9e169a17e303d735e120968e9f2",
palace	UNKNOWN STEP	2026-10-05T11:40:48.8313861Z     "palace_executable": "/home/runner/.cache/textlayout-palace/spack-opt/linux-x86_64_v3/palace-0.17.0-737ugntl33fa5wjglayhp7ojkezkti5s/bin/palace",
palace	UNKNOWN STEP	2026-10-05T11:40:48.8314685Z     "palace_executable_sha256": "ad43ec030f51435f32150a5c72cb324ca03083d2ffc2f91405bbf41c6bc2240f",
palace	UNKNOWN STEP	2026-10-05T11:40:48.8315154Z     "spack_version": "1.1.0",
palace	UNKNOWN STEP	2026-10-05T11:40:48.8315464Z     "spack_commit": "0c2be44e4ece21eb091ad5de4c97716b7c6d4c87",
palace	UNKNOWN STEP	2026-10-05T11:40:48.8315895Z     "spack_packages_commit": "a2928a3376d286ddbf07da62847d5ba5b0fa3c67",
palace	UNKNOWN STEP	2026-10-05T11:40:48.8316318Z     "spack_environment": "external_tools/palace/spack.yaml",
palace	UNKNOWN STEP	2026-10-05T11:40:48.8316721Z     "spack_runtime_cache": "/home/runner/.cache/textlayout-palace",
palace	UNKNOWN STEP	2026-10-05T11:40:48.8317151Z     "install_tree": "/home/runner/.cache/textlayout-palace/spack-opt",
palace	UNKNOWN STEP	2026-10-05T11:40:48.8317591Z     "build_stage": "/home/runner/.cache/textlayout-palace/build-stage",
palace	UNKNOWN STEP	2026-10-05T11:40:48.8317956Z     "compiler_and_mpi_tail": [
palace	UNKNOWN STEP	2026-10-05T11:40:48.8318479Z       "[+] /home/runner/.cache/textlayout-palace/spack-opt/linux-x86_64_v3/palace-0.17.0-737ugntl33fa5wjglayhp7ojkezkti5s",
palace	UNKNOWN STEP	2026-10-05T11:40:48.8319519Z       "==> Installing palace-0.17.0-737ugntl33fa5wjglayhp7ojkezkti5s [63/63]",
palace	UNKNOWN STEP	2026-10-05T11:40:48.8320075Z       "==> Updating view at /home/runner/.cache/textlayout-palace/environment/.spack-env/view",
palace	UNKNOWN STEP	2026-10-05T11:40:48.8320526Z       "gcc (Ubuntu 13.3.0-6ubuntu2~24.04.1) 13.3.0",
palace	UNKNOWN STEP	2026-10-05T11:40:48.8321038Z       "g++ (Ubuntu 13.3.0-6ubuntu2~24.04.1) 13.3.0",
palace	UNKNOWN STEP	2026-10-05T11:40:48.8321646Z       "GNU Fortran (Ubuntu 13.3.0-6ubuntu2~24.04.1) 13.3.0",
palace	UNKNOWN STEP	2026-10-05T11:40:48.8322002Z       "mpirun (Open MPI) 4.1.6",
palace	UNKNOWN STEP	2026-10-05T11:40:48.8322238Z       ""
palace	UNKNOWN STEP	2026-10-05T11:40:48.8322419Z     ],
palace	UNKNOWN STEP	2026-10-05T11:40:48.8322646Z     "installed_at": "2026-10-05T11:40:47.866958+00:00",
palace	UNKNOWN STEP	2026-10-05T11:40:48.8322936Z     "reused": false,
palace	UNKNOWN STEP	2026-10-05T11:40:48.8323151Z     "gmsh_version": "4.15.2",
palace	UNKNOWN STEP	2026-10-05T11:40:48.8323441Z     "native_root": "/home/runner/.cache/textlayout-palace",
palace	UNKNOWN STEP	2026-10-05T11:40:48.8324165Z     "source_archive_path": "/home/runner/work/Text-to-Layout/Text-to-Layout/.tools/external/sources/palace-12d8069afb5aa9e169a17e303d735e120968e9f2.tar.gz",
palace	UNKNOWN STEP	2026-10-05T11:40:48.8325002Z     "source_archive_sha256": "169f7fe210ea6e771a29bfe0803dd84a774b25b00d2aa3a1f33b9d97a510ff9d",
palace	UNKNOWN STEP	2026-10-05T11:40:48.8325469Z     "mpi_version": "mpirun (Open MPI) 4.1.6",
palace	UNKNOWN STEP	2026-10-05T11:40:48.8325752Z     "compiler_versions": {
palace	UNKNOWN STEP	2026-10-05T11:40:48.8326032Z       "gcc": "gcc (Ubuntu 13.3.0-6ubuntu2~24.04.1) 13.3.0",
palace	UNKNOWN STEP	2026-10-05T11:40:48.8326356Z       "gxx": "g++ (Ubuntu 13.3.0-6ubuntu2~24.04.1) 13.3.0",
palace	UNKNOWN STEP	2026-10-05T11:40:48.8326716Z       "gfortran": "GNU Fortran (Ubuntu 13.3.0-6ubuntu2~24.04.1) 13.3.0"
palace	UNKNOWN STEP	2026-10-05T11:40:48.8327041Z     },
palace	UNKNOWN STEP	2026-10-05T11:40:48.8327287Z     "git_commit": "7b435483afaa5a8cdbfec25c9f6de030605eff13"
palace	UNKNOWN STEP	2026-10-05T11:40:48.8327623Z   },
palace	UNKNOWN STEP	2026-10-05T11:40:48.8327795Z   "gmsh": {
palace	UNKNOWN STEP	2026-10-05T11:40:48.8327983Z     "available": true,
palace	UNKNOWN STEP	2026-10-05T11:40:48.8328202Z     "version": "4.15.2",
palace	UNKNOWN STEP	2026-10-05T11:40:48.8328440Z     "expected_version": "4.15.2",
palace	UNKNOWN STEP	2026-10-05T11:40:48.8328904Z     "module": "/home/runner/work/Text-to-Layout/Text-to-Layout/.venv/lib/python3.12/site-packages/gmsh.py",
palace	UNKNOWN STEP	2026-10-05T11:40:48.8329527Z     "module_sha256": "f4b0935cebde899750293d87a643090e5ea33c9b18d249267f507db68a0e01c3"
palace	UNKNOWN STEP	2026-10-05T11:40:48.8329933Z   },
palace	UNKNOWN STEP	2026-10-05T11:40:48.8330124Z   "gmsh_version_valid": true
palace	UNKNOWN STEP	2026-10-05T11:40:48.8330352Z }
palace	UNKNOWN STEP	2026-10-05T11:40:48.8439820Z ##[group]Run uv run python scripts/external/run_palace_smoke.py
palace	UNKNOWN STEP	2026-10-05T11:40:48.8440314Z ^[[36;1muv run python scripts/external/run_palace_smoke.py^[[0m
palace	UNKNOWN STEP	2026-10-05T11:40:48.8504145Z shell: /usr/bin/bash -e {0}
palace	UNKNOWN STEP	2026-10-05T11:40:48.8504408Z env:
palace	UNKNOWN STEP	2026-10-05T11:40:48.8504659Z   UV_CACHE_DIR: /home/runner/work/_temp/setup-uv-cache
palace	UNKNOWN STEP	2026-10-05T11:40:48.8504977Z ##[endgroup]
palace	UNKNOWN STEP	2026-10-05T11:41:03.1629631Z {
palace	UNKNOWN STEP	2026-10-05T11:41:03.1630166Z   "schema": "textlayout.palace-smoke-result.v1",
palace	UNKNOWN STEP	2026-10-05T11:41:03.1630595Z   "status": "SMOKE_TEST_PASSED",
palace	UNKNOWN STEP	2026-10-05T11:41:03.1630939Z   "solver_output_parsed": true,
palace	UNKNOWN STEP	2026-10-05T11:41:03.1631243Z   "palace_version": "0.17.0",
palace	UNKNOWN STEP	2026-10-05T11:41:03.1631981Z   "palace_commit": "12d8069afb5aa9e169a17e303d735e120968e9f2",
palace	UNKNOWN STEP	2026-10-05T11:41:03.1632827Z   "palace_executable_sha256": "ad43ec030f51435f32150a5c72cb324ca03083d2ffc2f91405bbf41c6bc2240f",
palace	UNKNOWN STEP	2026-10-05T11:41:03.1633424Z   "official_example": "examples/cavity2d",
palace	UNKNOWN STEP	2026-10-05T11:41:03.1635393Z   "command": [
palace	UNKNOWN STEP	2026-10-05T11:41:03.1635794Z     "bash",
palace	UNKNOWN STEP	2026-10-05T11:41:03.1636105Z     "-lc",
palace	UNKNOWN STEP	2026-10-05T11:41:03.1637585Z     "cd /home/runner/work/Text-to-Layout/Text-to-Layout/out/toolchain/palace_smoke && /home/runner/.cache/textlayout-palace/spack-opt/linux-x86_64_v3/palace-0.17.0-737ugntl33fa5wjglayhp7ojkezkti5s/bin/palace -np 2 cavity2d.json"
palace	UNKNOWN STEP	2026-10-05T11:41:03.1639235Z   ],
palace	UNKNOWN STEP	2026-10-05T11:41:03.1639587Z   "return_code": 0,
palace	UNKNOWN STEP	2026-10-05T11:41:03.1639953Z   "runtime_seconds": 13.230863961999603,
palace	UNKNOWN STEP	2026-10-05T11:41:03.1640424Z   "frequencies_ghz": [
palace	UNKNOWN STEP	2026-10-05T11:41:03.1640716Z     0.103934328377,
palace	UNKNOWN STEP	2026-10-05T11:41:03.1641264Z     0.2078686586235,
palace	UNKNOWN STEP	2026-10-05T11:41:03.1641928Z     0.2078686591775,
palace	UNKNOWN STEP	2026-10-05T11:41:03.1642195Z     0.2324042265491,
palace	UNKNOWN STEP	2026-10-05T11:41:03.1642447Z     0.2939706870914
palace	UNKNOWN STEP	2026-10-05T11:41:03.1642701Z   ],
palace	UNKNOWN STEP	2026-10-05T11:41:03.1642943Z   "domain_energies_j": {
palace	UNKNOWN STEP	2026-10-05T11:41:03.1643236Z     "1": 1.667820475991e-09
palace	UNKNOWN STEP	2026-10-05T11:41:03.1643515Z   },
palace	UNKNOWN STEP	2026-10-05T11:41:03.1643764Z   "input_file_hashes": {
palace	UNKNOWN STEP	2026-10-05T11:41:03.1644278Z     "cavity2d.json": "a606f861b4ac7dfefdd180dd2b00321f46abb85e08f84227e6f0b2b242a6a75d",
palace	UNKNOWN STEP	2026-10-05T11:41:03.1645076Z     "mesh/cavity2d.msh": "4ab22f7051abb00e881a9a098d5dcda082dd1fcfde7784f8c2ff3a7c2a95d6f1"
palace	UNKNOWN STEP	2026-10-05T11:41:03.1645649Z   },
palace	UNKNOWN STEP	2026-10-05T11:41:03.1645899Z   "output_file_hashes": {
palace	UNKNOWN STEP	2026-10-05T11:41:03.1646462Z     "postpro/eigenmode/eig.csv": "b29eefa4b90a21e38e28393f94de088124332ae56821fe3379b2d000318f2684",
palace	UNKNOWN STEP	2026-10-05T11:41:03.1647371Z     "postpro/eigenmode/domain-E.csv": "0a1d26850d410422e3e4d0a415782cb46738bfb5a4f02ca569a628393cdd324e"
palace	UNKNOWN STEP	2026-10-05T11:41:03.1647897Z   },
palace	UNKNOWN STEP	2026-10-05T11:41:03.1648118Z   "completed_at": "2026-10-05T11:41:03.162125+00:00"
palace	UNKNOWN STEP	2026-10-05T11:41:03.1648401Z }
palace	UNKNOWN STEP	2026-10-05T11:41:03.2253892Z ##[group]Run uv run python scripts/external/check_palace.py
palace	UNKNOWN STEP	2026-10-05T11:41:03.2254413Z ^[[36;1muv run python scripts/external/check_palace.py^[[0m
palace	UNKNOWN STEP	2026-10-05T11:41:03.2254748Z ^[[36;1muv run python - <<'EOF'^[[0m
palace	UNKNOWN STEP	2026-10-05T11:41:03.2255018Z ^[[36;1mimport json, pathlib, sys^[[0m
palace	UNKNOWN STEP	2026-10-05T11:41:03.2255485Z ^[[36;1mstate = json.loads(pathlib.Path("out/toolchain/palace_check.json").read_text())["state"]^[[0m
palace	UNKNOWN STEP	2026-10-05T11:41:03.2255998Z ^[[36;1mprint(f"palace check state: {state}")^[[0m
palace	UNKNOWN STEP	2026-10-05T11:41:03.2256409Z ^[[36;1msys.exit(0 if state in {"SMOKE_TEST_PASSED", "BENCHMARK_EXECUTED"} else 1)^[[0m
palace	UNKNOWN STEP	2026-10-05T11:41:03.2256785Z ^[[36;1mEOF^[[0m
palace	UNKNOWN STEP	2026-10-05T11:41:03.2321976Z shell: /usr/bin/bash -e {0}
palace	UNKNOWN STEP	2026-10-05T11:41:03.2322245Z env:
palace	UNKNOWN STEP	2026-10-05T11:41:03.2322497Z   UV_CACHE_DIR: /home/runner/work/_temp/setup-uv-cache
palace	UNKNOWN STEP	2026-10-05T11:41:03.2322822Z ##[endgroup]
palace	UNKNOWN STEP	2026-10-05T11:41:03.9132651Z {
palace	UNKNOWN STEP	2026-10-05T11:41:03.9162164Z   "schema": "textlayout.palace-check.v1",
palace	UNKNOWN STEP	2026-10-05T11:41:03.9192070Z   "state": "SMOKE_TEST_PASSED",
palace	UNKNOWN STEP	2026-10-05T11:41:03.9222001Z   "required_palace_version": "0.17.0",
palace	UNKNOWN STEP	2026-10-05T11:41:03.9251979Z   "source_archive": {
palace	UNKNOWN STEP	2026-10-05T11:41:03.9282019Z     "available": true,
palace	UNKNOWN STEP	2026-10-05T11:41:03.9312668Z     "path": "/home/runner/work/Text-to-Layout/Text-to-Layout/.tools/external/sources/palace-12d8069afb5aa9e169a17e303d735e120968e9f2.tar.gz",
palace	UNKNOWN STEP	2026-10-05T11:41:03.9314230Z     "sha256": "169f7fe210ea6e771a29bfe0803dd84a774b25b00d2aa3a1f33b9d97a510ff9d",
palace	UNKNOWN STEP	2026-10-05T11:41:03.9314946Z     "size_bytes": 47331791
palace	UNKNOWN STEP	2026-10-05T11:41:03.9315316Z   },
palace	UNKNOWN STEP	2026-10-05T11:41:03.9315629Z   "installation": {
palace	UNKNOWN STEP	2026-10-05T11:41:03.9316049Z     "schema": "textlayout.palace-install.v1",
palace	UNKNOWN STEP	2026-10-05T11:41:03.9316568Z     "requested_version": "0.17.0",
palace	UNKNOWN STEP	2026-10-05T11:41:03.9316979Z     "gmsh": {
palace	UNKNOWN STEP	2026-10-05T11:41:03.9317312Z       "available": true,
palace	UNKNOWN STEP	2026-10-05T11:41:03.9317716Z       "version": "4.15.2",
palace	UNKNOWN STEP	2026-10-05T11:41:03.9318117Z       "expected_version": "4.15.2",
palace	UNKNOWN STEP	2026-10-05T11:41:03.9318930Z       "module": "/home/runner/work/Text-to-Layout/Text-to-Layout/.venv/lib/python3.12/site-packages/gmsh.py",
palace	UNKNOWN STEP	2026-10-05T11:41:03.9320010Z       "module_sha256": "f4b0935cebde899750293d87a643090e5ea33c9b18d249267f507db68a0e01c3"
palace	UNKNOWN STEP	2026-10-05T11:41:03.9320700Z     },
palace	UNKNOWN STEP	2026-10-05T11:41:03.9321015Z     "source_archive": {
palace	UNKNOWN STEP	2026-10-05T11:41:03.9321564Z       "available": true,
palace	UNKNOWN STEP	2026-10-05T11:41:03.9322537Z       "path": "/home/runner/work/Text-to-Layout/Text-to-Layout/.tools/external/sources/palace-12d8069afb5aa9e169a17e303d735e120968e9f2.tar.gz",
palace	UNKNOWN STEP	2026-10-05T11:41:03.9323788Z       "sha256": "169f7fe210ea6e771a29bfe0803dd84a774b25b00d2aa3a1f33b9d97a510ff9d",
palace	UNKNOWN STEP	2026-10-05T11:41:03.9324466Z       "size_bytes": 47331791
palace	UNKNOWN STEP	2026-10-05T11:41:03.9324839Z     },
palace	UNKNOWN STEP	2026-10-05T11:41:03.9325162Z     "status": "INSTALLED",
palace	UNKNOWN STEP	2026-10-05T11:41:03.9325566Z     "strategy": "pinned_spack_wsl",
palace	UNKNOWN STEP	2026-10-05T11:41:03.9326449Z     "palace_version": "0.17.0",
palace	UNKNOWN STEP	2026-10-05T11:41:03.9326962Z     "palace_commit": "12d8069afb5aa9e169a17e303d735e120968e9f2",
palace	UNKNOWN STEP	2026-10-05T11:41:03.9328166Z     "palace_executable": "/home/runner/.cache/textlayout-palace/spack-opt/linux-x86_64_v3/palace-0.17.0-737ugntl33fa5wjglayhp7ojkezkti5s/bin/palace",
palace	UNKNOWN STEP	2026-10-05T11:41:03.9329578Z     "palace_executable_sha256": "ad43ec030f51435f32150a5c72cb324ca03083d2ffc2f91405bbf41c6bc2240f",
palace	UNKNOWN STEP	2026-10-05T11:41:03.9330370Z     "spack_version": "1.1.0",
palace	UNKNOWN STEP	2026-10-05T11:41:03.9330888Z     "spack_commit": "0c2be44e4ece21eb091ad5de4c97716b7c6d4c87",
palace	UNKNOWN STEP	2026-10-05T11:41:03.9331786Z     "spack_packages_commit": "a2928a3376d286ddbf07da62847d5ba5b0fa3c67",
palace	UNKNOWN STEP	2026-10-05T11:41:03.9332508Z     "spack_environment": "external_tools/palace/spack.yaml",
palace	UNKNOWN STEP	2026-10-05T11:41:03.9333190Z     "spack_runtime_cache": "/home/runner/.cache/textlayout-palace",
palace	UNKNOWN STEP	2026-10-05T11:41:03.9333917Z     "install_tree": "/home/runner/.cache/textlayout-palace/spack-opt",
palace	UNKNOWN STEP	2026-10-05T11:41:03.9334675Z     "build_stage": "/home/runner/.cache/textlayout-palace/build-stage",
palace	UNKNOWN STEP	2026-10-05T11:41:03.9335280Z     "compiler_and_mpi_tail": [
palace	UNKNOWN STEP	2026-10-05T11:41:03.9336431Z       "[+] /home/runner/.cache/textlayout-palace/spack-opt/linux-x86_64_v3/palace-0.17.0-737ugntl33fa5wjglayhp7ojkezkti5s",
palace	UNKNOWN STEP	2026-10-05T11:41:03.9342182Z       "==> Installing palace-0.17.0-737ugntl33fa5wjglayhp7ojkezkti5s [63/63]",
palace	UNKNOWN STEP	2026-10-05T11:41:03.9372333Z       "==> Updating view at /home/runner/.cache/textlayout-palace/environment/.spack-env/view",
palace	UNKNOWN STEP	2026-10-05T11:41:03.9373367Z       "gcc (Ubuntu 13.3.0-6ubuntu2~24.04.1) 13.3.0",
palace	UNKNOWN STEP	2026-10-05T11:41:03.9402055Z       "g++ (Ubuntu 13.3.0-6ubuntu2~24.04.1) 13.3.0",
palace	UNKNOWN STEP	2026-10-05T11:41:03.9432056Z       "GNU Fortran (Ubuntu 13.3.0-6ubuntu2~24.04.1) 13.3.0",
palace	UNKNOWN STEP	2026-10-05T11:41:03.9461931Z       "mpirun (Open MPI) 4.1.6",
palace	UNKNOWN STEP	2026-10-05T11:41:03.9462509Z       ""
palace	UNKNOWN STEP	2026-10-05T11:41:03.9491914Z     ],
palace	UNKNOWN STEP	2026-10-05T11:41:03.9521969Z     "installed_at": "2026-10-05T11:40:47.866958+00:00",
palace	UNKNOWN STEP	2026-10-05T11:41:03.9522671Z     "reused": false,
palace	UNKNOWN STEP	2026-10-05T11:41:03.9551937Z     "gmsh_version": "4.15.2",
palace	UNKNOWN STEP	2026-10-05T11:41:03.9582060Z     "native_root": "/home/runner/.cache/textlayout-palace",
palace	UNKNOWN STEP	2026-10-05T11:41:03.9612615Z     "source_archive_path": "/home/runner/work/Text-to-Layout/Text-to-Layout/.tools/external/sources/palace-12d8069afb5aa9e169a17e303d735e120968e9f2.tar.gz",
palace	UNKNOWN STEP	2026-10-05T11:41:03.9614246Z     "source_archive_sha256": "169f7fe210ea6e771a29bfe0803dd84a774b25b00d2aa3a1f33b9d97a510ff9d",
palace	UNKNOWN STEP	2026-10-05T11:41:03.9642043Z     "mpi_version": "mpirun (Open MPI) 4.1.6",
palace	UNKNOWN STEP	2026-10-05T11:41:03.9668768Z     "compiler_versions": {
palace	UNKNOWN STEP	2026-10-05T11:41:03.9692120Z       "gcc": "gcc (Ubuntu 13.3.0-6ubuntu2~24.04.1) 13.3.0",
palace	UNKNOWN STEP	2026-10-05T11:41:03.9722113Z       "gxx": "g++ (Ubuntu 13.3.0-6ubuntu2~24.04.1) 13.3.0",
palace	UNKNOWN STEP	2026-10-05T11:41:03.9722963Z       "gfortran": "GNU Fortran (Ubuntu 13.3.0-6ubuntu2~24.04.1) 13.3.0"
palace	UNKNOWN STEP	2026-10-05T11:41:03.9723555Z     },
palace	UNKNOWN STEP	2026-10-05T11:41:03.9723986Z     "git_commit": "7b435483afaa5a8cdbfec25c9f6de030605eff13"
palace	UNKNOWN STEP	2026-10-05T11:41:03.9724537Z   },
palace	UNKNOWN STEP	2026-10-05T11:41:03.9724840Z   "gmsh": {
palace	UNKNOWN STEP	2026-10-05T11:41:03.9725171Z     "available": true,
palace	UNKNOWN STEP	2026-10-05T11:41:03.9725565Z     "version": "4.15.2",
palace	UNKNOWN STEP	2026-10-05T11:41:03.9725967Z     "expected_version": "4.15.2",
palace	UNKNOWN STEP	2026-10-05T11:41:03.9726775Z     "module": "/home/runner/work/Text-to-Layout/Text-to-Layout/.venv/lib/python3.12/site-packages/gmsh.py",
palace	UNKNOWN STEP	2026-10-05T11:41:03.9727866Z     "module_sha256": "f4b0935cebde899750293d87a643090e5ea33c9b18d249267f507db68a0e01c3"
palace	UNKNOWN STEP	2026-10-05T11:41:03.9728568Z   },
palace	UNKNOWN STEP	2026-10-05T11:41:03.9728907Z   "gmsh_version_valid": true
palace	UNKNOWN STEP	2026-10-05T11:41:03.9729302Z }
palace	UNKNOWN STEP	2026-10-05T11:41:04.0270793Z palace check state: SMOKE_TEST_PASSED
palace	UNKNOWN STEP	2026-10-05T11:41:04.0349890Z ##[group]Run mkdir -p out/toolchain
palace	UNKNOWN STEP	2026-10-05T11:41:04.0361207Z ^[[36;1mmkdir -p out/toolchain^[[0m
palace	UNKNOWN STEP	2026-10-05T11:41:04.0361910Z ^[[36;1m{^[[0m
palace	UNKNOWN STEP	2026-10-05T11:41:04.0362275Z ^[[36;1m  date -u +%FT%TZ^[[0m
palace	UNKNOWN STEP	2026-10-05T11:41:04.0362735Z ^[[36;1m  uname -a^[[0m
palace	UNKNOWN STEP	2026-10-05T11:41:04.0363118Z ^[[36;1m  free -m^[[0m
palace	UNKNOWN STEP	2026-10-05T11:41:04.0363784Z ^[[36;1m  df -h .^[[0m
palace	UNKNOWN STEP	2026-10-05T11:41:04.0364159Z ^[[36;1m  ulimit -a^[[0m
palace	UNKNOWN STEP	2026-10-05T11:41:04.0364599Z ^[[36;1m} > out/toolchain/runner_resources.txt^[[0m
palace	UNKNOWN STEP	2026-10-05T11:41:04.0365190Z ^[[36;1mcat out/toolchain/runner_resources.txt^[[0m
palace	UNKNOWN STEP	2026-10-05T11:41:04.0430062Z shell: /usr/bin/bash -e {0}
palace	UNKNOWN STEP	2026-10-05T11:41:04.0430329Z env:
palace	UNKNOWN STEP	2026-10-05T11:41:04.0430594Z   UV_CACHE_DIR: /home/runner/work/_temp/setup-uv-cache
palace	UNKNOWN STEP	2026-10-05T11:41:04.0430924Z ##[endgroup]
palace	UNKNOWN STEP	2026-10-05T11:41:04.0719809Z 2026-10-05T11:41:04Z
palace	UNKNOWN STEP	2026-10-05T11:41:04.0720849Z Linux runnervm8df0l 6.17.0-1022-azure #22-Ubuntu SMP Mon Jul 27 17:24:03 UTC 2026 x86_64 x86_64 x86_64 GNU/Linux
palace	UNKNOWN STEP	2026-10-05T11:41:04.0721968Z                total        used        free      shared  buff/cache   available
palace	UNKNOWN STEP	2026-10-05T11:41:04.0722705Z Mem:           15989        1110        6445          52        8831       14878
palace	UNKNOWN STEP	2026-10-05T11:41:04.0723490Z Swap:           3071           0        3071
palace	UNKNOWN STEP	2026-10-05T11:41:04.0724193Z Filesystem      Size  Used Avail Use% Mounted on
palace	UNKNOWN STEP	2026-10-05T11:41:04.0724804Z /dev/root       145G   63G   82G  44% /
palace	UNKNOWN STEP	2026-10-05T11:41:04.0725293Z real-time non-blocking time  (microseconds, -R) unlimited
palace	UNKNOWN STEP	2026-10-05T11:41:04.0725788Z core file size              (blocks, -c) 0
palace	UNKNOWN STEP	2026-10-05T11:41:04.0726222Z data seg size               (kbytes, -d) unlimited
palace	UNKNOWN STEP	2026-10-05T11:41:04.0726671Z scheduling priority                 (-e) 0
palace	UNKNOWN STEP	2026-10-05T11:41:04.0727101Z file size                   (blocks, -f) unlimited
palace	UNKNOWN STEP	2026-10-05T11:41:04.0727546Z pending signals                     (-i) 63838
palace	UNKNOWN STEP	2026-10-05T11:41:04.0727975Z max locked memory           (kbytes, -l) 8192
palace	UNKNOWN STEP	2026-10-05T11:41:04.0728429Z max memory size             (kbytes, -m) unlimited
palace	UNKNOWN STEP	2026-10-05T11:41:04.0728883Z open files                          (-n) 65536
palace	UNKNOWN STEP	2026-10-05T11:41:04.0729303Z pipe size                (512 bytes, -p) 8
palace	UNKNOWN STEP	2026-10-05T11:41:04.0729730Z POSIX message queues         (bytes, -q) 819200
palace	UNKNOWN STEP	2026-10-05T11:41:04.0730165Z real-time priority                  (-r) 0
palace	UNKNOWN STEP	2026-10-05T11:41:04.0730573Z stack size                  (kbytes, -s) 16384
palace	UNKNOWN STEP	2026-10-05T11:41:04.0731012Z cpu time                   (seconds, -t) unlimited
palace	UNKNOWN STEP	2026-10-05T11:41:04.0731667Z max user processes                  (-u) 63838
palace	UNKNOWN STEP	2026-10-05T11:41:04.0732130Z virtual memory              (kbytes, -v) unlimited
palace	UNKNOWN STEP	2026-10-05T11:41:04.0732583Z file locks                          (-x) unlimited
palace	UNKNOWN STEP	2026-10-05T11:41:04.0775813Z ##[group]Run actions/upload-artifact@v4
palace	UNKNOWN STEP	2026-10-05T11:41:04.0776110Z with:
palace	UNKNOWN STEP	2026-10-05T11:41:04.0776325Z   name: palace-pre-benchmark-1
palace	UNKNOWN STEP	2026-10-05T11:41:04.0777153Z   path: .tools/palace/install.json
palace	UNKNOWN STEP	out/toolchain/*.json
palace	UNKNOWN STEP	out/toolchain/*.txt
palace	UNKNOWN STEP	out/toolchain/*.log
palace	UNKNOWN STEP	out/toolchain/palace_smoke/*.json
palace	UNKNOWN STEP	out/toolchain/palace_smoke/*.txt
palace	UNKNOWN STEP	out/toolchain/palace_smoke/postpro/eigenmode/*.csv
palace	UNKNOWN STEP	
palace	UNKNOWN STEP	2026-10-05T11:41:04.0778005Z   include-hidden-files: true
palace	UNKNOWN STEP	2026-10-05T11:41:04.0778250Z   if-no-files-found: error
palace	UNKNOWN STEP	2026-10-05T11:41:04.0778477Z   retention-days: 30
palace	UNKNOWN STEP	2026-10-05T11:41:04.0778690Z   compression-level: 6
palace	UNKNOWN STEP	2026-10-05T11:41:04.0778904Z   overwrite: false
palace	UNKNOWN STEP	2026-10-05T11:41:04.0779109Z env:
palace	UNKNOWN STEP	2026-10-05T11:41:04.0779336Z   UV_CACHE_DIR: /home/runner/work/_temp/setup-uv-cache
palace	UNKNOWN STEP	2026-10-05T11:41:04.0779637Z ##[endgroup]
palace	UNKNOWN STEP	2026-10-05T11:41:04.2410388Z (node:680260) [DEP0040] DeprecationWarning: The `punycode` module is deprecated. Please use a userland alternative instead.
palace	UNKNOWN STEP	2026-10-05T11:41:04.2412149Z (Use `node --trace-deprecation ...` to show where the warning was created)
palace	UNKNOWN STEP	2026-10-05T11:41:04.2586837Z Multiple search paths detected. Calculating the least common ancestor of all paths
palace	UNKNOWN STEP	2026-10-05T11:41:04.2612782Z The least common ancestor is /home/runner/work/Text-to-Layout/Text-to-Layout. This will be the root directory of the artifact
palace	UNKNOWN STEP	2026-10-05T11:41:04.2637215Z With the provided path, there will be 16 files uploaded
palace	UNKNOWN STEP	2026-10-05T11:41:04.2638405Z Artifact name is valid!
palace	UNKNOWN STEP	2026-10-05T11:41:04.2638946Z Root directory input is valid!
palace	UNKNOWN STEP	2026-10-05T11:41:04.6284220Z Beginning upload of artifact content to blob storage
palace	UNKNOWN STEP	2026-10-05T11:41:04.6705198Z (node:680260) [DEP0169] DeprecationWarning: `url.parse()` behavior is not standardized and prone to errors that have security implications. Use the WHATWG URL API instead. CVEs are not issued for `url.parse()` vulnerabilities.
palace	UNKNOWN STEP	2026-10-05T11:41:04.9886467Z Uploaded bytes 27647
palace	UNKNOWN STEP	2026-10-05T11:41:05.0608348Z Finished uploading artifact content to blob storage!
palace	UNKNOWN STEP	2026-10-05T11:41:05.0609723Z SHA256 digest of uploaded artifact zip is d9d0d5277982b3e97f44f41805268e533f71871ceec150502cc0797282861728
palace	UNKNOWN STEP	2026-10-05T11:41:05.0612367Z Finalizing artifact upload
palace	UNKNOWN STEP	2026-10-05T11:41:05.3284388Z Artifact palace-pre-benchmark-1.zip successfully finalized. Artifact ID 11343287176
palace	UNKNOWN STEP	2026-10-05T11:41:05.3287125Z Artifact palace-pre-benchmark-1 has been successfully uploaded! Final size is 27647 bytes. Artifact ID is 11343287176
palace	UNKNOWN STEP	2026-10-05T11:41:05.3294206Z Artifact download URL: https://github.com/JungluChen/Text-to-Layout/actions/runs/37295967484/artifacts/11343287176
palace	UNKNOWN STEP	2026-10-05T11:41:05.3444795Z ##[group]Run # Observe without owning or changing the solver command. On shell exit,
palace	UNKNOWN STEP	2026-10-05T11:41:05.3445427Z ^[[36;1m# Observe without owning or changing the solver command. On shell exit,^[[0m
palace	UNKNOWN STEP	2026-10-05T11:41:05.3445949Z ^[[36;1m# stop only this observer; retain the benchmark's original exit status.^[[0m
palace	UNKNOWN STEP	2026-10-05T11:41:05.3446414Z ^[[36;1m.venv/bin/python -u scripts/observe_palace_ci.py \^[[0m
palace	UNKNOWN STEP	2026-10-05T11:41:05.3446776Z ^[[36;1m  --run out/palace_resonator_v017 \^[[0m
palace	UNKNOWN STEP	2026-10-05T11:41:05.3447122Z ^[[36;1m  --output out/toolchain/palace_runtime.txt &^[[0m
palace	UNKNOWN STEP	2026-10-05T11:41:05.3447448Z ^[[36;1mobserver_pid=$!^[[0m
palace	UNKNOWN STEP	2026-10-05T11:41:05.3447869Z ^[[36;1mtrap 'kill "$observer_pid" 2>/dev/null || true; wait "$observer_pid" 2>/dev/null || true' EXIT^[[0m
palace	UNKNOWN STEP	2026-10-05T11:41:05.3448372Z ^[[36;1muv run textlayout simulate palace-resonator \^[[0m
palace	UNKNOWN STEP	2026-10-05T11:41:05.3448712Z ^[[36;1m  --out out/palace_resonator_v017 \^[[0m
palace	UNKNOWN STEP	2026-10-05T11:41:05.3449007Z ^[[36;1m  --processes 2 \^[[0m
palace	UNKNOWN STEP	2026-10-05T11:41:05.3449284Z ^[[36;1m  --mesh-scale 4.0 \^[[0m
palace	UNKNOWN STEP	2026-10-05T11:41:05.3449533Z ^[[36;1m  --amr-iterations 4^[[0m
palace	UNKNOWN STEP	2026-10-05T11:41:05.3513821Z shell: /usr/bin/bash -e {0}
palace	UNKNOWN STEP	2026-10-05T11:41:05.3514146Z env:
palace	UNKNOWN STEP	2026-10-05T11:41:05.3514459Z   UV_CACHE_DIR: /home/runner/work/_temp/setup-uv-cache
palace	UNKNOWN STEP	2026-10-05T11:41:05.3514873Z ##[endgroup]
palace	UNKNOWN STEP	2026-10-05T11:41:05.4178179Z {"schema": "textlayout.palace-ci-observation.v1", "timestamp": "2026-10-05T11:41:05.392232+00:00", "scope": "host/process diagnostics; not numerical validation", "meminfo": {"size_bytes": 1615, "head": "MemTotal:       16373452 kB\nMemFree:         6595392 kB\nMemAvailable:   15230828 kB\nBuffers:          352168 kB\nCached:          8162868 kB\nSwapCached:            0 kB\nActive:          1491304 kB\nInactive:        7361928 kB\nActive(anon):     401340 kB\nInactive(anon):        0 kB\nActive(file):    1089964 kB\nInactive(file):  7361928 kB\nUnevictable:       46760 kB\nMlocked:           43688 kB\nSwapTotal:       3145724 kB\nSwapFree:        3145724 kB\nZswap:                 0 kB\nZswapped:              0 kB\nDirty:             56968 kB\nWriteback:             8 kB\nAnonPages:        367400 kB\nMapped:           353952 kB\nShmem:             54400 kB\nKReclaimable:     529496 kB\nSlab:             653848 kB\nSReclaimable:     529496 kB\nSUnreclaim:       124352 kB\nKernelStack:        4096 kB\nPageTables:         6776 kB\nSecPageTables:         0 kB\nNFS_Unstable:          0 kB\nBounce:                0 kB\nWritebackTmp:          0 kB\nCommitLimit:    11332448 kB\nCommitted_AS:    2094236 kB\nVmallocTotal:   34359738367 kB\nVmallocUsed:       39360 kB\nVmallocChunk:          0 kB\nPercpu:             2400 kB\nHardwareCorrupted:     0 kB\nAnonHugePages:    169984 kB\nShmemHugePages:        0 kB\nShmemPmdMapped:        0 kB\nFileHugePages:    135168 kB\nFilePmdMapped:         0 kB\nCmaTotal:              0 kB\nCmaFree:               0 kB\nUnaccepted:            0 kB\nBalloon:               0 kB\nHugePages_Total:       0\nHugePages_Free:        0\nHugePages_Rsvd:        0\nHugePages_Surp:        0\nHugepagesize:       2048 kB\nHugetlb:               0 kB\nDirectMap4k:      109696 kB\nDirectMap2M:     4079616 kB\nDirectMap1G:    14680064 kB\n", "truncated": false, "read_mode": "bounded_prefix"}, "files": {"toolchain.json": {"unavailable": "FileNotFoundError"}, "resource_decision.json": {"unavailable": "FileNotFoundError"}, "run_manifest.json": {"unavailable": "FileNotFoundError"}, "base_mesh/mesh_metrics.json": {"unavailable": "FileNotFoundError"}, "base_mesh/palace_amr.json": {"unavailable": "FileNotFoundError"}, "base_mesh/palace.stdout.txt": {"unavailable": "FileNotFoundError"}, "base_mesh/palace.stderr.txt": {"unavailable": "FileNotFoundError"}, "base_mesh/resource_summary.json": {"unavailable": "FileNotFoundError"}, "base_mesh/resource_samples.json": {"unavailable": "FileNotFoundError"}}, "cgroup_path": "/system.slice/hosted-compute-agent.service", "cgroup_memory": {"memory.current": {"size_bytes": 0, "tail": "6911275008\n", "truncated": false}, "memory.peak": {"size_bytes": 0, "tail": "10890240000\n", "truncated": false}, "memory.max": {"size_bytes": 0, "tail": "max\n", "truncated": false}, "memory.events": {"size_bytes": 0, "tail": "low 0\nhigh 0\nmax 0\noom 0\noom_kill 0\noom_group_kill 0\n", "truncated": false}}, "process_columns": "pid ppid rss_KiB vsz_KiB cpu_percent command_name", "largest_processes": ["   2297    2277 157308 274502028 0.4 Runner.Worker", "   2105    2102 141000 1431640 0.2 provjobd1430605", "   2277    2089 118348 274411108 0.0 Runner.Listener", "   1387       1 74276 2045424 0.0 dockerd", "   1009       1 51552 295288  0.0 php-fpm8.3", " 680275  680273 47184 216764 20.0 uv", "   1083       1 44808 1960792 0.0 containerd", "    218       1 43716 305388  0.0 multipathd", "   1390    1044 38008 454664  0.0 python3", "   1044       1 30852  39480  0.0 python3", "   1441    1009 21476 295892  0.0 php-fpm8.3", "   1439    1009 21460 295888  0.0 php-fpm8.3"]}
palace	UNKNOWN STEP	2026-10-05T11:41:35.4390508Z {"schema": "textlayout.palace-ci-observation.v1", "timestamp": "2026-10-05T11:41:35.416469+00:00", "scope": "host/process diagnostics; not numerical validation", "meminfo": {"size_bytes": 1615, "head": "MemTotal:       16373452 kB\nMemFree:         5352396 kB\nMemAvailable:   13999028 kB\nBuffers:          352308 kB\nCached:          8174348 kB\nSwapCached:            0 kB\nActive:          2720888 kB\nInactive:        7373044 kB\nActive(anon):    1630784 kB\nInactive(anon):        0 kB\nActive(file):    1090104 kB\nInactive(file):  7373044 kB\nUnevictable:       46760 kB\nMlocked:           43688 kB\nSwapTotal:       3145724 kB\nSwapFree:        3145724 kB\nZswap:                 0 kB\nZswapped:              0 kB\nDirty:             11220 kB\nWriteback:             0 kB\nAnonPages:       1594856 kB\nMapped:           469792 kB\nShmem:             54776 kB\nKReclaimable:     529436 kB\nSlab:             654280 kB\nSReclaimable:     529436 kB\nSUnreclaim:       124844 kB\nKernelStack:        4304 kB\nPageTables:        10604 kB\nSecPageTables:         0 kB\nNFS_Unstable:          0 kB\nBounce:                0 kB\nWritebackTmp:          0 kB\nCommitLimit:    11332448 kB\nCommitted_AS:    4337384 kB\nVmallocTotal:   34359738367 kB\nVmallocUsed:       39696 kB\nVmallocChunk:          0 kB\nPercpu:             2400 kB\nHardwareCorrupted:     0 kB\nAnonHugePages:    991232 kB\nShmemHugePages:        0 kB\nShmemPmdMapped:        0 kB\nFileHugePages:    135168 kB\nFilePmdMapped:         0 kB\nCmaTotal:              0 kB\nCmaFree:               0 kB\nUnaccepted:            0 kB\nBalloon:               0 kB\nHugePages_Total:       0\nHugePages_Free:        0\nHugePages_Rsvd:        0\nHugePages_Surp:        0\nHugepagesize:       2048 kB\nHugetlb:               0 kB\nDirectMap4k:      109696 kB\nDirectMap2M:     4079616 kB\nDirectMap1G:    14680064 kB\n", "truncated": false, "read_mode": "bounded_prefix"}, "files": {"toolchain.json": {"size_bytes": 3922, "tail": "{\n  \"capability\": {\n    \"available\": true,\n    \"container_digest\": null,\n    \"container_engine\": null,\n    \"container_image\": null,\n    \"executable\": \"/home/runner/.cache/textlayout-palace/spack-opt/linux-x86_64_v3/palace-0.17.0-737ugntl33fa5wjglayhp7ojkezkti5s/bin/palace\",\n    \"executable_sha256\": \"ad43ec030f51435f32150a5c72cb324ca03083d2ffc2f91405bbf41c6bc2240f\",\n    \"execution_kind\": \"executable\",\n    \"identified\": true,\n    \"mpi_launcher\": \"/usr/bin/mpirun\",\n    \"status\": \"AVAILABLE\",\n    \"unavailable_reason\": null,\n    \"version\": \"0.17.0\"\n  },\n  \"generated_at\": \"2026-10-05T11:41:06+00:00\",\n  \"git_commit\": \"7b435483afaa5a8cdbfec25c9f6de030605eff13\",\n  \"gmsh\": {\n    \"available\": true,\n    \"expected_version\": \"4.15.2\",\n    \"module\": \"/home/runner/work/Text-to-Layout/Text-to-Layout/.venv/lib/python3.12/site-packages/gmsh.py\",\n    \"module_sha256\": \"f4b0935cebde899750293d87a643090e5ea33c9b18d249267f507db68a0e01c3\",\n    \"version\": \"4.15.2\"\n  },\n  \"install_record\": {\n    \"build_stage\": \"/home/runner/.cache/textlayout-palace/build-stage\",\n    \"compiler_and_mpi_tail\": [\n      \"[+] /home/runner/.cache/textlayout-palace/spack-opt/linux-x86_64_v3/palace-0.17.0-737ugntl33fa5wjglayhp7ojkezkti5s\",\n      \"==> Installing palace-0.17.0-737ugntl33fa5wjglayhp7ojkezkti5s [63/63]\",\n      \"==> Updating view at /home/runner/.cache/textlayout-palace/environment/.spack-env/view\",\n      \"gcc (Ubuntu 13.3.0-6ubuntu2~24.04.1) 13.3.0\",\n      \"g++ (Ubuntu 13.3.0-6ubuntu2~24.04.1) 13.3.0\",\n      \"GNU Fortran (Ubuntu 13.3.0-6ubuntu2~24.04.1) 13.3.0\",\n      \"mpirun (Open MPI) 4.1.6\",\n      \"\"\n    ],\n    \"compiler_versions\": {\n      \"gcc\": \"gcc (Ubuntu 13.3.0-6ubuntu2~24.04.1) 13.3.0\",\n      \"gfortran\": \"GNU Fortran (Ubuntu 13.3.0-6ubuntu2~24.04.1) 13.3.0\",\n      \"gxx\": \"g++ (Ubuntu 13.3.0-6ubuntu2~24.04.1) 13.3.0\"\n    },\n    \"git_commit\": \"7b435483afaa5a8cdbfec25c9f6de030605eff13\",\n    \"gmsh\": {\n      \"available\": true,\n      \"expected_version\": \"4.15.2\",\n      \"module\": \"/home/runner/work/Text-to-Layout/Text-to-Layout/.venv/lib/python3.12/site-packages/gmsh.py\",\n      \"module_sha256\": \"f4b0935cebde899750293d87a643090e5ea33c9b18d249267f507db68a0e01c3\",\n      \"version\": \"4.15.2\"\n    },\n    \"gmsh_version\": \"4.15.2\",\n    \"install_tree\": \"/home/runner/.cache/textlayout-palace/spack-opt\",\n    \"installed_at\": \"2026-10-05T11:40:47.866958+00:00\",\n    \"mpi_version\": \"mpirun (Open MPI) 4.1.6\",\n    \"native_root\": \"/home/runner/.cache/textlayout-palace\",\n    \"palace_commit\": \"12d8069afb5aa9e169a17e303d735e120968e9f2\",\n    \"palace_executable\": \"/home/runner/.cache/textlayout-palace/spack-opt/linux-x86_64_v3/palace-0.17.0-737ugntl33fa5wjglayhp7ojkezkti5s/bin/palace\",\n    \"palace_executable_sha256\": \"ad43ec030f51435f32150a5c72cb324ca03083d2ffc2f91405bbf41c6bc2240f\",\n    \"palace_version\": \"0.17.0\",\n    \"requested_version\": \"0.17.0\",\n    \"reused\": false,\n    \"schema\": \"textlayout.palace-install.v1\",\n    \"source_archive\": {\n      \"available\": true,\n      \"path\": \"/home/runner/work/Text-to-Layout/Text-to-Layout/.tools/external/sources/palace-12d8069afb5aa9e169a17e303d735e120968e9f2.tar.gz\",\n      \"sha256\": \"169f7fe210ea6e771a29bfe0803dd84a774b25b00d2aa3a1f33b9d97a510ff9d\",\n      \"size_bytes\": 47331791\n    },\n    \"source_archive_path\": \"/home/runner/work/Text-to-Layout/Text-to-Layout/.tools/external/sources/palace-12d8069afb5aa9e169a17e303d735e120968e9f2.tar.gz\",\n    \"source_archive_sha256\": \"169f7fe210ea6e771a29bfe0803dd84a774b25b00d2aa3a1f33b9d97a510ff9d\",\n    \"spack_commit\": \"0c2be44e4ece21eb091ad5de4c97716b7c6d4c87\",\n    \"spack_environment\": \"external_tools/palace/spack.yaml\",\n    \"spack_packages_commit\": \"a2928a3376d286ddbf07da62847d5ba5b0fa3c67\",\n    \"spack_runtime_cache\": \"/home/runner/.cache/textlayout-palace\",\n    \"spack_version\": \"1.1.0\",\n    \"status\": \"INSTALLED\",\n    \"strategy\": \"pinned_spack_wsl\"\n  },\n  \"required_palace_version\": \"0.17.0\",\n  \"schema\": \"textlayout.palace-toolchain.v1\"\n}\n", "truncated": false}, "resource_decision.json": {"size_bytes": 288, "tail": "{\n  \"accepted_processes\": 2,\n  \"available_mb\": 14815,\n  \"memory_tier\": \"unknown\",\n  \"preflight_peak_mb\": null,\n  \"rationale\": \"no peak-memory estimate available; honouring the requested count\",\n  \"requested_processes\": 2,\n  \"timestamp\": \"2026-10-05T11:41:06+00:00\",\n  \"total_mb\": 15989\n}\n", "truncated": false}, "run_manifest.json": {"unavailable": "FileNotFoundError"}, "base_mesh/mesh_metrics.json": {"size_bytes": 403, "tail": "{\n  \"element_count\": 206137,\n  \"extents\": {\n    \"lateral_margin_um\": 100.0,\n    \"lid_height_um\": 450.0,\n    \"substrate_thickness_um\": 300.0,\n    \"vacuum_height_um\": 300.0\n  },\n  \"mean_quality\": 0.7263143756565194,\n  \"mesh_scale\": 4.0,\n  \"mesh_sha256\": \"d2c7eee442ccec0b5acf7a37a98b61dd305b53bafb68f0d43dab3ba0dc2b069e\",\n  \"minimum_quality\": 0.15838171066132758,\n  \"runtime_seconds\": 7.345174475000022\n}\n", "truncated": false}, "base_mesh/palace_amr.json": {"size_bytes": 2038, "tail": "{\n  \"Boundaries\": {\n    \"PEC\": {\n      \"Attributes\": [\n        10,\n        11,\n        12,\n        30,\n        31\n      ]\n    }\n  },\n  \"Domains\": {\n    \"Materials\": [\n      {\n        \"Attributes\": [\n          1\n        ],\n        \"LossTan\": 1e-06,\n        \"Permeability\": 1.0,\n        \"Permittivity\": 11.45\n      },\n      {\n        \"Attributes\": [\n          2\n        ],\n        \"LossTan\": 1e-06,\n        \"Permeability\": 1.0,\n        \"Permittivity\": 11.45\n      },\n      {\n        \"Attributes\": [\n          3\n        ],\n        \"Permeability\": 1.0,\n        \"Permittivity\": 1.0\n      },\n      {\n        \"Attributes\": [\n          4\n        ],\n        \"Permeability\": 1.0,\n        \"Permittivity\": 1.0\n      },\n      {\n        \"Attributes\": [\n          5\n        ],\n        \"Permeability\": 1.0,\n        \"Permittivity\": 1.0\n      }\n    ],\n    \"Postprocessing\": {\n      \"Energy\": [\n        {\n          \"Attributes\": [\n            1\n          ],\n          \"Index\": 1\n        },\n        {\n          \"Attributes\": [\n            2\n          ],\n          \"Index\": 2\n        },\n        {\n          \"Attributes\": [\n            3\n          ],\n          \"Index\": 3\n        },\n        {\n          \"Attributes\": [\n            4\n          ],\n          \"Index\": 4\n        },\n        {\n          \"Attributes\": [\n            5\n          ],\n          \"Index\": 5\n        }\n      ]\n    }\n  },\n  \"Model\": {\n    \"L0\": 1e-06,\n    \"Mesh\": \"quarter_wave_base.msh\",\n    \"Refinement\": {\n      \"MaxIts\": 4,\n      \"Nonconformal\": false,\n      \"SaveAdaptIterations\": true,\n      \"SaveAdaptMesh\": true,\n      \"Tol\": 0.0001,\n      \"UpdateFraction\": 0.7\n    }\n  },\n  \"Problem\": {\n    \"Output\": \"postpro\",\n    \"OutputFormats\": {\n      \"GridFunction\": true,\n      \"Paraview\": true\n    },\n    \"Type\": \"Eigenmode\",\n    \"Verbose\": 2\n  },\n  \"Solver\": {\n    \"Device\": \"CPU\",\n    \"Eigenmode\": {\n      \"N\": 4,\n      \"Save\": 4,\n      \"Target\": 2.7,\n      \"Tol\": 1e-09\n    },\n    \"Linear\": {\n      \"MaxIts\": 1000,\n      \"Tol\": 1e-09,\n      \"Type\": \"Default\"\n    },\n    \"Order\": 1\n  }\n}\n", "truncated": false}, "base_mesh/palace.stdout.txt": {"size_bytes": 2363, "tail": ">> /usr/bin/mpirun -n 2 /home/runner/.cache/textlayout-palace/spack-opt/linux-x86_64_v3/palace-0.17.0-737ugntl33fa5wjglayhp7ojkezkti5s/bin/palace-x86_64.bin palace_amr.json\n\n_____________     _______\n_____   __   \\____ __   /____ ____________\n____   /_/  /  __ ` /  /  __ ` /  ___/  _ \\\n___   _____/  /_/  /  /  /_/  /  /__/  ___/\n  /__/     \\___,__/__/\\___,__/\\_____\\_____/\n\nGit changeset ID: v0.17.0\nRunning with 2 MPI processes\nDevice configuration: cpu\nMemory configuration: host-std\nlibCEED backend: /cpu/self/avx/blocked\n\nAdded 182 elements in 1 iterations of local bisection for under-resolved interior boundaries\nAdded 3718 duplicate vertices for interior boundaries in the mesh\nAdded 10549 duplicate boundary elements for interior boundaries in the mesh\nAdded 5282 boundary elements for material interfaces to the mesh\n\nCharacteristic length and time scales:\n Lc = 5.188e-03 m, tc = 1.731e-02 ns\nFinished partitioning mesh into 2 subdomains\n\nMesh curvature order: 1\nMesh bounding box:\n (Xmin, Ymin, Zmin) = (-2.500e-04, -1.000e-04, -3.000e-04) m\n (Xmax, Ymax, Zmax) = (+2.500e-04, +5.088e-03, +4.500e-04) m\n\nParallel Mesh Stats:\n\n                minimum     average     maximum       total\n vertices         19660       19795       19931       39591\n edges           128569      129068      129568      258137\n faces           212042      212432      212823      424865\n elements        103134      103159      103185      206319\n neighbors            1           1           1\n\n            minimum     maximum\n h      0.000602285   0.0491128\n kappa      1.06686     16.9084\n\nEstimated current per-rank memory usage is: Min. 72.5M, Max. 194.9M, Avg. 133.7M, Total 267.4M\nEstimated current per-node memory usage is: Min. 267.6M, Max. 267.6M, Avg. 267.6M, Total 267.6M\n\nConfiguring Dirichlet PEC BC at attributes:\n 10-12, 30-31\n\nAssembling system matrices, number of global unknowns:\n H1 (p = 1): 39591, ND (p = 1): 258137, RT (p = 1): 424865\n Operator assembly level: Partial\n Mesh geometries:\n  Tetrahedron: P = 6, Q = 4 (quadrature order = 2)\n\nConfiguring ARPACK eigenvalue solver:\n Scaling \u03b3 = 1.416e+05, \u03b4 = 4.055e-05\n Configuring divergence-free projection\n Using random starting vector\n Shift-and-invert \u03c3 = 2.700e+00 GHz (2.936e-01)\n\nAssembling multigrid hierarchy:\n Level 0 (p = 1): 258137 unknowns\n Level 0 (auxiliary) (p = 1): 39591 unknowns\n", "truncated": false}, "base_mesh/palace.stderr.txt": {"size_bytes": 0, "tail": "", "truncated": false}, "base_mesh/resource_summary.json": {"unavailable": "FileNotFoundError"}, "base_mesh/resource_samples.json": {"unavailable": "FileNotFoundError"}}, "cgroup_path": "/system.slice/hosted-compute-agent.service", "cgroup_memory": {"memory.current": {"size_bytes": 0, "tail": "8186576896\n", "truncated": false}, "memory.peak": {"size_bytes": 0, "tail": "10890240000\n", "truncated": false}, "memory.max": {"size_bytes": 0, "tail": "max\n", "truncated": false}, "memory.events": {"size_bytes": 0, "tail": "low 0\nhigh 0\nmax 0\noom 0\noom_kill 0\noom_group_kill 0\n", "truncated": false}}, "process_columns": "pid ppid rss_KiB vsz_KiB cpu_percent command_name", "largest_processes": [" 680588  680539 611724 932524 99.9 palace-x86_64.b", " 680591  680539 605200 942524 99.9 palace-x86_64.b", " 680278  680275 165984 1295316 29.1 textlayout", "   2297    2277 157324 274502012 0.4 Runner.Worker", "   2105    2102 145428 1431640 0.2 provjobd1430605", "   2277    2089 118348 274411092 0.0 Runner.Listener", "   1387       1 74276 2045424 0.0 dockerd", "   1009       1 51552 295288  0.0 php-fpm8.3", " 680275  680273 46284 216752  0.0 uv", "   1083       1 44808 1960792 0.0 containerd", "    218       1 43716 305388  0.0 multipathd", "   1390    1044 38008 454664  0.0 python3"]}
palace	UNKNOWN STEP	2026-10-05T11:42:05.4554930Z {"schema": "textlayout.palace-ci-observation.v1", "timestamp": "2026-10-05T11:42:05.432029+00:00", "scope": "host/process diagnostics; not numerical validation", "meminfo": {"size_bytes": 1615, "head": "MemTotal:       16373452 kB\nMemFree:         3662180 kB\nMemAvailable:   12307804 kB\nBuffers:          352328 kB\nCached:          8179092 kB\nSwapCached:            0 kB\nActive:          4399072 kB\nInactive:        7373132 kB\nActive(anon):    3308968 kB\nInactive(anon):        0 kB\nActive(file):    1090104 kB\nInactive(file):  7373132 kB\nUnevictable:       46760 kB\nMlocked:           43688 kB\nSwapTotal:       3145724 kB\nSwapFree:        3145724 kB\nZswap:                 0 kB\nZswapped:              0 kB\nDirty:               284 kB\nWriteback:             0 kB\nAnonPages:       3267092 kB\nMapped:           475680 kB\nShmem:             59452 kB\nKReclaimable:     528340 kB\nSlab:             653168 kB\nSReclaimable:     528340 kB\nSUnreclaim:       124828 kB\nKernelStack:        4324 kB\nPageTables:        14088 kB\nSecPageTables:         0 kB\nNFS_Unstable:          0 kB\nBounce:                0 kB\nWritebackTmp:          0 kB\nCommitLimit:    11332448 kB\nCommitted_AS:    6055400 kB\nVmallocTotal:   34359738367 kB\nVmallocUsed:       39712 kB\nVmallocChunk:          0 kB\nPercpu:             2400 kB\nHardwareCorrupted:     0 kB\nAnonHugePages:   1804288 kB\nShmemHugePages:        0 kB\nShmemPmdMapped:        0 kB\nFileHugePages:    135168 kB\nFilePmdMapped:         0 kB\nCmaTotal:              0 kB\nCmaFree:               0 kB\nUnaccepted:            0 kB\nBalloon:               0 kB\nHugePages_Total:       0\nHugePages_Free:        0\nHugePages_Rsvd:        0\nHugePages_Surp:        0\nHugepagesize:       2048 kB\nHugetlb:               0 kB\nDirectMap4k:      109696 kB\nDirectMap2M:     4079616 kB\nDirectMap1G:    14680064 kB\n", "truncated": false, "read_mode": "bounded_prefix"}, "files": {"toolchain.json": {"size_bytes": 3922, "tail": "{\n  \"capability\": {\n    \"available\": true,\n    \"container_digest\": null,\n    \"container_engine\": null,\n    \"container_image\": null,\n    \"executable\": \"/home/runner/.cache/textlayout-palace/spack-opt/linux-x86_64_v3/palace-0.17.0-737ugntl33fa5wjglayhp7ojkezkti5s/bin/palace\",\n    \"executable_sha256\": \"ad43ec030f51435f32150a5c72cb324ca03083d2ffc2f91405bbf41c6bc2240f\",\n    \"execution_kind\": \"executable\",\n    \"identified\": true,\n    \"mpi_launcher\": \"/usr/bin/mpirun\",\n    \"status\": \"AVAILABLE\",\n    \"unavailable_reason\": null,\n    \"version\": \"0.17.0\"\n  },\n  \"generated_at\": \"2026-10-05T11:41:06+00:00\",\n  \"git_commit\": \"7b435483afaa5a8cdbfec25c9f6de030605eff13\",\n  \"gmsh\": {\n    \"available\": true,\n    \"expected_version\": \"4.15.2\",\n    \"module\": \"/home/runner/work/Text-to-Layout/Text-to-Layout/.venv/lib/python3.12/site-packages/gmsh.py\",\n    \"module_sha256\": \"f4b0935cebde899750293d87a643090e5ea33c9b18d249267f507db68a0e01c3\",\n    \"version\": \"4.15.2\"\n  },\n  \"install_record\": {\n    \"build_stage\": \"/home/runner/.cache/textlayout-palace/build-stage\",\n    \"compiler_and_mpi_tail\": [\n      \"[+] /home/runner/.cache/textlayout-palace/spack-opt/linux-x86_64_v3/palace-0.17.0-737ugntl33fa5wjglayhp7ojkezkti5s\",\n      \"==> Installing palace-0.17.0-737ugntl33fa5wjglayhp7ojkezkti5s [63/63]\",\n      \"==> Updating view at /home/runner/.cache/textlayout-palace/environment/.spack-env/view\",\n      \"gcc (Ubuntu 13.3.0-6ubuntu2~24.04.1) 13.3.0\",\n      \"g++ (Ubuntu 13.3.0-6ubuntu2~24.04.1) 13.3.0\",\n      \"GNU Fortran (Ubuntu 13.3.0-6ubuntu2~24.04.1) 13.3.0\",\n      \"mpirun (Open MPI) 4.1.6\",\n      \"\"\n    ],\n    \"compiler_versions\": {\n      \"gcc\": \"gcc (Ubuntu 13.3.0-6ubuntu2~24.04.1) 13.3.0\",\n      \"gfortran\": \"GNU Fortran (Ubuntu 13.3.0-6ubuntu2~24.04.1) 13.3.0\",\n      \"gxx\": \"g++ (Ubuntu 13.3.0-6ubuntu2~24.04.1) 13.3.0\"\n    },\n    \"git_commit\": \"7b435483afaa5a8cdbfec25c9f6de030605eff13\",\n    \"gmsh\": {\n      \"available\": true,\n      \"expected_version\": \"4.15.2\",\n      \"module\": \"/home/runner/work/Text-to-Layout/Text-to-Layout/.venv/lib/python3.12/site-packages/gmsh.py\",\n      \"module_sha256\": \"f4b0935cebde899750293d87a643090e5ea33c9b18d249267f507db68a0e01c3\",\n      \"version\": \"4.15.2\"\n    },\n    \"gmsh_version\": \"4.15.2\",\n    \"install_tree\": \"/home/runner/.cache/textlayout-palace/spack-opt\",\n    \"installed_at\": \"2026-10-05T11:40:47.866958+00:00\",\n    \"mpi_version\": \"mpirun (Open MPI) 4.1.6\",\n    \"native_root\": \"/home/runner/.cache/textlayout-palace\",\n    \"palace_commit\": \"12d8069afb5aa9e169a17e303d735e120968e9f2\",\n    \"palace_executable\": \"/home/runner/.cache/textlayout-palace/spack-opt/linux-x86_64_v3/palace-0.17.0-737ugntl33fa5wjglayhp7ojkezkti5s/bin/palace\",\n    \"palace_executable_sha256\": \"ad43ec030f51435f32150a5c72cb324ca03083d2ffc2f91405bbf41c6bc2240f\",\n    \"palace_version\": \"0.17.0\",\n    \"requested_version\": \"0.17.0\",\n    \"reused\": false,\n    \"schema\": \"textlayout.palace-install.v1\",\n    \"source_archive\": {\n      \"available\": true,\n      \"path\": \"/home/runner/work/Text-to-Layout/Text-to-Layout/.tools/external/sources/palace-12d8069afb5aa9e169a17e303d735e120968e9f2.tar.gz\",\n      \"sha256\": \"169f7fe210ea6e771a29bfe0803dd84a774b25b00d2aa3a1f33b9d97a510ff9d\",\n      \"size_bytes\": 47331791\n    },\n    \"source_archive_path\": \"/home/runner/work/Text-to-Layout/Text-to-Layout/.tools/external/sources/palace-12d8069afb5aa9e169a17e303d735e120968e9f2.tar.gz\",\n    \"source_archive_sha256\": \"169f7fe210ea6e771a29bfe0803dd84a774b25b00d2aa3a1f33b9d97a510ff9d\",\n    \"spack_commit\": \"0c2be44e4ece21eb091ad5de4c97716b7c6d4c87\",\n    \"spack_environment\": \"external_tools/palace/spack.yaml\",\n    \"spack_packages_commit\": \"a2928a3376d286ddbf07da62847d5ba5b0fa3c67\",\n    \"spack_runtime_cache\": \"/home/runner/.cache/textlayout-palace\",\n    \"spack_version\": \"1.1.0\",\n    \"status\": \"INSTALLED\",\n    \"strategy\": \"pinned_spack_wsl\"\n  },\n  \"required_palace_version\": \"0.17.0\",\n  \"schema\": \"textlayout.palace-toolchain.v1\"\n}\n", "truncated": false}, "resource_decision.json": {"size_bytes": 288, "tail": "{\n  \"accepted_processes\": 2,\n  \"available_mb\": 14815,\n  \"memory_tier\": \"unknown\",\n  \"preflight_peak_mb\": null,\n  \"rationale\": \"no peak-memory estimate available; honouring the requested count\",\n  \"requested_processes\": 2,\n  \"timestamp\": \"2026-10-05T11:41:06+00:00\",\n  \"total_mb\": 15989\n}\n", "truncated": false}, "run_manifest.json": {"unavailable": "FileNotFoundError"}, "base_mesh/mesh_metrics.json": {"size_bytes": 403, "tail": "{\n  \"element_count\": 206137,\n  \"extents\": {\n    \"lateral_margin_um\": 100.0,\n    \"lid_height_um\": 450.0,\n    \"substrate_thickness_um\": 300.0,\n    \"vacuum_height_um\": 300.0\n  },\n  \"mean_quality\": 0.7263143756565194,\n  \"mesh_scale\": 4.0,\n  \"mesh_sha256\": \"d2c7eee442ccec0b5acf7a37a98b61dd305b53bafb68f0d43dab3ba0dc2b069e\",\n  \"minimum_quality\": 0.15838171066132758,\n  \"runtime_seconds\": 7.345174475000022\n}\n", "truncated": false}, "base_mesh/palace_amr.json": {"size_bytes": 2038, "tail": "{\n  \"Boundaries\": {\n    \"PEC\": {\n      \"Attributes\": [\n        10,\n        11,\n        12,\n        30,\n        31\n      ]\n    }\n  },\n  \"Domains\": {\n    \"Materials\": [\n      {\n        \"Attributes\": [\n          1\n        ],\n        \"LossTan\": 1e-06,\n        \"Permeability\": 1.0,\n        \"Permittivity\": 11.45\n      },\n      {\n        \"Attributes\": [\n          2\n        ],\n        \"LossTan\": 1e-06,\n        \"Permeability\": 1.0,\n        \"Permittivity\": 11.45\n      },\n      {\n        \"Attributes\": [\n          3\n        ],\n        \"Permeability\": 1.0,\n        \"Permittivity\": 1.0\n      },\n      {\n        \"Attributes\": [\n          4\n        ],\n        \"Permeability\": 1.0,\n        \"Permittivity\": 1.0\n      },\n      {\n        \"Attributes\": [\n          5\n        ],\n        \"Permeability\": 1.0,\n        \"Permittivity\": 1.0\n      }\n    ],\n    \"Postprocessing\": {\n      \"Energy\": [\n        {\n          \"Attributes\": [\n            1\n          ],\n          \"Index\": 1\n        },\n        {\n          \"Attributes\": [\n            2\n          ],\n          \"Index\": 2\n        },\n        {\n          \"Attributes\": [\n            3\n          ],\n          \"Index\": 3\n        },\n        {\n          \"Attributes\": [\n            4\n          ],\n          \"Index\": 4\n        },\n        {\n          \"Attributes\": [\n            5\n          ],\n          \"Index\": 5\n        }\n      ]\n    }\n  },\n  \"Model\": {\n    \"L0\": 1e-06,\n    \"Mesh\": \"quarter_wave_base.msh\",\n    \"Refinement\": {\n      \"MaxIts\": 4,\n      \"Nonconformal\": false,\n      \"SaveAdaptIterations\": true,\n      \"SaveAdaptMesh\": true,\n      \"Tol\": 0.0001,\n      \"UpdateFraction\": 0.7\n    }\n  },\n  \"Problem\": {\n    \"Output\": \"postpro\",\n    \"OutputFormats\": {\n      \"GridFunction\": true,\n      \"Paraview\": true\n    },\n    \"Type\": \"Eigenmode\",\n    \"Verbose\": 2\n  },\n  \"Solver\": {\n    \"Device\": \"CPU\",\n    \"Eigenmode\": {\n      \"N\": 4,\n      \"Save\": 4,\n      \"Target\": 2.7,\n      \"Tol\": 1e-09\n    },\n    \"Linear\": {\n      \"MaxIts\": 1000,\n      \"Tol\": 1e-09,\n      \"Type\": \"Default\"\n    },\n    \"Order\": 1\n  }\n}\n", "truncated": false}, "base_mesh/palace.stdout.txt": {"size_bytes": 5768, "tail": " 267.4M\nEstimated current per-node memory usage is: Min. 267.6M, Max. 267.6M, Avg. 267.6M, Total 267.6M\n\nConfiguring Dirichlet PEC BC at attributes:\n 10-12, 30-31\n\nAssembling system matrices, number of global unknowns:\n H1 (p = 1): 39591, ND (p = 1): 258137, RT (p = 1): 424865\n Operator assembly level: Partial\n Mesh geometries:\n  Tetrahedron: P = 6, Q = 4 (quadrature order = 2)\n\nConfiguring ARPACK eigenvalue solver:\n Scaling \u03b3 = 1.416e+05, \u03b4 = 4.055e-05\n Configuring divergence-free projection\n Using random starting vector\n Shift-and-invert \u03c3 = 2.700e+00 GHz (2.936e-01)\n\nAssembling multigrid hierarchy:\n Level 0 (p = 1): 258137 unknowns\n Level 0 (auxiliary) (p = 1): 39591 unknowns\n\n   Residual norms for GMRES solve\n   0 (restart 0) KSP residual norm 2.440050e-01\n   1 (restart 0) KSP residual norm 4.848332e-09\n   2 (restart 0) KSP residual norm 4.457061e-15\nGMRES solver converged in 2 iterations (avg. reduction factor: 1.352e-07)\n   Residual norms for GMRES solve\n   0 (restart 0) KSP residual norm 3.610559e+00\n   1 (restart 0) KSP residual norm 5.609111e-08\n   2 (restart 0) KSP residual norm 8.064624e-14\nGMRES solver converged in 2 iterations (avg. reduction factor: 1.495e-07)\n   Residual norms for GMRES solve\n   0 (restart 0) KSP residual norm 1.883281e+00\n   1 (restart 0) KSP residual norm 1.470978e-07\n   2 (restart 0) KSP residual norm 3.115117e-14\nGMRES solver converged in 2 iterations (avg. reduction factor: 1.286e-07)\n   Residual norms for GMRES solve\n   0 (restart 0) KSP residual norm 2.487437e+00\n   1 (restart 0) KSP residual norm 1.497613e-07\n   2 (restart 0) KSP residual norm 3.418711e-14\nGMRES solver converged in 2 iterations (avg. reduction factor: 1.172e-07)\n\n _naup2: **** Start of major iteration number ****\n -------------------------------------------------\n    1 -    1:       1\n  \n   Residual norms for GMRES solve\n   0 (restart 0) KSP residual norm 7.761619e-01\n   1 (restart 0) KSP residual norm 1.081490e-07\n   2 (restart 0) KSP residual norm 1.497910e-14\nGMRES solver converged in 2 iterations (avg. reduction factor: 1.389e-07)\n   Residual norms for GMRES solve\n   0 (restart 0) KSP residual norm 3.803213e-01\n   1 (restart 0) KSP residual norm 6.431868e-08\n   2 (restart 0) KSP residual norm 7.439489e-15\nGMRES solver converged in 2 iterations (avg. reduction factor: 1.399e-07)\n   Residual norms for GMRES solve\n   0 (restart 0) KSP residual norm 5.176029e-01\n   1 (restart 0) KSP residual norm 4.924876e-08\n   2 (restart 0) KSP residual norm 1.007731e-14\nGMRES solver converged in 2 iterations (avg. reduction factor: 1.395e-07)\n   Residual norms for GMRES solve\n   0 (restart 0) KSP residual norm 3.532628e-01\n   1 (restart 0) KSP residual norm 6.471687e-08\n   2 (restart 0) KSP residual norm 6.406743e-15\nGMRES solver converged in 2 iterations (avg. reduction factor: 1.347e-07)\n   Residual norms for GMRES solve\n   0 (restart 0) KSP residual norm 3.691668e-01\n   1 (restart 0) KSP residual norm 6.080171e-08\n   2 (restart 0) KSP residual norm 6.935326e-15\nGMRES solver converged in 2 iterations (avg. reduction factor: 1.371e-07)\n   Residual norms for GMRES solve\n   0 (restart 0) KSP residual norm 3.738523e-01\n   1 (restart 0) KSP residual norm 5.653781e-08\n   2 (restart 0) KSP residual norm 9.554921e-15\nGMRES solver converged in 2 iterations (avg. reduction factor: 1.599e-07)\n   Residual norms for GMRES solve\n   0 (restart 0) KSP residual norm 2.865763e-01\n   1 (restart 0) KSP residual norm 2.975618e-08\n   2 (restart 0) KSP residual norm 8.378236e-15\nGMRES solver converged in 2 iterations (avg. reduction factor: 1.710e-07)\n   Residual norms for GMRES solve\n   0 (restart 0) KSP residual norm 1.978479e-01\n   1 (restart 0) KSP residual norm 3.222329e-08\n   2 (restart 0) KSP residual norm 4.231547e-15\nGMRES solver converged in 2 iterations (avg. reduction factor: 1.462e-07)\n   Residual norms for GMRES solve\n   0 (restart 0) KSP residual norm 1.995036e-01\n   1 (restart 0) KSP residual norm 2.903912e-08\n   2 (restart 0) KSP residual norm 4.508082e-15\nGMRES solver converged in 2 iterations (avg. reduction factor: 1.503e-07)\n", "truncated": true}, "base_mesh/palace.stderr.txt": {"size_bytes": 0, "tail": "", "truncated": false}, "base_mesh/resource_summary.json": {"unavailable": "FileNotFoundError"}, "base_mesh/resource_samples.json": {"unavailable": "FileNotFoundError"}}, "cgroup_path": "/system.slice/hosted-compute-agent.service", "cgroup_memory": {"memory.current": {"size_bytes": 0, "tail": "9908531200\n", "truncated": false}, "memory.peak": {"size_bytes": 0, "tail": "10890240000\n", "truncated": false}, "memory.max": {"size_bytes": 0, "tail": "max\n", "truncated": false}, "memory.events": {"size_bytes": 0, "tail": "low 0\nhigh 0\nmax 0\noom 0\noom_kill 0\noom_group_kill 0\n", "truncated": false}}, "process_columns": "pid ppid rss_KiB vsz_KiB cpu_percent command_name", "largest_processes": [" 680588  680539 1499196 1844208 99.9 palace-x86_64.b", " 680591  680539 1406448 1760180 99.9 palace-x86_64.b", " 680278  680275 165984 1295316 14.7 textlayout", "   2297    2277 157680 274485620 0.4 Runner.Worker", "   2105    2102 138632 1431640 0.2 provjobd1430605", "   2277    2089 118348 274411092 0.0 Runner.Listener", "   1387       1 74276 2045424 0.0 dockerd", "   1009       1 51552 295288  0.0 php-fpm8.3", " 680275  680273 46284 216752  0.0 uv", "   1083       1 44808 1960792 0.0 containerd", "    218       1 43716 305388  0.0 multipathd", "   1390    1044 38008 454664  0.0 python3"]}
palace	UNKNOWN STEP	2026-10-05T11:42:35.4708554Z {"schema": "textlayout.palace-ci-observation.v1", "timestamp": "2026-10-05T11:42:35.447536+00:00", "scope": "host/process diagnostics; not numerical validation", "meminfo": {"size_bytes": 1615, "head": "MemTotal:       16373452 kB\nMemFree:         2689568 kB\nMemAvailable:   11419160 kB\nBuffers:          352348 kB\nCached:          8262016 kB\nSwapCached:            0 kB\nActive:          5324260 kB\nInactive:        7455012 kB\nActive(anon):    4234156 kB\nInactive(anon):        0 kB\nActive(file):    1090104 kB\nInactive(file):  7455012 kB\nUnevictable:       46760 kB\nMlocked:           43688 kB\nSwapTotal:       3145724 kB\nSwapFree:        3145724 kB\nZswap:                 0 kB\nZswapped:              0 kB\nDirty:             81932 kB\nWriteback:             0 kB\nAnonPages:       4197228 kB\nMapped:           477956 kB\nShmem:             60516 kB\nKReclaimable:     530428 kB\nSlab:             655500 kB\nSReclaimable:     530428 kB\nSUnreclaim:       125072 kB\nKernelStack:        4304 kB\nPageTables:        15688 kB\nSecPageTables:         0 kB\nNFS_Unstable:          0 kB\nBounce:                0 kB\nWritebackTmp:          0 kB\nCommitLimit:    11332448 kB\nCommitted_AS:    6959528 kB\nVmallocTotal:   34359738367 kB\nVmallocUsed:       39680 kB\nVmallocChunk:          0 kB\nPercpu:             2400 kB\nHardwareCorrupted:     0 kB\nAnonHugePages:   2654208 kB\nShmemHugePages:        0 kB\nShmemPmdMapped:        0 kB\nFileHugePages:    135168 kB\nFilePmdMapped:         0 kB\nCmaTotal:              0 kB\nCmaFree:               0 kB\nUnaccepted:            0 kB\nBalloon:               0 kB\nHugePages_Total:       0\nHugePages_Free:        0\nHugePages_Rsvd:        0\nHugePages_Surp:        0\nHugepagesize:       2048 kB\nHugetlb:               0 kB\nDirectMap4k:      109696 kB\nDirectMap2M:     4079616 kB\nDirectMap1G:    14680064 kB\n", "truncated": false, "read_mode": "bounded_prefix"}, "files": {"toolchain.json": {"size_bytes": 3922, "tail": "{\n  \"capability\": {\n    \"available\": true,\n    \"container_digest\": null,\n    \"container_engine\": null,\n    \"container_image\": null,\n    \"executable\": \"/home/runner/.cache/textlayout-palace/spack-opt/linux-x86_64_v3/palace-0.17.0-737ugntl33fa5wjglayhp7ojkezkti5s/bin/palace\",\n    \"executable_sha256\": \"ad43ec030f51435f32150a5c72cb324ca03083d2ffc2f91405bbf41c6bc2240f\",\n    \"execution_kind\": \"executable\",\n    \"identified\": true,\n    \"mpi_launcher\": \"/usr/bin/mpirun\",\n    \"status\": \"AVAILABLE\",\n    \"unavailable_reason\": null,\n    \"version\": \"0.17.0\"\n  },\n  \"generated_at\": \"2026-10-05T11:41:06+00:00\",\n  \"git_commit\": \"7b435483afaa5a8cdbfec25c9f6de030605eff13\",\n  \"gmsh\": {\n    \"available\": true,\n    \"expected_version\": \"4.15.2\",\n    \"module\": \"/home/runner/work/Text-to-Layout/Text-to-Layout/.venv/lib/python3.12/site-packages/gmsh.py\",\n    \"module_sha256\": \"f4b0935cebde899750293d87a643090e5ea33c9b18d249267f507db68a0e01c3\",\n    \"version\": \"4.15.2\"\n  },\n  \"install_record\": {\n    \"build_stage\": \"/home/runner/.cache/textlayout-palace/build-stage\",\n    \"compiler_and_mpi_tail\": [\n      \"[+] /home/runner/.cache/textlayout-palace/spack-opt/linux-x86_64_v3/palace-0.17.0-737ugntl33fa5wjglayhp7ojkezkti5s\",\n      \"==> Installing palace-0.17.0-737ugntl33fa5wjglayhp7ojkezkti5s [63/63]\",\n      \"==> Updating view at /home/runner/.cache/textlayout-palace/environment/.spack-env/view\",\n      \"gcc (Ubuntu 13.3.0-6ubuntu2~24.04.1) 13.3.0\",\n      \"g++ (Ubuntu 13.3.0-6ubuntu2~24.04.1) 13.3.0\",\n      \"GNU Fortran (Ubuntu 13.3.0-6ubuntu2~24.04.1) 13.3.0\",\n      \"mpirun (Open MPI) 4.1.6\",\n      \"\"\n    ],\n    \"compiler_versions\": {\n      \"gcc\": \"gcc (Ubuntu 13.3.0-6ubuntu2~24.04.1) 13.3.0\",\n      \"gfortran\": \"GNU Fortran (Ubuntu 13.3.0-6ubuntu2~24.04.1) 13.3.0\",\n      \"gxx\": \"g++ (Ubuntu 13.3.0-6ubuntu2~24.04.1) 13.3.0\"\n    },\n    \"git_commit\": \"7b435483afaa5a8cdbfec25c9f6de030605eff13\",\n    \"gmsh\": {\n      \"available\": true,\n      \"expected_version\": \"4.15.2\",\n      \"module\": \"/home/runner/work/Text-to-Layout/Text-to-Layout/.venv/lib/python3.12/site-packages/gmsh.py\",\n      \"module_sha256\": \"f4b0935cebde899750293d87a643090e5ea33c9b18d249267f507db68a0e01c3\",\n      \"version\": \"4.15.2\"\n    },\n    \"gmsh_version\": \"4.15.2\",\n    \"install_tree\": \"/home/runner/.cache/textlayout-palace/spack-opt\",\n    \"installed_at\": \"2026-10-05T11:40:47.866958+00:00\",\n    \"mpi_version\": \"mpirun (Open MPI) 4.1.6\",\n    \"native_root\": \"/home/runner/.cache/textlayout-palace\",\n    \"palace_commit\": \"12d8069afb5aa9e169a17e303d735e120968e9f2\",\n    \"palace_executable\": \"/home/runner/.cache/textlayout-palace/spack-opt/linux-x86_64_v3/palace-0.17.0-737ugntl33fa5wjglayhp7ojkezkti5s/bin/palace\",\n    \"palace_executable_sha256\": \"ad43ec030f51435f32150a5c72cb324ca03083d2ffc2f91405bbf41c6bc2240f\",\n    \"palace_version\": \"0.17.0\",\n    \"requested_version\": \"0.17.0\",\n    \"reused\": false,\n    \"schema\": \"textlayout.palace-install.v1\",\n    \"source_archive\": {\n      \"available\": true,\n      \"path\": \"/home/runner/work/Text-to-Layout/Text-to-Layout/.tools/external/sources/palace-12d8069afb5aa9e169a17e303d735e120968e9f2.tar.gz\",\n      \"sha256\": \"169f7fe210ea6e771a29bfe0803dd84a774b25b00d2aa3a1f33b9d97a510ff9d\",\n      \"size_bytes\": 47331791\n    },\n    \"source_archive_path\": \"/home/runner/work/Text-to-Layout/Text-to-Layout/.tools/external/sources/palace-12d8069afb5aa9e169a17e303d735e120968e9f2.tar.gz\",\n    \"source_archive_sha256\": \"169f7fe210ea6e771a29bfe0803dd84a774b25b00d2aa3a1f33b9d97a510ff9d\",\n    \"spack_commit\": \"0c2be44e4ece21eb091ad5de4c97716b7c6d4c87\",\n    \"spack_environment\": \"external_tools/palace/spack.yaml\",\n    \"spack_packages_commit\": \"a2928a3376d286ddbf07da62847d5ba5b0fa3c67\",\n    \"spack_runtime_cache\": \"/home/runner/.cache/textlayout-palace\",\n    \"spack_version\": \"1.1.0\",\n    \"status\": \"INSTALLED\",\n    \"strategy\": \"pinned_spack_wsl\"\n  },\n  \"required_palace_version\": \"0.17.0\",\n  \"schema\": \"textlayout.palace-toolchain.v1\"\n}\n", "truncated": false}, "resource_decision.json": {"size_bytes": 288, "tail": "{\n  \"accepted_processes\": 2,\n  \"available_mb\": 14815,\n  \"memory_tier\": \"unknown\",\n  \"preflight_peak_mb\": null,\n  \"rationale\": \"no peak-memory estimate available; honouring the requested count\",\n  \"requested_processes\": 2,\n  \"timestamp\": \"2026-10-05T11:41:06+00:00\",\n  \"total_mb\": 15989\n}\n", "truncated": false}, "run_manifest.json": {"unavailable": "FileNotFoundError"}, "base_mesh/mesh_metrics.json": {"size_bytes": 403, "tail": "{\n  \"element_count\": 206137,\n  \"extents\": {\n    \"lateral_margin_um\": 100.0,\n    \"lid_height_um\": 450.0,\n    \"substrate_thickness_um\": 300.0,\n    \"vacuum_height_um\": 300.0\n  },\n  \"mean_quality\": 0.7263143756565194,\n  \"mesh_scale\": 4.0,\n  \"mesh_sha256\": \"d2c7eee442ccec0b5acf7a37a98b61dd305b53bafb68f0d43dab3ba0dc2b069e\",\n  \"minimum_quality\": 0.15838171066132758,\n  \"runtime_seconds\": 7.345174475000022\n}\n", "truncated": false}, "base_mesh/palace_amr.json": {"size_bytes": 2038, "tail": "{\n  \"Boundaries\": {\n    \"PEC\": {\n      \"Attributes\": [\n        10,\n        11,\n        12,\n        30,\n        31\n      ]\n    }\n  },\n  \"Domains\": {\n    \"Materials\": [\n      {\n        \"Attributes\": [\n          1\n        ],\n        \"LossTan\": 1e-06,\n        \"Permeability\": 1.0,\n        \"Permittivity\": 11.45\n      },\n      {\n        \"Attributes\": [\n          2\n        ],\n        \"LossTan\": 1e-06,\n        \"Permeability\": 1.0,\n        \"Permittivity\": 11.45\n      },\n      {\n        \"Attributes\": [\n          3\n        ],\n        \"Permeability\": 1.0,\n        \"Permittivity\": 1.0\n      },\n      {\n        \"Attributes\": [\n          4\n        ],\n        \"Permeability\": 1.0,\n        \"Permittivity\": 1.0\n      },\n      {\n        \"Attributes\": [\n          5\n        ],\n        \"Permeability\": 1.0,\n        \"Permittivity\": 1.0\n      }\n    ],\n    \"Postprocessing\": {\n      \"Energy\": [\n        {\n          \"Attributes\": [\n            1\n          ],\n          \"Index\": 1\n        },\n        {\n          \"Attributes\": [\n            2\n          ],\n          \"Index\": 2\n        },\n        {\n          \"Attributes\": [\n            3\n          ],\n          \"Index\": 3\n        },\n        {\n          \"Attributes\": [\n            4\n          ],\n          \"Index\": 4\n        },\n        {\n          \"Attributes\": [\n            5\n          ],\n          \"Index\": 5\n        }\n      ]\n    }\n  },\n  \"Model\": {\n    \"L0\": 1e-06,\n    \"Mesh\": \"quarter_wave_base.msh\",\n    \"Refinement\": {\n      \"MaxIts\": 4,\n      \"Nonconformal\": false,\n      \"SaveAdaptIterations\": true,\n      \"SaveAdaptMesh\": true,\n      \"Tol\": 0.0001,\n      \"UpdateFraction\": 0.7\n    }\n  },\n  \"Problem\": {\n    \"Output\": \"postpro\",\n    \"OutputFormats\": {\n      \"GridFunction\": true,\n      \"Paraview\": true\n    },\n    \"Type\": \"Eigenmode\",\n    \"Verbose\": 2\n  },\n  \"Solver\": {\n    \"Device\": \"CPU\",\n    \"Eigenmode\": {\n      \"N\": 4,\n      \"Save\": 4,\n      \"Target\": 2.7,\n      \"Tol\": 1e-09\n    },\n    \"Linear\": {\n      \"MaxIts\": 1000,\n      \"Tol\": 1e-09,\n      \"Type\": \"Default\"\n    },\n    \"Order\": 1\n  }\n}\n", "truncated": false}, "base_mesh/palace.stdout.txt": {"size_bytes": 7953, "tail": "sidual norm 6.431868e-08\n   2 (restart 0) KSP residual norm 7.439489e-15\nGMRES solver converged in 2 iterations (avg. reduction factor: 1.399e-07)\n   Residual norms for GMRES solve\n   0 (restart 0) KSP residual norm 5.176029e-01\n   1 (restart 0) KSP residual norm 4.924876e-08\n   2 (restart 0) KSP residual norm 1.007731e-14\nGMRES solver converged in 2 iterations (avg. reduction factor: 1.395e-07)\n   Residual norms for GMRES solve\n   0 (restart 0) KSP residual norm 3.532628e-01\n   1 (restart 0) KSP residual norm 6.471687e-08\n   2 (restart 0) KSP residual norm 6.406743e-15\nGMRES solver converged in 2 iterations (avg. reduction factor: 1.347e-07)\n   Residual norms for GMRES solve\n   0 (restart 0) KSP residual norm 3.691668e-01\n   1 (restart 0) KSP residual norm 6.080171e-08\n   2 (restart 0) KSP residual norm 6.935326e-15\nGMRES solver converged in 2 iterations (avg. reduction factor: 1.371e-07)\n   Residual norms for GMRES solve\n   0 (restart 0) KSP residual norm 3.738523e-01\n   1 (restart 0) KSP residual norm 5.653781e-08\n   2 (restart 0) KSP residual norm 9.554921e-15\nGMRES solver converged in 2 iterations (avg. reduction factor: 1.599e-07)\n   Residual norms for GMRES solve\n   0 (restart 0) KSP residual norm 2.865763e-01\n   1 (restart 0) KSP residual norm 2.975618e-08\n   2 (restart 0) KSP residual norm 8.378236e-15\nGMRES solver converged in 2 iterations (avg. reduction factor: 1.710e-07)\n   Residual norms for GMRES solve\n   0 (restart 0) KSP residual norm 1.978479e-01\n   1 (restart 0) KSP residual norm 3.222329e-08\n   2 (restart 0) KSP residual norm 4.231547e-15\nGMRES solver converged in 2 iterations (avg. reduction factor: 1.462e-07)\n   Residual norms for GMRES solve\n   0 (restart 0) KSP residual norm 1.995036e-01\n   1 (restart 0) KSP residual norm 2.903912e-08\n   2 (restart 0) KSP residual norm 4.508082e-15\nGMRES solver converged in 2 iterations (avg. reduction factor: 1.503e-07)\n   Residual norms for GMRES solve\n   0 (restart 0) KSP residual norm 1.679400e-01\n   1 (restart 0) KSP residual norm 2.494614e-08\n   2 (restart 0) KSP residual norm 3.520669e-15\nGMRES solver converged in 2 iterations (avg. reduction factor: 1.448e-07)\n   Residual norms for GMRES solve\n   0 (restart 0) KSP residual norm 2.957857e-01\n   1 (restart 0) KSP residual norm 2.854879e-08\n   2 (restart 0) KSP residual norm 7.073915e-15\nGMRES solver converged in 2 iterations (avg. reduction factor: 1.546e-07)\n   Residual norms for GMRES solve\n   0 (restart 0) KSP residual norm 3.302679e-01\n   1 (restart 0) KSP residual norm 3.032345e-08\n   2 (restart 0) KSP residual norm 6.109496e-15\nGMRES solver converged in 2 iterations (avg. reduction factor: 1.360e-07)\n   Residual norms for GMRES solve\n   0 (restart 0) KSP residual norm 1.089904e-01\n   1 (restart 0) KSP residual norm 1.741776e-08\n   2 (restart 0) KSP residual norm 2.185725e-15\nGMRES solver converged in 2 iterations (avg. reduction factor: 1.416e-07)\n   Residual norms for GMRES solve\n   0 (restart 0) KSP residual norm 1.844732e-01\n   1 (restart 0) KSP residual norm 1.869365e-08\n   2 (restart 0) KSP residual norm 3.619410e-15\nGMRES solver converged in 2 iterations (avg. reduction factor: 1.401e-07)\n   Residual norms for GMRES solve\n   0 (restart 0) KSP residual norm 3.046742e-01\n   1 (restart 0) KSP residual norm 2.375335e-08\n   2 (restart 0) KSP residual norm 5.149458e-15\nGMRES solver converged in 2 iterations (avg. reduction factor: 1.300e-07)\n\n ARPACK EPS eigensolve converged (4 eigenpairs); iterations 1\n Total number of linear systems solved: 19\n Total number of linear solver iterations: 38\n Found 4 converged eigenvalues (first = 3.583e-01+3.295e-07i)\n\nComputing solution error estimates and performing postprocessing\n\n     m,        Re{f} (GHz),        Im{f} (GHz),                  Q,      Error (Bkwd.),       Error (Abs.)\n     1,      +5.504954e+00,      +2.530553e-06,      +1.087698e+06,      +5.340423e-16,      +2.634164e-11\n Wrote mode 1 to disk (Paraview)\n Wrote mode 1 to disk (grid function)\n     2,      +5.935687e+00,      +2.732071e-06,      +1.086298e+06,      +6.987609e-16,      +3.446640e-11\n", "truncated": true}, "base_mesh/palace.stderr.txt": {"size_bytes": 0, "tail": "", "truncated": false}, "base_mesh/resource_summary.json": {"unavailable": "FileNotFoundError"}, "base_mesh/resource_samples.json": {"unavailable": "FileNotFoundError"}}, "cgroup_path": "/system.slice/hosted-compute-agent.service", "cgroup_memory": {"memory.current": {"size_bytes": 0, "tail": "10944278528\n", "truncated": false}, "memory.peak": {"size_bytes": 0, "tail": "10944278528\n", "truncated": false}, "memory.max": {"size_bytes": 0, "tail": "max\n", "truncated": false}, "memory.events": {"size_bytes": 0, "tail": "low 0\nhigh 0\nmax 0\noom 0\noom_kill 0\noom_group_kill 0\n", "truncated": false}}, "process_columns": "pid ppid rss_KiB vsz_KiB cpu_percent command_name", "largest_processes": [" 680591  680539 1928864 2256844 99.9 palace-x86_64.b", " 680588  680539 1910460 2234224 99.9 palace-x86_64.b", " 680278  680275 165988 1295316 9.9 textlayout", "   2297    2277 157752 274502012 0.4 Runner.Worker", "   2105    2102 139728 1431640 0.2 provjobd1430605", "   2277    2089 118348 274411092 0.0 Runner.Listener", "   1387       1 74276 2045424 0.0 dockerd", "   1009       1 51552 295288  0.0 php-fpm8.3", " 680275  680273 46284 216752  0.0 uv", "   1083       1 44808 1960792 0.0 containerd", "    218       1 43716 305388  0.0 multipathd", "   1390    1044 38008 454664  0.0 python3"]}
palace	UNKNOWN STEP	2026-10-05T11:43:05.4862863Z {"schema": "textlayout.palace-ci-observation.v1", "timestamp": "2026-10-05T11:43:05.462921+00:00", "scope": "host/process diagnostics; not numerical validation", "meminfo": {"size_bytes": 1615, "head": "MemTotal:       16373452 kB\nMemFree:         2500328 kB\nMemAvailable:   11397336 kB\nBuffers:          352368 kB\nCached:          8424952 kB\nSwapCached:            0 kB\nActive:          5322444 kB\nInactive:        7617904 kB\nActive(anon):    4232340 kB\nInactive(anon):        0 kB\nActive(file):    1090104 kB\nInactive(file):  7617904 kB\nUnevictable:       46760 kB\nMlocked:           43688 kB\nSwapTotal:       3145724 kB\nSwapFree:        3145724 kB\nZswap:                 0 kB\nZswapped:              0 kB\nDirty:            186064 kB\nWriteback:             0 kB\nAnonPages:       4205264 kB\nMapped:           477960 kB\nShmem:             60520 kB\nKReclaimable:     534952 kB\nSlab:             660524 kB\nSReclaimable:     534952 kB\nSUnreclaim:       125572 kB\nKernelStack:        4304 kB\nPageTables:        15756 kB\nSecPageTables:         0 kB\nNFS_Unstable:          0 kB\nBounce:                0 kB\nWritebackTmp:          0 kB\nCommitLimit:    11332448 kB\nCommitted_AS:    6959532 kB\nVmallocTotal:   34359738367 kB\nVmallocUsed:       39712 kB\nVmallocChunk:          0 kB\nPercpu:             2400 kB\nHardwareCorrupted:     0 kB\nAnonHugePages:   2662400 kB\nShmemHugePages:        0 kB\nShmemPmdMapped:        0 kB\nFileHugePages:    135168 kB\nFilePmdMapped:         0 kB\nCmaTotal:              0 kB\nCmaFree:               0 kB\nUnaccepted:            0 kB\nBalloon:               0 kB\nHugePages_Total:       0\nHugePages_Free:        0\nHugePages_Rsvd:        0\nHugePages_Surp:        0\nHugepagesize:       2048 kB\nHugetlb:               0 kB\nDirectMap4k:      109696 kB\nDirectMap2M:     4079616 kB\nDirectMap1G:    14680064 kB\n", "truncated": false, "read_mode": "bounded_prefix"}, "files": {"toolchain.json": {"size_bytes": 3922, "tail": "{\n  \"capability\": {\n    \"available\": true,\n    \"container_digest\": null,\n    \"container_engine\": null,\n    \"container_image\": null,\n    \"executable\": \"/home/runner/.cache/textlayout-palace/spack-opt/linux-x86_64_v3/palace-0.17.0-737ugntl33fa5wjglayhp7ojkezkti5s/bin/palace\",\n    \"executable_sha256\": \"ad43ec030f51435f32150a5c72cb324ca03083d2ffc2f91405bbf41c6bc2240f\",\n    \"execution_kind\": \"executable\",\n    \"identified\": true,\n    \"mpi_launcher\": \"/usr/bin/mpirun\",\n    \"status\": \"AVAILABLE\",\n    \"unavailable_reason\": null,\n    \"version\": \"0.17.0\"\n  },\n  \"generated_at\": \"2026-10-05T11:41:06+00:00\",\n  \"git_commit\": \"7b435483afaa5a8cdbfec25c9f6de030605eff13\",\n  \"gmsh\": {\n    \"available\": true,\n    \"expected_version\": \"4.15.2\",\n    \"module\": \"/home/runner/work/Text-to-Layout/Text-to-Layout/.venv/lib/python3.12/site-packages/gmsh.py\",\n    \"module_sha256\": \"f4b0935cebde899750293d87a643090e5ea33c9b18d249267f507db68a0e01c3\",\n    \"version\": \"4.15.2\"\n  },\n  \"install_record\": {\n    \"build_stage\": \"/home/runner/.cache/textlayout-palace/build-stage\",\n    \"compiler_and_mpi_tail\": [\n      \"[+] /home/runner/.cache/textlayout-palace/spack-opt/linux-x86_64_v3/palace-0.17.0-737ugntl33fa5wjglayhp7ojkezkti5s\",\n      \"==> Installing palace-0.17.0-737ugntl33fa5wjglayhp7ojkezkti5s [63/63]\",\n      \"==> Updating view at /home/runner/.cache/textlayout-palace/environment/.spack-env/view\",\n      \"gcc (Ubuntu 13.3.0-6ubuntu2~24.04.1) 13.3.0\",\n      \"g++ (Ubuntu 13.3.0-6ubuntu2~24.04.1) 13.3.0\",\n      \"GNU Fortran (Ubuntu 13.3.0-6ubuntu2~24.04.1) 13.3.0\",\n      \"mpirun (Open MPI) 4.1.6\",\n      \"\"\n    ],\n    \"compiler_versions\": {\n      \"gcc\": \"gcc (Ubuntu 13.3.0-6ubuntu2~24.04.1) 13.3.0\",\n      \"gfortran\": \"GNU Fortran (Ubuntu 13.3.0-6ubuntu2~24.04.1) 13.3.0\",\n      \"gxx\": \"g++ (Ubuntu 13.3.0-6ubuntu2~24.04.1) 13.3.0\"\n    },\n    \"git_commit\": \"7b435483afaa5a8cdbfec25c9f6de030605eff13\",\n    \"gmsh\": {\n      \"available\": true,\n      \"expected_version\": \"4.15.2\",\n      \"module\": \"/home/runner/work/Text-to-Layout/Text-to-Layout/.venv/lib/python3.12/site-packages/gmsh.py\",\n      \"module_sha256\": \"f4b0935cebde899750293d87a643090e5ea33c9b18d249267f507db68a0e01c3\",\n      \"version\": \"4.15.2\"\n    },\n    \"gmsh_version\": \"4.15.2\",\n    \"install_tree\": \"/home/runner/.cache/textlayout-palace/spack-opt\",\n    \"installed_at\": \"2026-10-05T11:40:47.866958+00:00\",\n    \"mpi_version\": \"mpirun (Open MPI) 4.1.6\",\n    \"native_root\": \"/home/runner/.cache/textlayout-palace\",\n    \"palace_commit\": \"12d8069afb5aa9e169a17e303d735e120968e9f2\",\n    \"palace_executable\": \"/home/runner/.cache/textlayout-palace/spack-opt/linux-x86_64_v3/palace-0.17.0-737ugntl33fa5wjglayhp7ojkezkti5s/bin/palace\",\n    \"palace_executable_sha256\": \"ad43ec030f51435f32150a5c72cb324ca03083d2ffc2f91405bbf41c6bc2240f\",\n    \"palace_version\": \"0.17.0\",\n    \"requested_version\": \"0.17.0\",\n    \"reused\": false,\n    \"schema\": \"textlayout.palace-install.v1\",\n    \"source_archive\": {\n      \"available\": true,\n      \"path\": \"/home/runner/work/Text-to-Layout/Text-to-Layout/.tools/external/sources/palace-12d8069afb5aa9e169a17e303d735e120968e9f2.tar.gz\",\n      \"sha256\": \"169f7fe210ea6e771a29bfe0803dd84a774b25b00d2aa3a1f33b9d97a510ff9d\",\n      \"size_bytes\": 47331791\n    },\n    \"source_archive_path\": \"/home/runner/work/Text-to-Layout/Text-to-Layout/.tools/external/sources/palace-12d8069afb5aa9e169a17e303d735e120968e9f2.tar.gz\",\n    \"source_archive_sha256\": \"169f7fe210ea6e771a29bfe0803dd84a774b25b00d2aa3a1f33b9d97a510ff9d\",\n    \"spack_commit\": \"0c2be44e4ece21eb091ad5de4c97716b7c6d4c87\",\n    \"spack_environment\": \"external_tools/palace/spack.yaml\",\n    \"spack_packages_commit\": \"a2928a3376d286ddbf07da62847d5ba5b0fa3c67\",\n    \"spack_runtime_cache\": \"/home/runner/.cache/textlayout-palace\",\n    \"spack_version\": \"1.1.0\",\n    \"status\": \"INSTALLED\",\n    \"strategy\": \"pinned_spack_wsl\"\n  },\n  \"required_palace_version\": \"0.17.0\",\n  \"schema\": \"textlayout.palace-toolchain.v1\"\n}\n", "truncated": false}, "resource_decision.json": {"size_bytes": 288, "tail": "{\n  \"accepted_processes\": 2,\n  \"available_mb\": 14815,\n  \"memory_tier\": \"unknown\",\n  \"preflight_peak_mb\": null,\n  \"rationale\": \"no peak-memory estimate available; honouring the requested count\",\n  \"requested_processes\": 2,\n  \"timestamp\": \"2026-10-05T11:41:06+00:00\",\n  \"total_mb\": 15989\n}\n", "truncated": false}, "run_manifest.json": {"unavailable": "FileNotFoundError"}, "base_mesh/mesh_metrics.json": {"size_bytes": 403, "tail": "{\n  \"element_count\": 206137,\n  \"extents\": {\n    \"lateral_margin_um\": 100.0,\n    \"lid_height_um\": 450.0,\n    \"substrate_thickness_um\": 300.0,\n    \"vacuum_height_um\": 300.0\n  },\n  \"mean_quality\": 0.7263143756565194,\n  \"mesh_scale\": 4.0,\n  \"mesh_sha256\": \"d2c7eee442ccec0b5acf7a37a98b61dd305b53bafb68f0d43dab3ba0dc2b069e\",\n  \"minimum_quality\": 0.15838171066132758,\n  \"runtime_seconds\": 7.345174475000022\n}\n", "truncated": false}, "base_mesh/palace_amr.json": {"size_bytes": 2038, "tail": "{\n  \"Boundaries\": {\n    \"PEC\": {\n      \"Attributes\": [\n        10,\n        11,\n        12,\n        30,\n        31\n      ]\n    }\n  },\n  \"Domains\": {\n    \"Materials\": [\n      {\n        \"Attributes\": [\n          1\n        ],\n        \"LossTan\": 1e-06,\n        \"Permeability\": 1.0,\n        \"Permittivity\": 11.45\n      },\n      {\n        \"Attributes\": [\n          2\n        ],\n        \"LossTan\": 1e-06,\n        \"Permeability\": 1.0,\n        \"Permittivity\": 11.45\n      },\n      {\n        \"Attributes\": [\n          3\n        ],\n        \"Permeability\": 1.0,\n        \"Permittivity\": 1.0\n      },\n      {\n        \"Attributes\": [\n          4\n        ],\n        \"Permeability\": 1.0,\n        \"Permittivity\": 1.0\n      },\n      {\n        \"Attributes\": [\n          5\n        ],\n        \"Permeability\": 1.0,\n        \"Permittivity\": 1.0\n      }\n    ],\n    \"Postprocessing\": {\n      \"Energy\": [\n        {\n          \"Attributes\": [\n            1\n          ],\n          \"Index\": 1\n        },\n        {\n          \"Attributes\": [\n            2\n          ],\n          \"Index\": 2\n        },\n        {\n          \"Attributes\": [\n            3\n          ],\n          \"Index\": 3\n        },\n        {\n          \"Attributes\": [\n            4\n          ],\n          \"Index\": 4\n        },\n        {\n          \"Attributes\": [\n            5\n          ],\n          \"Index\": 5\n        }\n      ]\n    }\n  },\n  \"Model\": {\n    \"L0\": 1e-06,\n    \"Mesh\": \"quarter_wave_base.msh\",\n    \"Refinement\": {\n      \"MaxIts\": 4,\n      \"Nonconformal\": false,\n      \"SaveAdaptIterations\": true,\n      \"SaveAdaptMesh\": true,\n      \"Tol\": 0.0001,\n      \"UpdateFraction\": 0.7\n    }\n  },\n  \"Problem\": {\n    \"Output\": \"postpro\",\n    \"OutputFormats\": {\n      \"GridFunction\": true,\n      \"Paraview\": true\n    },\n    \"Type\": \"Eigenmode\",\n    \"Verbose\": 2\n  },\n  \"Solver\": {\n    \"Device\": \"CPU\",\n    \"Eigenmode\": {\n      \"N\": 4,\n      \"Save\": 4,\n      \"Target\": 2.7,\n      \"Tol\": 1e-09\n    },\n    \"Linear\": {\n      \"MaxIts\": 1000,\n      \"Tol\": 1e-09,\n      \"Type\": \"Default\"\n    },\n    \"Order\": 1\n  }\n}\n", "truncated": false}, "base_mesh/palace.stdout.txt": {"size_bytes": 8202, "tail": " residual norm 4.924876e-08\n   2 (restart 0) KSP residual norm 1.007731e-14\nGMRES solver converged in 2 iterations (avg. reduction factor: 1.395e-07)\n   Residual norms for GMRES solve\n   0 (restart 0) KSP residual norm 3.532628e-01\n   1 (restart 0) KSP residual norm 6.471687e-08\n   2 (restart 0) KSP residual norm 6.406743e-15\nGMRES solver converged in 2 iterations (avg. reduction factor: 1.347e-07)\n   Residual norms for GMRES solve\n   0 (restart 0) KSP residual norm 3.691668e-01\n   1 (restart 0) KSP residual norm 6.080171e-08\n   2 (restart 0) KSP residual norm 6.935326e-15\nGMRES solver converged in 2 iterations (avg. reduction factor: 1.371e-07)\n   Residual norms for GMRES solve\n   0 (restart 0) KSP residual norm 3.738523e-01\n   1 (restart 0) KSP residual norm 5.653781e-08\n   2 (restart 0) KSP residual norm 9.554921e-15\nGMRES solver converged in 2 iterations (avg. reduction factor: 1.599e-07)\n   Residual norms for GMRES solve\n   0 (restart 0) KSP residual norm 2.865763e-01\n   1 (restart 0) KSP residual norm 2.975618e-08\n   2 (restart 0) KSP residual norm 8.378236e-15\nGMRES solver converged in 2 iterations (avg. reduction factor: 1.710e-07)\n   Residual norms for GMRES solve\n   0 (restart 0) KSP residual norm 1.978479e-01\n   1 (restart 0) KSP residual norm 3.222329e-08\n   2 (restart 0) KSP residual norm 4.231547e-15\nGMRES solver converged in 2 iterations (avg. reduction factor: 1.462e-07)\n   Residual norms for GMRES solve\n   0 (restart 0) KSP residual norm 1.995036e-01\n   1 (restart 0) KSP residual norm 2.903912e-08\n   2 (restart 0) KSP residual norm 4.508082e-15\nGMRES solver converged in 2 iterations (avg. reduction factor: 1.503e-07)\n   Residual norms for GMRES solve\n   0 (restart 0) KSP residual norm 1.679400e-01\n   1 (restart 0) KSP residual norm 2.494614e-08\n   2 (restart 0) KSP residual norm 3.520669e-15\nGMRES solver converged in 2 iterations (avg. reduction factor: 1.448e-07)\n   Residual norms for GMRES solve\n   0 (restart 0) KSP residual norm 2.957857e-01\n   1 (restart 0) KSP residual norm 2.854879e-08\n   2 (restart 0) KSP residual norm 7.073915e-15\nGMRES solver converged in 2 iterations (avg. reduction factor: 1.546e-07)\n   Residual norms for GMRES solve\n   0 (restart 0) KSP residual norm 3.302679e-01\n   1 (restart 0) KSP residual norm 3.032345e-08\n   2 (restart 0) KSP residual norm 6.109496e-15\nGMRES solver converged in 2 iterations (avg. reduction factor: 1.360e-07)\n   Residual norms for GMRES solve\n   0 (restart 0) KSP residual norm 1.089904e-01\n   1 (restart 0) KSP residual norm 1.741776e-08\n   2 (restart 0) KSP residual norm 2.185725e-15\nGMRES solver converged in 2 iterations (avg. reduction factor: 1.416e-07)\n   Residual norms for GMRES solve\n   0 (restart 0) KSP residual norm 1.844732e-01\n   1 (restart 0) KSP residual norm 1.869365e-08\n   2 (restart 0) KSP residual norm 3.619410e-15\nGMRES solver converged in 2 iterations (avg. reduction factor: 1.401e-07)\n   Residual norms for GMRES solve\n   0 (restart 0) KSP residual norm 3.046742e-01\n   1 (restart 0) KSP residual norm 2.375335e-08\n   2 (restart 0) KSP residual norm 5.149458e-15\nGMRES solver converged in 2 iterations (avg. reduction factor: 1.300e-07)\n\n ARPACK EPS eigensolve converged (4 eigenpairs); iterations 1\n Total number of linear systems solved: 19\n Total number of linear solver iterations: 38\n Found 4 converged eigenvalues (first = 3.583e-01+3.295e-07i)\n\nComputing solution error estimates and performing postprocessing\n\n     m,        Re{f} (GHz),        Im{f} (GHz),                  Q,      Error (Bkwd.),       Error (Abs.)\n     1,      +5.504954e+00,      +2.530553e-06,      +1.087698e+06,      +5.340423e-16,      +2.634164e-11\n Wrote mode 1 to disk (Paraview)\n Wrote mode 1 to disk (grid function)\n     2,      +5.935687e+00,      +2.732071e-06,      +1.086298e+06,      +6.987609e-16,      +3.446640e-11\n Wrote mode 2 to disk (Paraview)\n Wrote mode 2 to disk (grid function)\n     3,      +1.114892e+01,      +5.122641e-06,      +1.088200e+06,      +1.986099e-15,      +9.796508e-11\n Wrote mode 3 to disk (Paraview)\n Wrote mode 3 to disk (grid function)\n", "truncated": true}, "base_mesh/palace.stderr.txt": {"size_bytes": 0, "tail": "", "truncated": false}, "base_mesh/resource_summary.json": {"unavailable": "FileNotFoundError"}, "base_mesh/resource_samples.json": {"unavailable": "FileNotFoundError"}}, "cgroup_path": "/system.slice/hosted-compute-agent.service", "cgroup_memory": {"memory.current": {"size_bytes": 0, "tail": "11113992192\n", "truncated": false}, "memory.peak": {"size_bytes": 0, "tail": "11120750592\n", "truncated": false}, "memory.max": {"size_bytes": 0, "tail": "max\n", "truncated": false}, "memory.events": {"size_bytes": 0, "tail": "low 0\nhigh 0\nmax 0\noom 0\noom_kill 0\noom_group_kill 0\n", "truncated": false}}, "process_columns": "pid ppid rss_KiB vsz_KiB cpu_percent command_name", "largest_processes": [" 680591  680539 1929980 2256844 99.9 palace-x86_64.b", " 680588  680539 1911260 2234224 99.9 palace-x86_64.b", " 680278  680275 165988 1295316 7.4 textlayout", "   2297    2277 157724 274501996 0.4 Runner.Worker", "   2105    2102 145988 1431640 0.2 provjobd1430605", "   2277    2089 118352 274411108 0.0 Runner.Listener", "   1387       1 74276 2045424 0.0 dockerd", "   1009       1 51552 295288  0.0 php-fpm8.3", " 680275  680273 46284 216752  0.0 uv", "   1083       1 44808 1960792 0.0 containerd", "    218       1 43716 305388  0.0 multipathd", "   1390    1044 38008 454664  0.0 python3"]}
palace	UNKNOWN STEP	2026-10-05T11:43:35.5009959Z {"schema": "textlayout.palace-ci-observation.v1", "timestamp": "2026-10-05T11:43:35.478211+00:00", "scope": "host/process diagnostics; not numerical validation", "meminfo": {"size_bytes": 1615, "head": "MemTotal:       16373452 kB\nMemFree:         4539564 kB\nMemAvailable:   13575376 kB\nBuffers:          352376 kB\nCached:          8559732 kB\nSwapCached:            0 kB\nActive:          3147736 kB\nInactive:        7752748 kB\nActive(anon):    2057632 kB\nInactive(anon):        0 kB\nActive(file):    1090104 kB\nInactive(file):  7752748 kB\nUnevictable:       46760 kB\nMlocked:           43688 kB\nSwapTotal:       3145724 kB\nSwapFree:        3145724 kB\nZswap:                 0 kB\nZswapped:              0 kB\nDirty:            151256 kB\nWriteback:             0 kB\nAnonPages:       2032612 kB\nMapped:           478024 kB\nShmem:             60520 kB\nKReclaimable:     538912 kB\nSlab:             664912 kB\nSReclaimable:     538912 kB\nSUnreclaim:       126000 kB\nKernelStack:        4288 kB\nPageTables:        11448 kB\nSecPageTables:         0 kB\nNFS_Unstable:          0 kB\nBounce:                0 kB\nWritebackTmp:          0 kB\nCommitLimit:    11332448 kB\nCommitted_AS:    4764604 kB\nVmallocTotal:   34359738367 kB\nVmallocUsed:       39664 kB\nVmallocChunk:          0 kB\nPercpu:             2400 kB\nHardwareCorrupted:     0 kB\nAnonHugePages:    581632 kB\nShmemHugePages:        0 kB\nShmemPmdMapped:        0 kB\nFileHugePages:    135168 kB\nFilePmdMapped:         0 kB\nCmaTotal:              0 kB\nCmaFree:               0 kB\nUnaccepted:            0 kB\nBalloon:               0 kB\nHugePages_Total:       0\nHugePages_Free:        0\nHugePages_Rsvd:        0\nHugePages_Surp:        0\nHugepagesize:       2048 kB\nHugetlb:               0 kB\nDirectMap4k:      109696 kB\nDirectMap2M:     4079616 kB\nDirectMap1G:    14680064 kB\n", "truncated": false, "read_mode": "bounded_prefix"}, "files": {"toolchain.json": {"size_bytes": 3922, "tail": "{\n  \"capability\": {\n    \"available\": true,\n    \"container_digest\": null,\n    \"container_engine\": null,\n    \"container_image\": null,\n    \"executable\": \"/home/runner/.cache/textlayout-palace/spack-opt/linux-x86_64_v3/palace-0.17.0-737ugntl33fa5wjglayhp7ojkezkti5s/bin/palace\",\n    \"executable_sha256\": \"ad43ec030f51435f32150a5c72cb324ca03083d2ffc2f91405bbf41c6bc2240f\",\n    \"execution_kind\": \"executable\",\n    \"identified\": true,\n    \"mpi_launcher\": \"/usr/bin/mpirun\",\n    \"status\": \"AVAILABLE\",\n    \"unavailable_reason\": null,\n    \"version\": \"0.17.0\"\n  },\n  \"generated_at\": \"2026-10-05T11:41:06+00:00\",\n  \"git_commit\": \"7b435483afaa5a8cdbfec25c9f6de030605eff13\",\n  \"gmsh\": {\n    \"available\": true,\n    \"expected_version\": \"4.15.2\",\n    \"module\": \"/home/runner/work/Text-to-Layout/Text-to-Layout/.venv/lib/python3.12/site-packages/gmsh.py\",\n    \"module_sha256\": \"f4b0935cebde899750293d87a643090e5ea33c9b18d249267f507db68a0e01c3\",\n    \"version\": \"4.15.2\"\n  },\n  \"install_record\": {\n    \"build_stage\": \"/home/runner/.cache/textlayout-palace/build-stage\",\n    \"compiler_and_mpi_tail\": [\n      \"[+] /home/runner/.cache/textlayout-palace/spack-opt/linux-x86_64_v3/palace-0.17.0-737ugntl33fa5wjglayhp7ojkezkti5s\",\n      \"==> Installing palace-0.17.0-737ugntl33fa5wjglayhp7ojkezkti5s [63/63]\",\n      \"==> Updating view at /home/runner/.cache/textlayout-palace/environment/.spack-env/view\",\n      \"gcc (Ubuntu 13.3.0-6ubuntu2~24.04.1) 13.3.0\",\n      \"g++ (Ubuntu 13.3.0-6ubuntu2~24.04.1) 13.3.0\",\n      \"GNU Fortran (Ubuntu 13.3.0-6ubuntu2~24.04.1) 13.3.0\",\n      \"mpirun (Open MPI) 4.1.6\",\n      \"\"\n    ],\n    \"compiler_versions\": {\n      \"gcc\": \"gcc (Ubuntu 13.3.0-6ubuntu2~24.04.1) 13.3.0\",\n      \"gfortran\": \"GNU Fortran (Ubuntu 13.3.0-6ubuntu2~24.04.1) 13.3.0\",\n      \"gxx\": \"g++ (Ubuntu 13.3.0-6ubuntu2~24.04.1) 13.3.0\"\n    },\n    \"git_commit\": \"7b435483afaa5a8cdbfec25c9f6de030605eff13\",\n    \"gmsh\": {\n      \"available\": true,\n      \"expected_version\": \"4.15.2\",\n      \"module\": \"/home/runner/work/Text-to-Layout/Text-to-Layout/.venv/lib/python3.12/site-packages/gmsh.py\",\n      \"module_sha256\": \"f4b0935cebde899750293d87a643090e5ea33c9b18d249267f507db68a0e01c3\",\n      \"version\": \"4.15.2\"\n    },\n    \"gmsh_version\": \"4.15.2\",\n    \"install_tree\": \"/home/runner/.cache/textlayout-palace/spack-opt\",\n    \"installed_at\": \"2026-10-05T11:40:47.866958+00:00\",\n    \"mpi_version\": \"mpirun (Open MPI) 4.1.6\",\n    \"native_root\": \"/home/runner/.cache/textlayout-palace\",\n    \"palace_commit\": \"12d8069afb5aa9e169a17e303d735e120968e9f2\",\n    \"palace_executable\": \"/home/runner/.cache/textlayout-palace/spack-opt/linux-x86_64_v3/palace-0.17.0-737ugntl33fa5wjglayhp7ojkezkti5s/bin/palace\",\n    \"palace_executable_sha256\": \"ad43ec030f51435f32150a5c72cb324ca03083d2ffc2f91405bbf41c6bc2240f\",\n    \"palace_version\": \"0.17.0\",\n    \"requested_version\": \"0.17.0\",\n    \"reused\": false,\n    \"schema\": \"textlayout.palace-install.v1\",\n    \"source_archive\": {\n      \"available\": true,\n      \"path\": \"/home/runner/work/Text-to-Layout/Text-to-Layout/.tools/external/sources/palace-12d8069afb5aa9e169a17e303d735e120968e9f2.tar.gz\",\n      \"sha256\": \"169f7fe210ea6e771a29bfe0803dd84a774b25b00d2aa3a1f33b9d97a510ff9d\",\n      \"size_bytes\": 47331791\n    },\n    \"source_archive_path\": \"/home/runner/work/Text-to-Layout/Text-to-Layout/.tools/external/sources/palace-12d8069afb5aa9e169a17e303d735e120968e9f2.tar.gz\",\n    \"source_archive_sha256\": \"169f7fe210ea6e771a29bfe0803dd84a774b25b00d2aa3a1f33b9d97a510ff9d\",\n    \"spack_commit\": \"0c2be44e4ece21eb091ad5de4c97716b7c6d4c87\",\n    \"spack_environment\": \"external_tools/palace/spack.yaml\",\n    \"spack_packages_commit\": \"a2928a3376d286ddbf07da62847d5ba5b0fa3c67\",\n    \"spack_runtime_cache\": \"/home/runner/.cache/textlayout-palace\",\n    \"spack_version\": \"1.1.0\",\n    \"status\": \"INSTALLED\",\n    \"strategy\": \"pinned_spack_wsl\"\n  },\n  \"required_palace_version\": \"0.17.0\",\n  \"schema\": \"textlayout.palace-toolchain.v1\"\n}\n", "truncated": false}, "resource_decision.json": {"size_bytes": 288, "tail": "{\n  \"accepted_processes\": 2,\n  \"available_mb\": 14815,\n  \"memory_tier\": \"unknown\",\n  \"preflight_peak_mb\": null,\n  \"rationale\": \"no peak-memory estimate available; honouring the requested count\",\n  \"requested_processes\": 2,\n  \"timestamp\": \"2026-10-05T11:41:06+00:00\",\n  \"total_mb\": 15989\n}\n", "truncated": false}, "run_manifest.json": {"unavailable": "FileNotFoundError"}, "base_mesh/mesh_metrics.json": {"size_bytes": 403, "tail": "{\n  \"element_count\": 206137,\n  \"extents\": {\n    \"lateral_margin_um\": 100.0,\n    \"lid_height_um\": 450.0,\n    \"substrate_thickness_um\": 300.0,\n    \"vacuum_height_um\": 300.0\n  },\n  \"mean_quality\": 0.7263143756565194,\n  \"mesh_scale\": 4.0,\n  \"mesh_sha256\": \"d2c7eee442ccec0b5acf7a37a98b61dd305b53bafb68f0d43dab3ba0dc2b069e\",\n  \"minimum_quality\": 0.15838171066132758,\n  \"runtime_seconds\": 7.345174475000022\n}\n", "truncated": false}, "base_mesh/palace_amr.json": {"size_bytes": 2038, "tail": "{\n  \"Boundaries\": {\n    \"PEC\": {\n      \"Attributes\": [\n        10,\n        11,\n        12,\n        30,\n        31\n      ]\n    }\n  },\n  \"Domains\": {\n    \"Materials\": [\n      {\n        \"Attributes\": [\n          1\n        ],\n        \"LossTan\": 1e-06,\n        \"Permeability\": 1.0,\n        \"Permittivity\": 11.45\n      },\n      {\n        \"Attributes\": [\n          2\n        ],\n        \"LossTan\": 1e-06,\n        \"Permeability\": 1.0,\n        \"Permittivity\": 11.45\n      },\n      {\n        \"Attributes\": [\n          3\n        ],\n        \"Permeability\": 1.0,\n        \"Permittivity\": 1.0\n      },\n      {\n        \"Attributes\": [\n          4\n        ],\n        \"Permeability\": 1.0,\n        \"Permittivity\": 1.0\n      },\n      {\n        \"Attributes\": [\n          5\n        ],\n        \"Permeability\": 1.0,\n        \"Permittivity\": 1.0\n      }\n    ],\n    \"Postprocessing\": {\n      \"Energy\": [\n        {\n          \"Attributes\": [\n            1\n          ],\n          \"Index\": 1\n        },\n        {\n          \"Attributes\": [\n            2\n          ],\n          \"Index\": 2\n        },\n        {\n          \"Attributes\": [\n            3\n          ],\n          \"Index\": 3\n        },\n        {\n          \"Attributes\": [\n            4\n          ],\n          \"Index\": 4\n        },\n        {\n          \"Attributes\": [\n            5\n          ],\n          \"Index\": 5\n        }\n      ]\n    }\n  },\n  \"Model\": {\n    \"L0\": 1e-06,\n    \"Mesh\": \"quarter_wave_base.msh\",\n    \"Refinement\": {\n      \"MaxIts\": 4,\n      \"Nonconformal\": false,\n      \"SaveAdaptIterations\": true,\n      \"SaveAdaptMesh\": true,\n      \"Tol\": 0.0001,\n      \"UpdateFraction\": 0.7\n    }\n  },\n  \"Problem\": {\n    \"Output\": \"postpro\",\n    \"OutputFormats\": {\n      \"GridFunction\": true,\n      \"Paraview\": true\n    },\n    \"Type\": \"Eigenmode\",\n    \"Verbose\": 2\n  },\n  \"Solver\": {\n    \"Device\": \"CPU\",\n    \"Eigenmode\": {\n      \"N\": 4,\n      \"Save\": 4,\n      \"Target\": 2.7,\n      \"Tol\": 1e-09\n    },\n    \"Linear\": {\n      \"MaxIts\": 1000,\n      \"Tol\": 1e-09,\n      \"Type\": \"Default\"\n    },\n    \"Order\": 1\n  }\n}\n", "truncated": false}, "base_mesh/palace.stdout.txt": {"size_bytes": 12111, "tail": "unction)\n     3,      +1.114892e+01,      +5.122641e-06,      +1.088200e+06,      +1.986099e-15,      +9.796508e-11\n Wrote mode 3 to disk (Paraview)\n Wrote mode 3 to disk (grid function)\n     4,      +1.684966e+01,      +7.739065e-06,      +1.088611e+06,      +5.296481e-15,      +2.612545e-10\n Wrote mode 4 to disk (Paraview)\n Wrote mode 4 to disk (grid function)\n\nCumulative timing statistics:\n\nElapsed Time Report (s)           Min.        Max.        Avg.\n==============================================================\nInitialization                   0.569       2.868       1.719\n  Mesh Preprocessing             1.526       3.827       2.676\nOperator Construction            9.466       9.466       9.466\nLinear Solve                     6.886       6.889       6.887\n  Setup                          1.476       1.476       1.476\n  Preconditioner                13.439      13.444      13.441\nEigenvalue Solve                 3.177       3.186       3.181\nDiv.-Free Projection            16.588      16.595      16.591\nEstimation                       0.535       0.535       0.535\n  Construction                   6.971       6.971       6.971\n  Solve                         12.805      12.806      12.805\nPostprocessing                   3.999       4.001       4.000\n  Paraview                      34.364      34.366      34.365\n  Grid function                 16.844      16.844      16.844\nDisk IO                          0.831       0.832       0.832\n--------------------------------------------------------------\nTotal                          131.815     131.815     131.815\n\nPeak Memory                   Per-Node       Total   Total HWM\n==============================================================\nInitialization                    3.9M        3.9M        3.9M\n  Mesh Preprocessing            152.9M      152.9M      156.8M\nOperator Construction           281.9M      281.9M      438.7M\nLinear Solve                      0.0K        0.0K      438.7M\n  Setup                         532.2M      532.2M      970.9M\n  Preconditioner                  2.0G        2.0G        3.0G\nEigenvalue Solve                  7.6M        7.6M        3.0G\nDiv.-Free Projection            180.0M      180.0M        3.2G\nEstimation                      140.2M      140.2M        3.3G\n  Construction                    0.0K        0.0K        3.3G\n  Solve                         141.4M      141.4M        3.4G\nPostprocessing                   92.1M       92.1M        3.5G\n  Paraview                        3.9M        3.9M        3.5G\n  Grid function                 512.0K      512.0K        3.5G\nDisk IO                          67.3M       67.3M        3.6G\n--------------------------------------------------------------\nTotal                             3.6G        3.6G        3.6G\nEstimated peak per-rank memory usage is: Min. 1.8G, Max. 1.8G, Avg. 1.8G, Total 3.7G\nEstimated peak per-node memory usage is: Min. 3.7G, Max. 3.7G, Avg. 3.7G, Total 3.7G\n\nAdaptive mesh refinement (AMR) iteration 1:\n Indicator norm = 5.734e-01, global unknowns = 258137\n Max. iterations = 4, tol. = 1.000e-04\n Marked 20987/206319 elements for refinement (70.00% of the error, \u03b8 = 0.70)\n Conforming mesh refinement added 552822 elements (initial = 206319, final = 759141)\n\nParallel Mesh Stats:\n\n                minimum     average     maximum       total\n vertices         67590       70332       73075      140665\n edges           443632      462168      480704      924336\n faces           740174      771406      802638     1542812\n elements        364131      379570      395010      759141\n neighbors            1           1           1\n\n            minimum     maximum\n h      0.000327183   0.0374924\n kappa      1.06686     19.6122\n\nProceeding with solve/estimate iteration 2...\n\nConfiguring Dirichlet PEC BC at attributes:\n 10-12, 30-31\n\nAssembling system matrices, number of global unknowns:\n H1 (p = 1): 140665, ND (p = 1): 924336, RT (p = 1): 1542812\n Operator assembly level: Partial\n Mesh geometries:\n  Tetrahedron: P = 6, Q = 4 (quadrature order = 2)\n\nConfiguring ARPACK eigenvalue solver:\n", "truncated": true}, "base_mesh/palace.stderr.txt": {"size_bytes": 0, "tail": "", "truncated": false}, "base_mesh/resource_summary.json": {"unavailable": "FileNotFoundError"}, "base_mesh/resource_samples.json": {"unavailable": "FileNotFoundError"}}, "cgroup_path": "/system.slice/hosted-compute-agent.service", "cgroup_memory": {"memory.current": {"size_bytes": 0, "tail": "9025421312\n", "truncated": false}, "memory.peak": {"size_bytes": 0, "tail": "11221766144\n", "truncated": false}, "memory.max": {"size_bytes": 0, "tail": "max\n", "truncated": false}, "memory.events": {"size_bytes": 0, "tail": "low 0\nhigh 0\nmax 0\noom 0\noom_kill 0\noom_group_kill 0\n", "truncated": false}}, "process_columns": "pid ppid rss_KiB vsz_KiB cpu_percent command_name", "largest_processes": [" 680588  680539 904492 1219496 99.9 palace-x86_64.b", " 680591  680539 762176 1076656 99.9 palace-x86_64.b", " 680278  680275 165988 1295316 6.0 textlayout", "   2297    2277 157752 274501996 0.4 Runner.Worker", "   2105    2102 145988 1431640 0.2 provjobd1430605", "   2277    2089 120548 274411092 0.0 Runner.Listener", "   1387       1 74276 2045424 0.0 dockerd", "   1009       1 51552 295288  0.0 php-fpm8.3", " 680275  680273 46284 216752  0.0 uv", "   1083       1 44808 1960792 0.0 containerd", "    218       1 43716 305388  0.0 multipathd", "   1390    1044 38008 454664  0.0 python3"]}
palace	UNKNOWN STEP	2026-10-05T11:44:05.5164835Z {"schema": "textlayout.palace-ci-observation.v1", "timestamp": "2026-10-05T11:44:05.493725+00:00", "scope": "host/process diagnostics; not numerical validation", "meminfo": {"size_bytes": 1615, "head": "MemTotal:       16373452 kB\nMemFree:         4033156 kB\nMemAvailable:   13069068 kB\nBuffers:          352384 kB\nCached:          8559812 kB\nSwapCached:            0 kB\nActive:          3671204 kB\nInactive:        7752840 kB\nActive(anon):    2581100 kB\nInactive(anon):        0 kB\nActive(file):    1090104 kB\nInactive(file):  7752840 kB\nUnevictable:       46760 kB\nMlocked:           43688 kB\nSwapTotal:       3145724 kB\nSwapFree:        3145724 kB\nZswap:                 0 kB\nZswapped:              0 kB\nDirty:               144 kB\nWriteback:             0 kB\nAnonPages:       2557176 kB\nMapped:           478024 kB\nShmem:             60520 kB\nKReclaimable:     538920 kB\nSlab:             664828 kB\nSReclaimable:     538920 kB\nSUnreclaim:       125908 kB\nKernelStack:        4272 kB\nPageTables:        12476 kB\nSecPageTables:         0 kB\nNFS_Unstable:          0 kB\nBounce:                0 kB\nWritebackTmp:          0 kB\nCommitLimit:    11332448 kB\nCommitted_AS:    5286524 kB\nVmallocTotal:   34359738367 kB\nVmallocUsed:       39680 kB\nVmallocChunk:          0 kB\nPercpu:             2400 kB\nHardwareCorrupted:     0 kB\nAnonHugePages:   1103872 kB\nShmemHugePages:        0 kB\nShmemPmdMapped:        0 kB\nFileHugePages:    135168 kB\nFilePmdMapped:         0 kB\nCmaTotal:              0 kB\nCmaFree:               0 kB\nUnaccepted:            0 kB\nBalloon:               0 kB\nHugePages_Total:       0\nHugePages_Free:        0\nHugePages_Rsvd:        0\nHugePages_Surp:        0\nHugepagesize:       2048 kB\nHugetlb:               0 kB\nDirectMap4k:      109696 kB\nDirectMap2M:     4079616 kB\nDirectMap1G:    14680064 kB\n", "truncated": false, "read_mode": "bounded_prefix"}, "files": {"toolchain.json": {"size_bytes": 3922, "tail": "{\n  \"capability\": {\n    \"available\": true,\n    \"container_digest\": null,\n    \"container_engine\": null,\n    \"container_image\": null,\n    \"executable\": \"/home/runner/.cache/textlayout-palace/spack-opt/linux-x86_64_v3/palace-0.17.0-737ugntl33fa5wjglayhp7ojkezkti5s/bin/palace\",\n    \"executable_sha256\": \"ad43ec030f51435f32150a5c72cb324ca03083d2ffc2f91405bbf41c6bc2240f\",\n    \"execution_kind\": \"executable\",\n    \"identified\": true,\n    \"mpi_launcher\": \"/usr/bin/mpirun\",\n    \"status\": \"AVAILABLE\",\n    \"unavailable_reason\": null,\n    \"version\": \"0.17.0\"\n  },\n  \"generated_at\": \"2026-10-05T11:41:06+00:00\",\n  \"git_commit\": \"7b435483afaa5a8cdbfec25c9f6de030605eff13\",\n  \"gmsh\": {\n    \"available\": true,\n    \"expected_version\": \"4.15.2\",\n    \"module\": \"/home/runner/work/Text-to-Layout/Text-to-Layout/.venv/lib/python3.12/site-packages/gmsh.py\",\n    \"module_sha256\": \"f4b0935cebde899750293d87a643090e5ea33c9b18d249267f507db68a0e01c3\",\n    \"version\": \"4.15.2\"\n  },\n  \"install_record\": {\n    \"build_stage\": \"/home/runner/.cache/textlayout-palace/build-stage\",\n    \"compiler_and_mpi_tail\": [\n      \"[+] /home/runner/.cache/textlayout-palace/spack-opt/linux-x86_64_v3/palace-0.17.0-737ugntl33fa5wjglayhp7ojkezkti5s\",\n      \"==> Installing palace-0.17.0-737ugntl33fa5wjglayhp7ojkezkti5s [63/63]\",\n      \"==> Updating view at /home/runner/.cache/textlayout-palace/environment/.spack-env/view\",\n      \"gcc (Ubuntu 13.3.0-6ubuntu2~24.04.1) 13.3.0\",\n      \"g++ (Ubuntu 13.3.0-6ubuntu2~24.04.1) 13.3.0\",\n      \"GNU Fortran (Ubuntu 13.3.0-6ubuntu2~24.04.1) 13.3.0\",\n      \"mpirun (Open MPI) 4.1.6\",\n      \"\"\n    ],\n    \"compiler_versions\": {\n      \"gcc\": \"gcc (Ubuntu 13.3.0-6ubuntu2~24.04.1) 13.3.0\",\n      \"gfortran\": \"GNU Fortran (Ubuntu 13.3.0-6ubuntu2~24.04.1) 13.3.0\",\n      \"gxx\": \"g++ (Ubuntu 13.3.0-6ubuntu2~24.04.1) 13.3.0\"\n    },\n    \"git_commit\": \"7b435483afaa5a8cdbfec25c9f6de030605eff13\",\n    \"gmsh\": {\n      \"available\": true,\n      \"expected_version\": \"4.15.2\",\n      \"module\": \"/home/runner/work/Text-to-Layout/Text-to-Layout/.venv/lib/python3.12/site-packages/gmsh.py\",\n      \"module_sha256\": \"f4b0935cebde899750293d87a643090e5ea33c9b18d249267f507db68a0e01c3\",\n      \"version\": \"4.15.2\"\n    },\n    \"gmsh_version\": \"4.15.2\",\n    \"install_tree\": \"/home/runner/.cache/textlayout-palace/spack-opt\",\n    \"installed_at\": \"2026-10-05T11:40:47.866958+00:00\",\n    \"mpi_version\": \"mpirun (Open MPI) 4.1.6\",\n    \"native_root\": \"/home/runner/.cache/textlayout-palace\",\n    \"palace_commit\": \"12d8069afb5aa9e169a17e303d735e120968e9f2\",\n    \"palace_executable\": \"/home/runner/.cache/textlayout-palace/spack-opt/linux-x86_64_v3/palace-0.17.0-737ugntl33fa5wjglayhp7ojkezkti5s/bin/palace\",\n    \"palace_executable_sha256\": \"ad43ec030f51435f32150a5c72cb324ca03083d2ffc2f91405bbf41c6bc2240f\",\n    \"palace_version\": \"0.17.0\",\n    \"requested_version\": \"0.17.0\",\n    \"reused\": false,\n    \"schema\": \"textlayout.palace-install.v1\",\n    \"source_archive\": {\n      \"available\": true,\n      \"path\": \"/home/runner/work/Text-to-Layout/Text-to-Layout/.tools/external/sources/palace-12d8069afb5aa9e169a17e303d735e120968e9f2.tar.gz\",\n      \"sha256\": \"169f7fe210ea6e771a29bfe0803dd84a774b25b00d2aa3a1f33b9d97a510ff9d\",\n      \"size_bytes\": 47331791\n    },\n    \"source_archive_path\": \"/home/runner/work/Text-to-Layout/Text-to-Layout/.tools/external/sources/palace-12d8069afb5aa9e169a17e303d735e120968e9f2.tar.gz\",\n    \"source_archive_sha256\": \"169f7fe210ea6e771a29bfe0803dd84a774b25b00d2aa3a1f33b9d97a510ff9d\",\n    \"spack_commit\": \"0c2be44e4ece21eb091ad5de4c97716b7c6d4c87\",\n    \"spack_environment\": \"external_tools/palace/spack.yaml\",\n    \"spack_packages_commit\": \"a2928a3376d286ddbf07da62847d5ba5b0fa3c67\",\n    \"spack_runtime_cache\": \"/home/runner/.cache/textlayout-palace\",\n    \"spack_version\": \"1.1.0\",\n    \"status\": \"INSTALLED\",\n    \"strategy\": \"pinned_spack_wsl\"\n  },\n  \"required_palace_version\": \"0.17.0\",\n  \"schema\": \"textlayout.palace-toolchain.v1\"\n}\n", "truncated": false}, "resource_decision.json": {"size_bytes": 288, "tail": "{\n  \"accepted_processes\": 2,\n  \"available_mb\": 14815,\n  \"memory_tier\": \"unknown\",\n  \"preflight_peak_mb\": null,\n  \"rationale\": \"no peak-memory estimate available; honouring the requested count\",\n  \"requested_processes\": 2,\n  \"timestamp\": \"2026-10-05T11:41:06+00:00\",\n  \"total_mb\": 15989\n}\n", "truncated": false}, "run_manifest.json": {"unavailable": "FileNotFoundError"}, "base_mesh/mesh_metrics.json": {"size_bytes": 403, "tail": "{\n  \"element_count\": 206137,\n  \"extents\": {\n    \"lateral_margin_um\": 100.0,\n    \"lid_height_um\": 450.0,\n    \"substrate_thickness_um\": 300.0,\n    \"vacuum_height_um\": 300.0\n  },\n  \"mean_quality\": 0.7263143756565194,\n  \"mesh_scale\": 4.0,\n  \"mesh_sha256\": \"d2c7eee442ccec0b5acf7a37a98b61dd305b53bafb68f0d43dab3ba0dc2b069e\",\n  \"minimum_quality\": 0.15838171066132758,\n  \"runtime_seconds\": 7.345174475000022\n}\n", "truncated": false}, "base_mesh/palace_amr.json": {"size_bytes": 2038, "tail": "{\n  \"Boundaries\": {\n    \"PEC\": {\n      \"Attributes\": [\n        10,\n        11,\n        12,\n        30,\n        31\n      ]\n    }\n  },\n  \"Domains\": {\n    \"Materials\": [\n      {\n        \"Attributes\": [\n          1\n        ],\n        \"LossTan\": 1e-06,\n        \"Permeability\": 1.0,\n        \"Permittivity\": 11.45\n      },\n      {\n        \"Attributes\": [\n          2\n        ],\n        \"LossTan\": 1e-06,\n        \"Permeability\": 1.0,\n        \"Permittivity\": 11.45\n      },\n      {\n        \"Attributes\": [\n          3\n        ],\n        \"Permeability\": 1.0,\n        \"Permittivity\": 1.0\n      },\n      {\n        \"Attributes\": [\n          4\n        ],\n        \"Permeability\": 1.0,\n        \"Permittivity\": 1.0\n      },\n      {\n        \"Attributes\": [\n          5\n        ],\n        \"Permeability\": 1.0,\n        \"Permittivity\": 1.0\n      }\n    ],\n    \"Postprocessing\": {\n      \"Energy\": [\n        {\n          \"Attributes\": [\n            1\n          ],\n          \"Index\": 1\n        },\n        {\n          \"Attributes\": [\n            2\n          ],\n          \"Index\": 2\n        },\n        {\n          \"Attributes\": [\n            3\n          ],\n          \"Index\": 3\n        },\n        {\n          \"Attributes\": [\n            4\n          ],\n          \"Index\": 4\n        },\n        {\n          \"Attributes\": [\n            5\n          ],\n          \"Index\": 5\n        }\n      ]\n    }\n  },\n  \"Model\": {\n    \"L0\": 1e-06,\n    \"Mesh\": \"quarter_wave_base.msh\",\n    \"Refinement\": {\n      \"MaxIts\": 4,\n      \"Nonconformal\": false,\n      \"SaveAdaptIterations\": true,\n      \"SaveAdaptMesh\": true,\n      \"Tol\": 0.0001,\n      \"UpdateFraction\": 0.7\n    }\n  },\n  \"Problem\": {\n    \"Output\": \"postpro\",\n    \"OutputFormats\": {\n      \"GridFunction\": true,\n      \"Paraview\": true\n    },\n    \"Type\": \"Eigenmode\",\n    \"Verbose\": 2\n  },\n  \"Solver\": {\n    \"Device\": \"CPU\",\n    \"Eigenmode\": {\n      \"N\": 4,\n      \"Save\": 4,\n      \"Target\": 2.7,\n      \"Tol\": 1e-09\n    },\n    \"Linear\": {\n      \"MaxIts\": 1000,\n      \"Tol\": 1e-09,\n      \"Type\": \"Default\"\n    },\n    \"Order\": 1\n  }\n}\n", "truncated": false}, "base_mesh/palace.stdout.txt": {"size_bytes": 12111, "tail": "unction)\n     3,      +1.114892e+01,      +5.122641e-06,      +1.088200e+06,      +1.986099e-15,      +9.796508e-11\n Wrote mode 3 to disk (Paraview)\n Wrote mode 3 to disk (grid function)\n     4,      +1.684966e+01,      +7.739065e-06,      +1.088611e+06,      +5.296481e-15,      +2.612545e-10\n Wrote mode 4 to disk (Paraview)\n Wrote mode 4 to disk (grid function)\n\nCumulative timing statistics:\n\nElapsed Time Report (s)           Min.        Max.        Avg.\n==============================================================\nInitialization                   0.569       2.868       1.719\n  Mesh Preprocessing             1.526       3.827       2.676\nOperator Construction            9.466       9.466       9.466\nLinear Solve                     6.886       6.889       6.887\n  Setup                          1.476       1.476       1.476\n  Preconditioner                13.439      13.444      13.441\nEigenvalue Solve                 3.177       3.186       3.181\nDiv.-Free Projection            16.588      16.595      16.591\nEstimation                       0.535       0.535       0.535\n  Construction                   6.971       6.971       6.971\n  Solve                         12.805      12.806      12.805\nPostprocessing                   3.999       4.001       4.000\n  Paraview                      34.364      34.366      34.365\n  Grid function                 16.844      16.844      16.844\nDisk IO                          0.831       0.832       0.832\n--------------------------------------------------------------\nTotal                          131.815     131.815     131.815\n\nPeak Memory                   Per-Node       Total   Total HWM\n==============================================================\nInitialization                    3.9M        3.9M        3.9M\n  Mesh Preprocessing            152.9M      152.9M      156.8M\nOperator Construction           281.9M      281.9M      438.7M\nLinear Solve                      0.0K        0.0K      438.7M\n  Setup                         532.2M      532.2M      970.9M\n  Preconditioner                  2.0G        2.0G        3.0G\nEigenvalue Solve                  7.6M        7.6M        3.0G\nDiv.-Free Projection            180.0M      180.0M        3.2G\nEstimation                      140.2M      140.2M        3.3G\n  Construction                    0.0K        0.0K        3.3G\n  Solve                         141.4M      141.4M        3.4G\nPostprocessing                   92.1M       92.1M        3.5G\n  Paraview                        3.9M        3.9M        3.5G\n  Grid function                 512.0K      512.0K        3.5G\nDisk IO                          67.3M       67.3M        3.6G\n--------------------------------------------------------------\nTotal                             3.6G        3.6G        3.6G\nEstimated peak per-rank memory usage is: Min. 1.8G, Max. 1.8G, Avg. 1.8G, Total 3.7G\nEstimated peak per-node memory usage is: Min. 3.7G, Max. 3.7G, Avg. 3.7G, Total 3.7G\n\nAdaptive mesh refinement (AMR) iteration 1:\n Indicator norm = 5.734e-01, global unknowns = 258137\n Max. iterations = 4, tol. = 1.000e-04\n Marked 20987/206319 elements for refinement (70.00% of the error, \u03b8 = 0.70)\n Conforming mesh refinement added 552822 elements (initial = 206319, final = 759141)\n\nParallel Mesh Stats:\n\n                minimum     average     maximum       total\n vertices         67590       70332       73075      140665\n edges           443632      462168      480704      924336\n faces           740174      771406      802638     1542812\n elements        364131      379570      395010      759141\n neighbors            1           1           1\n\n            minimum     maximum\n h      0.000327183   0.0374924\n kappa      1.06686     19.6122\n\nProceeding with solve/estimate iteration 2...\n\nConfiguring Dirichlet PEC BC at attributes:\n 10-12, 30-31\n\nAssembling system matrices, number of global unknowns:\n H1 (p = 1): 140665, ND (p = 1): 924336, RT (p = 1): 1542812\n Operator assembly level: Partial\n Mesh geometries:\n  Tetrahedron: P = 6, Q = 4 (quadrature order = 2)\n\nConfiguring ARPACK eigenvalue solver:\n", "truncated": true}, "base_mesh/palace.stderr.txt": {"size_bytes": 0, "tail": "", "truncated": false}, "base_mesh/resource_summary.json": {"unavailable": "FileNotFoundError"}, "base_mesh/resource_samples.json": {"unavailable": "FileNotFoundError"}}, "cgroup_path": "/system.slice/hosted-compute-agent.service", "cgroup_memory": {"memory.current": {"size_bytes": 0, "tail": "9562329088\n", "truncated": false}, "memory.peak": {"size_bytes": 0, "tail": "11221766144\n", "truncated": false}, "memory.max": {"size_bytes": 0, "tail": "max\n", "truncated": false}, "memory.events": {"size_bytes": 0, "tail": "low 0\nhigh 0\nmax 0\noom 0\noom_kill 0\noom_group_kill 0\n", "truncated": false}}, "process_columns": "pid ppid rss_KiB vsz_KiB cpu_percent command_name", "largest_processes": [" 680588  680539 1176068 1491072 99.9 palace-x86_64.b", " 680591  680539 1012520 1327000 99.9 palace-x86_64.b", " 680278  680275 165988 1295316 5.0 textlayout", "   2297    2277 157756 274501996 0.4 Runner.Worker", "   2105    2102 145988 1431640 0.2 provjobd1430605", "   2277    2089 120548 274411092 0.0 Runner.Listener", "   1387       1 74276 2045424 0.0 dockerd", "   1009       1 51552 295288  0.0 php-fpm8.3", " 680275  680273 48924 216752  0.0 uv", "   1083       1 44808 1960792 0.0 containerd", "    218       1 43716 305388  0.0 multipathd", "   1390    1044 38008 454664  0.0 python3"]}
palace	UNKNOWN STEP	2026-10-05T11:44:35.5379310Z {"schema": "textlayout.palace-ci-observation.v1", "timestamp": "2026-10-05T11:44:35.508983+00:00", "scope": "host/process diagnostics; not numerical validation", "meminfo": {"size_bytes": 1615, "head": "MemTotal:       16373452 kB\nMemFree:         2387460 kB\nMemAvailable:   11423460 kB\nBuffers:          352396 kB\nCached:          8559892 kB\nSwapCached:            0 kB\nActive:          5274580 kB\nInactive:        7752932 kB\nActive(anon):    4184476 kB\nInactive(anon):        0 kB\nActive(file):    1090104 kB\nInactive(file):  7752932 kB\nUnevictable:       46760 kB\nMlocked:           43688 kB\nSwapTotal:       3145724 kB\nSwapFree:        3145724 kB\nZswap:                 0 kB\nZswapped:              0 kB\nDirty:               172 kB\nWriteback:             0 kB\nAnonPages:       4158608 kB\nMapped:           478024 kB\nShmem:             60520 kB\nKReclaimable:     538916 kB\nSlab:             664868 kB\nSReclaimable:     538916 kB\nSUnreclaim:       125952 kB\nKernelStack:        4320 kB\nPageTables:        16264 kB\nSecPageTables:         0 kB\nNFS_Unstable:          0 kB\nBounce:                0 kB\nWritebackTmp:          0 kB\nCommitLimit:    11332448 kB\nCommitted_AS:    6887692 kB\nVmallocTotal:   34359738367 kB\nVmallocUsed:       39696 kB\nVmallocChunk:          0 kB\nPercpu:             2400 kB\nHardwareCorrupted:     0 kB\nAnonHugePages:   2695168 kB\nShmemHugePages:        0 kB\nShmemPmdMapped:        0 kB\nFileHugePages:    135168 kB\nFilePmdMapped:         0 kB\nCmaTotal:              0 kB\nCmaFree:               0 kB\nUnaccepted:            0 kB\nBalloon:               0 kB\nHugePages_Total:       0\nHugePages_Free:        0\nHugePages_Rsvd:        0\nHugePages_Surp:        0\nHugepagesize:       2048 kB\nHugetlb:               0 kB\nDirectMap4k:      109696 kB\nDirectMap2M:     4079616 kB\nDirectMap1G:    14680064 kB\n", "truncated": false, "read_mode": "bounded_prefix"}, "files": {"toolchain.json": {"size_bytes": 3922, "tail": "{\n  \"capability\": {\n    \"available\": true,\n    \"container_digest\": null,\n    \"container_engine\": null,\n    \"container_image\": null,\n    \"executable\": \"/home/runner/.cache/textlayout-palace/spack-opt/linux-x86_64_v3/palace-0.17.0-737ugntl33fa5wjglayhp7ojkezkti5s/bin/palace\",\n    \"executable_sha256\": \"ad43ec030f51435f32150a5c72cb324ca03083d2ffc2f91405bbf41c6bc2240f\",\n    \"execution_kind\": \"executable\",\n    \"identified\": true,\n    \"mpi_launcher\": \"/usr/bin/mpirun\",\n    \"status\": \"AVAILABLE\",\n    \"unavailable_reason\": null,\n    \"version\": \"0.17.0\"\n  },\n  \"generated_at\": \"2026-10-05T11:41:06+00:00\",\n  \"git_commit\": \"7b435483afaa5a8cdbfec25c9f6de030605eff13\",\n  \"gmsh\": {\n    \"available\": true,\n    \"expected_version\": \"4.15.2\",\n    \"module\": \"/home/runner/work/Text-to-Layout/Text-to-Layout/.venv/lib/python3.12/site-packages/gmsh.py\",\n    \"module_sha256\": \"f4b0935cebde899750293d87a643090e5ea33c9b18d249267f507db68a0e01c3\",\n    \"version\": \"4.15.2\"\n  },\n  \"install_record\": {\n    \"build_stage\": \"/home/runner/.cache/textlayout-palace/build-stage\",\n    \"compiler_and_mpi_tail\": [\n      \"[+] /home/runner/.cache/textlayout-palace/spack-opt/linux-x86_64_v3/palace-0.17.0-737ugntl33fa5wjglayhp7ojkezkti5s\",\n      \"==> Installing palace-0.17.0-737ugntl33fa5wjglayhp7ojkezkti5s [63/63]\",\n      \"==> Updating view at /home/runner/.cache/textlayout-palace/environment/.spack-env/view\",\n      \"gcc (Ubuntu 13.3.0-6ubuntu2~24.04.1) 13.3.0\",\n      \"g++ (Ubuntu 13.3.0-6ubuntu2~24.04.1) 13.3.0\",\n      \"GNU Fortran (Ubuntu 13.3.0-6ubuntu2~24.04.1) 13.3.0\",\n      \"mpirun (Open MPI) 4.1.6\",\n      \"\"\n    ],\n    \"compiler_versions\": {\n      \"gcc\": \"gcc (Ubuntu 13.3.0-6ubuntu2~24.04.1) 13.3.0\",\n      \"gfortran\": \"GNU Fortran (Ubuntu 13.3.0-6ubuntu2~24.04.1) 13.3.0\",\n      \"gxx\": \"g++ (Ubuntu 13.3.0-6ubuntu2~24.04.1) 13.3.0\"\n    },\n    \"git_commit\": \"7b435483afaa5a8cdbfec25c9f6de030605eff13\",\n    \"gmsh\": {\n      \"available\": true,\n      \"expected_version\": \"4.15.2\",\n      \"module\": \"/home/runner/work/Text-to-Layout/Text-to-Layout/.venv/lib/python3.12/site-packages/gmsh.py\",\n      \"module_sha256\": \"f4b0935cebde899750293d87a643090e5ea33c9b18d249267f507db68a0e01c3\",\n      \"version\": \"4.15.2\"\n    },\n    \"gmsh_version\": \"4.15.2\",\n    \"install_tree\": \"/home/runner/.cache/textlayout-palace/spack-opt\",\n    \"installed_at\": \"2026-10-05T11:40:47.866958+00:00\",\n    \"mpi_version\": \"mpirun (Open MPI) 4.1.6\",\n    \"native_root\": \"/home/runner/.cache/textlayout-palace\",\n    \"palace_commit\": \"12d8069afb5aa9e169a17e303d735e120968e9f2\",\n    \"palace_executable\": \"/home/runner/.cache/textlayout-palace/spack-opt/linux-x86_64_v3/palace-0.17.0-737ugntl33fa5wjglayhp7ojkezkti5s/bin/palace\",\n    \"palace_executable_sha256\": \"ad43ec030f51435f32150a5c72cb324ca03083d2ffc2f91405bbf41c6bc2240f\",\n    \"palace_version\": \"0.17.0\",\n    \"requested_version\": \"0.17.0\",\n    \"reused\": false,\n    \"schema\": \"textlayout.palace-install.v1\",\n    \"source_archive\": {\n      \"available\": true,\n      \"path\": \"/home/runner/work/Text-to-Layout/Text-to-Layout/.tools/external/sources/palace-12d8069afb5aa9e169a17e303d735e120968e9f2.tar.gz\",\n      \"sha256\": \"169f7fe210ea6e771a29bfe0803dd84a774b25b00d2aa3a1f33b9d97a510ff9d\",\n      \"size_bytes\": 47331791\n    },\n    \"source_archive_path\": \"/home/runner/work/Text-to-Layout/Text-to-Layout/.tools/external/sources/palace-12d8069afb5aa9e169a17e303d735e120968e9f2.tar.gz\",\n    \"source_archive_sha256\": \"169f7fe210ea6e771a29bfe0803dd84a774b25b00d2aa3a1f33b9d97a510ff9d\",\n    \"spack_commit\": \"0c2be44e4ece21eb091ad5de4c97716b7c6d4c87\",\n    \"spack_environment\": \"external_tools/palace/spack.yaml\",\n    \"spack_packages_commit\": \"a2928a3376d286ddbf07da62847d5ba5b0fa3c67\",\n    \"spack_runtime_cache\": \"/home/runner/.cache/textlayout-palace\",\n    \"spack_version\": \"1.1.0\",\n    \"status\": \"INSTALLED\",\n    \"strategy\": \"pinned_spack_wsl\"\n  },\n  \"required_palace_version\": \"0.17.0\",\n  \"schema\": \"textlayout.palace-toolchain.v1\"\n}\n", "truncated": false}, "resource_decision.json": {"size_bytes": 288, "tail": "{\n  \"accepted_processes\": 2,\n  \"available_mb\": 14815,\n  \"memory_tier\": \"unknown\",\n  \"preflight_peak_mb\": null,\n  \"rationale\": \"no peak-memory estimate available; honouring the requested count\",\n  \"requested_processes\": 2,\n  \"timestamp\": \"2026-10-05T11:41:06+00:00\",\n  \"total_mb\": 15989\n}\n", "truncated": false}, "run_manifest.json": {"unavailable": "FileNotFoundError"}, "base_mesh/mesh_metrics.json": {"size_bytes": 403, "tail": "{\n  \"element_count\": 206137,\n  \"extents\": {\n    \"lateral_margin_um\": 100.0,\n    \"lid_height_um\": 450.0,\n    \"substrate_thickness_um\": 300.0,\n    \"vacuum_height_um\": 300.0\n  },\n  \"mean_quality\": 0.7263143756565194,\n  \"mesh_scale\": 4.0,\n  \"mesh_sha256\": \"d2c7eee442ccec0b5acf7a37a98b61dd305b53bafb68f0d43dab3ba0dc2b069e\",\n  \"minimum_quality\": 0.15838171066132758,\n  \"runtime_seconds\": 7.345174475000022\n}\n", "truncated": false}, "base_mesh/palace_amr.json": {"size_bytes": 2038, "tail": "{\n  \"Boundaries\": {\n    \"PEC\": {\n      \"Attributes\": [\n        10,\n        11,\n        12,\n        30,\n        31\n      ]\n    }\n  },\n  \"Domains\": {\n    \"Materials\": [\n      {\n        \"Attributes\": [\n          1\n        ],\n        \"LossTan\": 1e-06,\n        \"Permeability\": 1.0,\n        \"Permittivity\": 11.45\n      },\n      {\n        \"Attributes\": [\n          2\n        ],\n        \"LossTan\": 1e-06,\n        \"Permeability\": 1.0,\n        \"Permittivity\": 11.45\n      },\n      {\n        \"Attributes\": [\n          3\n        ],\n        \"Permeability\": 1.0,\n        \"Permittivity\": 1.0\n      },\n      {\n        \"Attributes\": [\n          4\n        ],\n        \"Permeability\": 1.0,\n        \"Permittivity\": 1.0\n      },\n      {\n        \"Attributes\": [\n          5\n        ],\n        \"Permeability\": 1.0,\n        \"Permittivity\": 1.0\n      }\n    ],\n    \"Postprocessing\": {\n      \"Energy\": [\n        {\n          \"Attributes\": [\n            1\n          ],\n          \"Index\": 1\n        },\n        {\n          \"Attributes\": [\n            2\n          ],\n          \"Index\": 2\n        },\n        {\n          \"Attributes\": [\n            3\n          ],\n          \"Index\": 3\n        },\n        {\n          \"Attributes\": [\n            4\n          ],\n          \"Index\": 4\n        },\n        {\n          \"Attributes\": [\n            5\n          ],\n          \"Index\": 5\n        }\n      ]\n    }\n  },\n  \"Model\": {\n    \"L0\": 1e-06,\n    \"Mesh\": \"quarter_wave_base.msh\",\n    \"Refinement\": {\n      \"MaxIts\": 4,\n      \"Nonconformal\": false,\n      \"SaveAdaptIterations\": true,\n      \"SaveAdaptMesh\": true,\n      \"Tol\": 0.0001,\n      \"UpdateFraction\": 0.7\n    }\n  },\n  \"Problem\": {\n    \"Output\": \"postpro\",\n    \"OutputFormats\": {\n      \"GridFunction\": true,\n      \"Paraview\": true\n    },\n    \"Type\": \"Eigenmode\",\n    \"Verbose\": 2\n  },\n  \"Solver\": {\n    \"Device\": \"CPU\",\n    \"Eigenmode\": {\n      \"N\": 4,\n      \"Save\": 4,\n      \"Target\": 2.7,\n      \"Tol\": 1e-09\n    },\n    \"Linear\": {\n      \"MaxIts\": 1000,\n      \"Tol\": 1e-09,\n      \"Type\": \"Default\"\n    },\n    \"Order\": 1\n  }\n}\n", "truncated": false}, "base_mesh/palace.stdout.txt": {"size_bytes": 12383, "tail": "5,      +2.612545e-10\n Wrote mode 4 to disk (Paraview)\n Wrote mode 4 to disk (grid function)\n\nCumulative timing statistics:\n\nElapsed Time Report (s)           Min.        Max.        Avg.\n==============================================================\nInitialization                   0.569       2.868       1.719\n  Mesh Preprocessing             1.526       3.827       2.676\nOperator Construction            9.466       9.466       9.466\nLinear Solve                     6.886       6.889       6.887\n  Setup                          1.476       1.476       1.476\n  Preconditioner                13.439      13.444      13.441\nEigenvalue Solve                 3.177       3.186       3.181\nDiv.-Free Projection            16.588      16.595      16.591\nEstimation                       0.535       0.535       0.535\n  Construction                   6.971       6.971       6.971\n  Solve                         12.805      12.806      12.805\nPostprocessing                   3.999       4.001       4.000\n  Paraview                      34.364      34.366      34.365\n  Grid function                 16.844      16.844      16.844\nDisk IO                          0.831       0.832       0.832\n--------------------------------------------------------------\nTotal                          131.815     131.815     131.815\n\nPeak Memory                   Per-Node       Total   Total HWM\n==============================================================\nInitialization                    3.9M        3.9M        3.9M\n  Mesh Preprocessing            152.9M      152.9M      156.8M\nOperator Construction           281.9M      281.9M      438.7M\nLinear Solve                      0.0K        0.0K      438.7M\n  Setup                         532.2M      532.2M      970.9M\n  Preconditioner                  2.0G        2.0G        3.0G\nEigenvalue Solve                  7.6M        7.6M        3.0G\nDiv.-Free Projection            180.0M      180.0M        3.2G\nEstimation                      140.2M      140.2M        3.3G\n  Construction                    0.0K        0.0K        3.3G\n  Solve                         141.4M      141.4M        3.4G\nPostprocessing                   92.1M       92.1M        3.5G\n  Paraview                        3.9M        3.9M        3.5G\n  Grid function                 512.0K      512.0K        3.5G\nDisk IO                          67.3M       67.3M        3.6G\n--------------------------------------------------------------\nTotal                             3.6G        3.6G        3.6G\nEstimated peak per-rank memory usage is: Min. 1.8G, Max. 1.8G, Avg. 1.8G, Total 3.7G\nEstimated peak per-node memory usage is: Min. 3.7G, Max. 3.7G, Avg. 3.7G, Total 3.7G\n\nAdaptive mesh refinement (AMR) iteration 1:\n Indicator norm = 5.734e-01, global unknowns = 258137\n Max. iterations = 4, tol. = 1.000e-04\n Marked 20987/206319 elements for refinement (70.00% of the error, \u03b8 = 0.70)\n Conforming mesh refinement added 552822 elements (initial = 206319, final = 759141)\n\nParallel Mesh Stats:\n\n                minimum     average     maximum       total\n vertices         67590       70332       73075      140665\n edges           443632      462168      480704      924336\n faces           740174      771406      802638     1542812\n elements        364131      379570      395010      759141\n neighbors            1           1           1\n\n            minimum     maximum\n h      0.000327183   0.0374924\n kappa      1.06686     19.6122\n\nProceeding with solve/estimate iteration 2...\n\nConfiguring Dirichlet PEC BC at attributes:\n 10-12, 30-31\n\nAssembling system matrices, number of global unknowns:\n H1 (p = 1): 140665, ND (p = 1): 924336, RT (p = 1): 1542812\n Operator assembly level: Partial\n Mesh geometries:\n  Tetrahedron: P = 6, Q = 4 (quadrature order = 2)\n\nConfiguring ARPACK eigenvalue solver:\n Scaling \u03b3 = 3.842e+05, \u03b4 = 1.901e-05\n Configuring divergence-free projection\n Using random starting vector\n Shift-and-invert \u03c3 = 2.700e+00 GHz (2.936e-01)\n\nAssembling multigrid hierarchy:\n Level 0 (p = 1): 924336 unknowns\n Level 0 (auxiliary) (p = 1): 140665 unknowns\n", "truncated": true}, "base_mesh/palace.stderr.txt": {"size_bytes": 0, "tail": "", "truncated": false}, "base_mesh/resource_summary.json": {"unavailable": "FileNotFoundError"}, "base_mesh/resource_samples.json": {"unavailable": "FileNotFoundError"}}, "cgroup_path": "/system.slice/hosted-compute-agent.service", "cgroup_memory": {"memory.current": {"size_bytes": 0, "tail": "11207938048\n", "truncated": false}, "memory.peak": {"size_bytes": 0, "tail": "12145221632\n", "truncated": false}, "memory.max": {"size_bytes": 0, "tail": "max\n", "truncated": false}, "memory.events": {"size_bytes": 0, "tail": "low 0\nhigh 0\nmax 0\noom 0\noom_kill 0\noom_group_kill 0\n", "truncated": false}}, "process_columns": "pid ppid rss_KiB vsz_KiB cpu_percent command_name", "largest_processes": [" 680588  680539 1995108 2305920 99.9 palace-x86_64.b", " 680591  680539 1789448 2103584 99.9 palace-x86_64.b", " 680278  680275 166084 1295316 4.3 textlayout", "   2297    2277 157756 274501996 0.4 Runner.Worker", "   2105    2102 145988 1431640 0.2 provjobd1430605", "   2277    2089 120548 274411092 0.0 Runner.Listener", "   1387       1 74276 2045424 0.0 dockerd", "   1009       1 51552 295288  0.0 php-fpm8.3", " 680275  680273 48940 216752  0.0 uv", "   1083       1 44808 1960792 0.0 containerd", "    218       1 43716 305388  0.0 multipathd", "   1390    1044 38008 454664  0.0 python3"]}
palace	UNKNOWN STEP	2026-10-05T11:45:05.5499866Z {"schema": "textlayout.palace-ci-observation.v1", "timestamp": "2026-10-05T11:45:05.527493+00:00", "scope": "host/process diagnostics; not numerical validation", "meminfo": {"size_bytes": 1615, "head": "MemTotal:       16373452 kB\nMemFree:         1832784 kB\nMemAvailable:   10868888 kB\nBuffers:          352416 kB\nCached:          8559968 kB\nSwapCached:            0 kB\nActive:          5870292 kB\nInactive:        7753028 kB\nActive(anon):    4780188 kB\nInactive(anon):        0 kB\nActive(file):    1090104 kB\nInactive(file):  7753028 kB\nUnevictable:       46760 kB\nMlocked:           43688 kB\nSwapTotal:       3145724 kB\nSwapFree:        3145724 kB\nZswap:                 0 kB\nZswapped:              0 kB\nDirty:              1656 kB\nWriteback:             0 kB\nAnonPages:       4754260 kB\nMapped:           478092 kB\nShmem:             60520 kB\nKReclaimable:     538924 kB\nSlab:             664928 kB\nSReclaimable:     538924 kB\nSUnreclaim:       126004 kB\nKernelStack:        4244 kB\nPageTables:        16768 kB\nSecPageTables:         0 kB\nNFS_Unstable:          0 kB\nBounce:                0 kB\nWritebackTmp:          0 kB\nCommitLimit:    11332448 kB\nCommitted_AS:    7494824 kB\nVmallocTotal:   34359738367 kB\nVmallocUsed:       39664 kB\nVmallocChunk:          0 kB\nPercpu:             2400 kB\nHardwareCorrupted:     0 kB\nAnonHugePages:   3321856 kB\nShmemHugePages:        0 kB\nShmemPmdMapped:        0 kB\nFileHugePages:    135168 kB\nFilePmdMapped:         0 kB\nCmaTotal:              0 kB\nCmaFree:               0 kB\nUnaccepted:            0 kB\nBalloon:               0 kB\nHugePages_Total:       0\nHugePages_Free:        0\nHugePages_Rsvd:        0\nHugePages_Surp:        0\nHugepagesize:       2048 kB\nHugetlb:               0 kB\nDirectMap4k:      109696 kB\nDirectMap2M:     4079616 kB\nDirectMap1G:    14680064 kB\n", "truncated": false, "read_mode": "bounded_prefix"}, "files": {"toolchain.json": {"size_bytes": 3922, "tail": "{\n  \"capability\": {\n    \"available\": true,\n    \"container_digest\": null,\n    \"container_engine\": null,\n    \"container_image\": null,\n    \"executable\": \"/home/runner/.cache/textlayout-palace/spack-opt/linux-x86_64_v3/palace-0.17.0-737ugntl33fa5wjglayhp7ojkezkti5s/bin/palace\",\n    \"executable_sha256\": \"ad43ec030f51435f32150a5c72cb324ca03083d2ffc2f91405bbf41c6bc2240f\",\n    \"execution_kind\": \"executable\",\n    \"identified\": true,\n    \"mpi_launcher\": \"/usr/bin/mpirun\",\n    \"status\": \"AVAILABLE\",\n    \"unavailable_reason\": null,\n    \"version\": \"0.17.0\"\n  },\n  \"generated_at\": \"2026-10-05T11:41:06+00:00\",\n  \"git_commit\": \"7b435483afaa5a8cdbfec25c9f6de030605eff13\",\n  \"gmsh\": {\n    \"available\": true,\n    \"expected_version\": \"4.15.2\",\n    \"module\": \"/home/runner/work/Text-to-Layout/Text-to-Layout/.venv/lib/python3.12/site-packages/gmsh.py\",\n    \"module_sha256\": \"f4b0935cebde899750293d87a643090e5ea33c9b18d249267f507db68a0e01c3\",\n    \"version\": \"4.15.2\"\n  },\n  \"install_record\": {\n    \"build_stage\": \"/home/runner/.cache/textlayout-palace/build-stage\",\n    \"compiler_and_mpi_tail\": [\n      \"[+] /home/runner/.cache/textlayout-palace/spack-opt/linux-x86_64_v3/palace-0.17.0-737ugntl33fa5wjglayhp7ojkezkti5s\",\n      \"==> Installing palace-0.17.0-737ugntl33fa5wjglayhp7ojkezkti5s [63/63]\",\n      \"==> Updating view at /home/runner/.cache/textlayout-palace/environment/.spack-env/view\",\n      \"gcc (Ubuntu 13.3.0-6ubuntu2~24.04.1) 13.3.0\",\n      \"g++ (Ubuntu 13.3.0-6ubuntu2~24.04.1) 13.3.0\",\n      \"GNU Fortran (Ubuntu 13.3.0-6ubuntu2~24.04.1) 13.3.0\",\n      \"mpirun (Open MPI) 4.1.6\",\n      \"\"\n    ],\n    \"compiler_versions\": {\n      \"gcc\": \"gcc (Ubuntu 13.3.0-6ubuntu2~24.04.1) 13.3.0\",\n      \"gfortran\": \"GNU Fortran (Ubuntu 13.3.0-6ubuntu2~24.04.1) 13.3.0\",\n      \"gxx\": \"g++ (Ubuntu 13.3.0-6ubuntu2~24.04.1) 13.3.0\"\n    },\n    \"git_commit\": \"7b435483afaa5a8cdbfec25c9f6de030605eff13\",\n    \"gmsh\": {\n      \"available\": true,\n      \"expected_version\": \"4.15.2\",\n      \"module\": \"/home/runner/work/Text-to-Layout/Text-to-Layout/.venv/lib/python3.12/site-packages/gmsh.py\",\n      \"module_sha256\": \"f4b0935cebde899750293d87a643090e5ea33c9b18d249267f507db68a0e01c3\",\n      \"version\": \"4.15.2\"\n    },\n    \"gmsh_version\": \"4.15.2\",\n    \"install_tree\": \"/home/runner/.cache/textlayout-palace/spack-opt\",\n    \"installed_at\": \"2026-10-05T11:40:47.866958+00:00\",\n    \"mpi_version\": \"mpirun (Open MPI) 4.1.6\",\n    \"native_root\": \"/home/runner/.cache/textlayout-palace\",\n    \"palace_commit\": \"12d8069afb5aa9e169a17e303d735e120968e9f2\",\n    \"palace_executable\": \"/home/runner/.cache/textlayout-palace/spack-opt/linux-x86_64_v3/palace-0.17.0-737ugntl33fa5wjglayhp7ojkezkti5s/bin/palace\",\n    \"palace_executable_sha256\": \"ad43ec030f51435f32150a5c72cb324ca03083d2ffc2f91405bbf41c6bc2240f\",\n    \"palace_version\": \"0.17.0\",\n    \"requested_version\": \"0.17.0\",\n    \"reused\": false,\n    \"schema\": \"textlayout.palace-install.v1\",\n    \"source_archive\": {\n      \"available\": true,\n      \"path\": \"/home/runner/work/Text-to-Layout/Text-to-Layout/.tools/external/sources/palace-12d8069afb5aa9e169a17e303d735e120968e9f2.tar.gz\",\n      \"sha256\": \"169f7fe210ea6e771a29bfe0803dd84a774b25b00d2aa3a1f33b9d97a510ff9d\",\n      \"size_bytes\": 47331791\n    },\n    \"source_archive_path\": \"/home/runner/work/Text-to-Layout/Text-to-Layout/.tools/external/sources/palace-12d8069afb5aa9e169a17e303d735e120968e9f2.tar.gz\",\n    \"source_archive_sha256\": \"169f7fe210ea6e771a29bfe0803dd84a774b25b00d2aa3a1f33b9d97a510ff9d\",\n    \"spack_commit\": \"0c2be44e4ece21eb091ad5de4c97716b7c6d4c87\",\n    \"spack_environment\": \"external_tools/palace/spack.yaml\",\n    \"spack_packages_commit\": \"a2928a3376d286ddbf07da62847d5ba5b0fa3c67\",\n    \"spack_runtime_cache\": \"/home/runner/.cache/textlayout-palace\",\n    \"spack_version\": \"1.1.0\",\n    \"status\": \"INSTALLED\",\n    \"strategy\": \"pinned_spack_wsl\"\n  },\n  \"required_palace_version\": \"0.17.0\",\n  \"schema\": \"textlayout.palace-toolchain.v1\"\n}\n", "truncated": false}, "resource_decision.json": {"size_bytes": 288, "tail": "{\n  \"accepted_processes\": 2,\n  \"available_mb\": 14815,\n  \"memory_tier\": \"unknown\",\n  \"preflight_peak_mb\": null,\n  \"rationale\": \"no peak-memory estimate available; honouring the requested count\",\n  \"requested_processes\": 2,\n  \"timestamp\": \"2026-10-05T11:41:06+00:00\",\n  \"total_mb\": 15989\n}\n", "truncated": false}, "run_manifest.json": {"unavailable": "FileNotFoundError"}, "base_mesh/mesh_metrics.json": {"size_bytes": 403, "tail": "{\n  \"element_count\": 206137,\n  \"extents\": {\n    \"lateral_margin_um\": 100.0,\n    \"lid_height_um\": 450.0,\n    \"substrate_thickness_um\": 300.0,\n    \"vacuum_height_um\": 300.0\n  },\n  \"mean_quality\": 0.7263143756565194,\n  \"mesh_scale\": 4.0,\n  \"mesh_sha256\": \"d2c7eee442ccec0b5acf7a37a98b61dd305b53bafb68f0d43dab3ba0dc2b069e\",\n  \"minimum_quality\": 0.15838171066132758,\n  \"runtime_seconds\": 7.345174475000022\n}\n", "truncated": false}, "base_mesh/palace_amr.json": {"size_bytes": 2038, "tail": "{\n  \"Boundaries\": {\n    \"PEC\": {\n      \"Attributes\": [\n        10,\n        11,\n        12,\n        30,\n        31\n      ]\n    }\n  },\n  \"Domains\": {\n    \"Materials\": [\n      {\n        \"Attributes\": [\n          1\n        ],\n        \"LossTan\": 1e-06,\n        \"Permeability\": 1.0,\n        \"Permittivity\": 11.45\n      },\n      {\n        \"Attributes\": [\n          2\n        ],\n        \"LossTan\": 1e-06,\n        \"Permeability\": 1.0,\n        \"Permittivity\": 11.45\n      },\n      {\n        \"Attributes\": [\n          3\n        ],\n        \"Permeability\": 1.0,\n        \"Permittivity\": 1.0\n      },\n      {\n        \"Attributes\": [\n          4\n        ],\n        \"Permeability\": 1.0,\n        \"Permittivity\": 1.0\n      },\n      {\n        \"Attributes\": [\n          5\n        ],\n        \"Permeability\": 1.0,\n        \"Permittivity\": 1.0\n      }\n    ],\n    \"Postprocessing\": {\n      \"Energy\": [\n        {\n          \"Attributes\": [\n            1\n          ],\n          \"Index\": 1\n        },\n        {\n          \"Attributes\": [\n            2\n          ],\n          \"Index\": 2\n        },\n        {\n          \"Attributes\": [\n            3\n          ],\n          \"Index\": 3\n        },\n        {\n          \"Attributes\": [\n            4\n          ],\n          \"Index\": 4\n        },\n        {\n          \"Attributes\": [\n            5\n          ],\n          \"Index\": 5\n        }\n      ]\n    }\n  },\n  \"Model\": {\n    \"L0\": 1e-06,\n    \"Mesh\": \"quarter_wave_base.msh\",\n    \"Refinement\": {\n      \"MaxIts\": 4,\n      \"Nonconformal\": false,\n      \"SaveAdaptIterations\": true,\n      \"SaveAdaptMesh\": true,\n      \"Tol\": 0.0001,\n      \"UpdateFraction\": 0.7\n    }\n  },\n  \"Problem\": {\n    \"Output\": \"postpro\",\n    \"OutputFormats\": {\n      \"GridFunction\": true,\n      \"Paraview\": true\n    },\n    \"Type\": \"Eigenmode\",\n    \"Verbose\": 2\n  },\n  \"Solver\": {\n    \"Device\": \"CPU\",\n    \"Eigenmode\": {\n      \"N\": 4,\n      \"Save\": 4,\n      \"Target\": 2.7,\n      \"Tol\": 1e-09\n    },\n    \"Linear\": {\n      \"MaxIts\": 1000,\n      \"Tol\": 1e-09,\n      \"Type\": \"Default\"\n    },\n    \"Order\": 1\n  }\n}\n", "truncated": false}, "base_mesh/palace.stdout.txt": {"size_bytes": 12384, "tail": ",      +2.612545e-10\n Wrote mode 4 to disk (Paraview)\n Wrote mode 4 to disk (grid function)\n\nCumulative timing statistics:\n\nElapsed Time Report (s)           Min.        Max.        Avg.\n==============================================================\nInitialization                   0.569       2.868       1.719\n  Mesh Preprocessing             1.526       3.827       2.676\nOperator Construction            9.466       9.466       9.466\nLinear Solve                     6.886       6.889       6.887\n  Setup                          1.476       1.476       1.476\n  Preconditioner                13.439      13.444      13.441\nEigenvalue Solve                 3.177       3.186       3.181\nDiv.-Free Projection            16.588      16.595      16.591\nEstimation                       0.535       0.535       0.535\n  Construction                   6.971       6.971       6.971\n  Solve                         12.805      12.806      12.805\nPostprocessing                   3.999       4.001       4.000\n  Paraview                      34.364      34.366      34.365\n  Grid function                 16.844      16.844      16.844\nDisk IO                          0.831       0.832       0.832\n--------------------------------------------------------------\nTotal                          131.815     131.815     131.815\n\nPeak Memory                   Per-Node       Total   Total HWM\n==============================================================\nInitialization                    3.9M        3.9M        3.9M\n  Mesh Preprocessing            152.9M      152.9M      156.8M\nOperator Construction           281.9M      281.9M      438.7M\nLinear Solve                      0.0K        0.0K      438.7M\n  Setup                         532.2M      532.2M      970.9M\n  Preconditioner                  2.0G        2.0G        3.0G\nEigenvalue Solve                  7.6M        7.6M        3.0G\nDiv.-Free Projection            180.0M      180.0M        3.2G\nEstimation                      140.2M      140.2M        3.3G\n  Construction                    0.0K        0.0K        3.3G\n  Solve                         141.4M      141.4M        3.4G\nPostprocessing                   92.1M       92.1M        3.5G\n  Paraview                        3.9M        3.9M        3.5G\n  Grid function                 512.0K      512.0K        3.5G\nDisk IO                          67.3M       67.3M        3.6G\n--------------------------------------------------------------\nTotal                             3.6G        3.6G        3.6G\nEstimated peak per-rank memory usage is: Min. 1.8G, Max. 1.8G, Avg. 1.8G, Total 3.7G\nEstimated peak per-node memory usage is: Min. 3.7G, Max. 3.7G, Avg. 3.7G, Total 3.7G\n\nAdaptive mesh refinement (AMR) iteration 1:\n Indicator norm = 5.734e-01, global unknowns = 258137\n Max. iterations = 4, tol. = 1.000e-04\n Marked 20987/206319 elements for refinement (70.00% of the error, \u03b8 = 0.70)\n Conforming mesh refinement added 552822 elements (initial = 206319, final = 759141)\n\nParallel Mesh Stats:\n\n                minimum     average     maximum       total\n vertices         67590       70332       73075      140665\n edges           443632      462168      480704      924336\n faces           740174      771406      802638     1542812\n elements        364131      379570      395010      759141\n neighbors            1           1           1\n\n            minimum     maximum\n h      0.000327183   0.0374924\n kappa      1.06686     19.6122\n\nProceeding with solve/estimate iteration 2...\n\nConfiguring Dirichlet PEC BC at attributes:\n 10-12, 30-31\n\nAssembling system matrices, number of global unknowns:\n H1 (p = 1): 140665, ND (p = 1): 924336, RT (p = 1): 1542812\n Operator assembly level: Partial\n Mesh geometries:\n  Tetrahedron: P = 6, Q = 4 (quadrature order = 2)\n\nConfiguring ARPACK eigenvalue solver:\n Scaling \u03b3 = 3.842e+05, \u03b4 = 1.901e-05\n Configuring divergence-free projection\n Using random starting vector\n Shift-and-invert \u03c3 = 2.700e+00 GHz (2.936e-01)\n\nAssembling multigrid hierarchy:\n Level 0 (p = 1): 924336 unknowns\n Level 0 (auxiliary) (p = 1): 140665 unknowns\n\n", "truncated": true}, "base_mesh/palace.stderr.txt": {"size_bytes": 0, "tail": "", "truncated": false}, "base_mesh/resource_summary.json": {"unavailable": "FileNotFoundError"}, "base_mesh/resource_samples.json": {"unavailable": "FileNotFoundError"}}, "cgroup_path": "/system.slice/hosted-compute-agent.service", "cgroup_memory": {"memory.current": {"size_bytes": 0, "tail": "11818180608\n", "truncated": false}, "memory.peak": {"size_bytes": 0, "tail": "12145221632\n", "truncated": false}, "memory.max": {"size_bytes": 0, "tail": "max\n", "truncated": false}, "memory.events": {"size_bytes": 0, "tail": "low 0\nhigh 0\nmax 0\noom 0\noom_kill 0\noom_group_kill 0\n", "truncated": false}}, "process_columns": "pid ppid rss_KiB vsz_KiB cpu_percent command_name", "largest_processes": [" 680588  680539 2296088 2606952 99.9 palace-x86_64.b", " 680591  680539 2088908 2419420 99.9 palace-x86_64.b", " 680278  680275 166148 1295316 3.8 textlayout", "   2297    2277 157756 274501996 0.4 Runner.Worker", "   2105    2102 145988 1431640 0.2 provjobd1430605", "   2277    2089 120548 274411092 0.0 Runner.Listener", "   1387       1 74276 2045424 0.0 dockerd", "   1009       1 51552 295288  0.0 php-fpm8.3", " 680275  680273 48940 216752  0.0 uv", "   1083       1 44808 1960792 0.0 containerd", "    218       1 43716 305388  0.0 multipathd", "   1390    1044 38008 454664  0.0 python3"]}
palace	UNKNOWN STEP	2026-10-05T11:45:35.5665940Z {"schema": "textlayout.palace-ci-observation.v1", "timestamp": "2026-10-05T11:45:35.542615+00:00", "scope": "host/process diagnostics; not numerical validation", "meminfo": {"size_bytes": 1615, "head": "MemTotal:       16373452 kB\nMemFree:         1532464 kB\nMemAvailable:    3379076 kB\nBuffers:          239576 kB\nCached:          1634100 kB\nSwapCached:           24 kB\nActive:         12997928 kB\nInactive:         959304 kB\nActive(anon):   12054988 kB\nInactive(anon):   108184 kB\nActive(file):     942940 kB\nInactive(file):   851120 kB\nUnevictable:       46780 kB\nMlocked:           43708 kB\nSwapTotal:       3145724 kB\nSwapFree:        3145700 kB\nZswap:                 0 kB\nZswapped:              0 kB\nDirty:               156 kB\nWriteback:             0 kB\nAnonPages:      12126464 kB\nMapped:           458204 kB\nShmem:             70864 kB\nKReclaimable:     398504 kB\nSlab:             514264 kB\nSReclaimable:     398504 kB\nSUnreclaim:       115760 kB\nKernelStack:        4268 kB\nPageTables:        31616 kB\nSecPageTables:         0 kB\nNFS_Unstable:          0 kB\nBounce:                0 kB\nWritebackTmp:          0 kB\nCommitLimit:    11332448 kB\nCommitted_AS:   15064684 kB\nVmallocTotal:   34359738367 kB\nVmallocUsed:       39648 kB\nVmallocChunk:          0 kB\nPercpu:             2400 kB\nHardwareCorrupted:     0 kB\nAnonHugePages:   5335040 kB\nShmemHugePages:        0 kB\nShmemPmdMapped:        0 kB\nFileHugePages:      4096 kB\nFilePmdMapped:         0 kB\nCmaTotal:              0 kB\nCmaFree:               0 kB\nUnaccepted:            0 kB\nBalloon:               0 kB\nHugePages_Total:       0\nHugePages_Free:        0\nHugePages_Rsvd:        0\nHugePages_Surp:        0\nHugepagesize:       2048 kB\nHugetlb:               0 kB\nDirectMap4k:      109696 kB\nDirectMap2M:     4079616 kB\nDirectMap1G:    14680064 kB\n", "truncated": false, "read_mode": "bounded_prefix"}, "files": {"toolchain.json": {"size_bytes": 3922, "tail": "{\n  \"capability\": {\n    \"available\": true,\n    \"container_digest\": null,\n    \"container_engine\": null,\n    \"container_image\": null,\n    \"executable\": \"/home/runner/.cache/textlayout-palace/spack-opt/linux-x86_64_v3/palace-0.17.0-737ugntl33fa5wjglayhp7ojkezkti5s/bin/palace\",\n    \"executable_sha256\": \"ad43ec030f51435f32150a5c72cb324ca03083d2ffc2f91405bbf41c6bc2240f\",\n    \"execution_kind\": \"executable\",\n    \"identified\": true,\n    \"mpi_launcher\": \"/usr/bin/mpirun\",\n    \"status\": \"AVAILABLE\",\n    \"unavailable_reason\": null,\n    \"version\": \"0.17.0\"\n  },\n  \"generated_at\": \"2026-10-05T11:41:06+00:00\",\n  \"git_commit\": \"7b435483afaa5a8cdbfec25c9f6de030605eff13\",\n  \"gmsh\": {\n    \"available\": true,\n    \"expected_version\": \"4.15.2\",\n    \"module\": \"/home/runner/work/Text-to-Layout/Text-to-Layout/.venv/lib/python3.12/site-packages/gmsh.py\",\n    \"module_sha256\": \"f4b0935cebde899750293d87a643090e5ea33c9b18d249267f507db68a0e01c3\",\n    \"version\": \"4.15.2\"\n  },\n  \"install_record\": {\n    \"build_stage\": \"/home/runner/.cache/textlayout-palace/build-stage\",\n    \"compiler_and_mpi_tail\": [\n      \"[+] /home/runner/.cache/textlayout-palace/spack-opt/linux-x86_64_v3/palace-0.17.0-737ugntl33fa5wjglayhp7ojkezkti5s\",\n      \"==> Installing palace-0.17.0-737ugntl33fa5wjglayhp7ojkezkti5s [63/63]\",\n      \"==> Updating view at /home/runner/.cache/textlayout-palace/environment/.spack-env/view\",\n      \"gcc (Ubuntu 13.3.0-6ubuntu2~24.04.1) 13.3.0\",\n      \"g++ (Ubuntu 13.3.0-6ubuntu2~24.04.1) 13.3.0\",\n      \"GNU Fortran (Ubuntu 13.3.0-6ubuntu2~24.04.1) 13.3.0\",\n      \"mpirun (Open MPI) 4.1.6\",\n      \"\"\n    ],\n    \"compiler_versions\": {\n      \"gcc\": \"gcc (Ubuntu 13.3.0-6ubuntu2~24.04.1) 13.3.0\",\n      \"gfortran\": \"GNU Fortran (Ubuntu 13.3.0-6ubuntu2~24.04.1) 13.3.0\",\n      \"gxx\": \"g++ (Ubuntu 13.3.0-6ubuntu2~24.04.1) 13.3.0\"\n    },\n    \"git_commit\": \"7b435483afaa5a8cdbfec25c9f6de030605eff13\",\n    \"gmsh\": {\n      \"available\": true,\n      \"expected_version\": \"4.15.2\",\n      \"module\": \"/home/runner/work/Text-to-Layout/Text-to-Layout/.venv/lib/python3.12/site-packages/gmsh.py\",\n      \"module_sha256\": \"f4b0935cebde899750293d87a643090e5ea33c9b18d249267f507db68a0e01c3\",\n      \"version\": \"4.15.2\"\n    },\n    \"gmsh_version\": \"4.15.2\",\n    \"install_tree\": \"/home/runner/.cache/textlayout-palace/spack-opt\",\n    \"installed_at\": \"2026-10-05T11:40:47.866958+00:00\",\n    \"mpi_version\": \"mpirun (Open MPI) 4.1.6\",\n    \"native_root\": \"/home/runner/.cache/textlayout-palace\",\n    \"palace_commit\": \"12d8069afb5aa9e169a17e303d735e120968e9f2\",\n    \"palace_executable\": \"/home/runner/.cache/textlayout-palace/spack-opt/linux-x86_64_v3/palace-0.17.0-737ugntl33fa5wjglayhp7ojkezkti5s/bin/palace\",\n    \"palace_executable_sha256\": \"ad43ec030f51435f32150a5c72cb324ca03083d2ffc2f91405bbf41c6bc2240f\",\n    \"palace_version\": \"0.17.0\",\n    \"requested_version\": \"0.17.0\",\n    \"reused\": false,\n    \"schema\": \"textlayout.palace-install.v1\",\n    \"source_archive\": {\n      \"available\": true,\n      \"path\": \"/home/runner/work/Text-to-Layout/Text-to-Layout/.tools/external/sources/palace-12d8069afb5aa9e169a17e303d735e120968e9f2.tar.gz\",\n      \"sha256\": \"169f7fe210ea6e771a29bfe0803dd84a774b25b00d2aa3a1f33b9d97a510ff9d\",\n      \"size_bytes\": 47331791\n    },\n    \"source_archive_path\": \"/home/runner/work/Text-to-Layout/Text-to-Layout/.tools/external/sources/palace-12d8069afb5aa9e169a17e303d735e120968e9f2.tar.gz\",\n    \"source_archive_sha256\": \"169f7fe210ea6e771a29bfe0803dd84a774b25b00d2aa3a1f33b9d97a510ff9d\",\n    \"spack_commit\": \"0c2be44e4ece21eb091ad5de4c97716b7c6d4c87\",\n    \"spack_environment\": \"external_tools/palace/spack.yaml\",\n    \"spack_packages_commit\": \"a2928a3376d286ddbf07da62847d5ba5b0fa3c67\",\n    \"spack_runtime_cache\": \"/home/runner/.cache/textlayout-palace\",\n    \"spack_version\": \"1.1.0\",\n    \"status\": \"INSTALLED\",\n    \"strategy\": \"pinned_spack_wsl\"\n  },\n  \"required_palace_version\": \"0.17.0\",\n  \"schema\": \"textlayout.palace-toolchain.v1\"\n}\n", "truncated": false}, "resource_decision.json": {"size_bytes": 288, "tail": "{\n  \"accepted_processes\": 2,\n  \"available_mb\": 14815,\n  \"memory_tier\": \"unknown\",\n  \"preflight_peak_mb\": null,\n  \"rationale\": \"no peak-memory estimate available; honouring the requested count\",\n  \"requested_processes\": 2,\n  \"timestamp\": \"2026-10-05T11:41:06+00:00\",\n  \"total_mb\": 15989\n}\n", "truncated": false}, "run_manifest.json": {"unavailable": "FileNotFoundError"}, "base_mesh/mesh_metrics.json": {"size_bytes": 403, "tail": "{\n  \"element_count\": 206137,\n  \"extents\": {\n    \"lateral_margin_um\": 100.0,\n    \"lid_height_um\": 450.0,\n    \"substrate_thickness_um\": 300.0,\n    \"vacuum_height_um\": 300.0\n  },\n  \"mean_quality\": 0.7263143756565194,\n  \"mesh_scale\": 4.0,\n  \"mesh_sha256\": \"d2c7eee442ccec0b5acf7a37a98b61dd305b53bafb68f0d43dab3ba0dc2b069e\",\n  \"minimum_quality\": 0.15838171066132758,\n  \"runtime_seconds\": 7.345174475000022\n}\n", "truncated": false}, "base_mesh/palace_amr.json": {"size_bytes": 2038, "tail": "{\n  \"Boundaries\": {\n    \"PEC\": {\n      \"Attributes\": [\n        10,\n        11,\n        12,\n        30,\n        31\n      ]\n    }\n  },\n  \"Domains\": {\n    \"Materials\": [\n      {\n        \"Attributes\": [\n          1\n        ],\n        \"LossTan\": 1e-06,\n        \"Permeability\": 1.0,\n        \"Permittivity\": 11.45\n      },\n      {\n        \"Attributes\": [\n          2\n        ],\n        \"LossTan\": 1e-06,\n        \"Permeability\": 1.0,\n        \"Permittivity\": 11.45\n      },\n      {\n        \"Attributes\": [\n          3\n        ],\n        \"Permeability\": 1.0,\n        \"Permittivity\": 1.0\n      },\n      {\n        \"Attributes\": [\n          4\n        ],\n        \"Permeability\": 1.0,\n        \"Permittivity\": 1.0\n      },\n      {\n        \"Attributes\": [\n          5\n        ],\n        \"Permeability\": 1.0,\n        \"Permittivity\": 1.0\n      }\n    ],\n    \"Postprocessing\": {\n      \"Energy\": [\n        {\n          \"Attributes\": [\n            1\n          ],\n          \"Index\": 1\n        },\n        {\n          \"Attributes\": [\n            2\n          ],\n          \"Index\": 2\n        },\n        {\n          \"Attributes\": [\n            3\n          ],\n          \"Index\": 3\n        },\n        {\n          \"Attributes\": [\n            4\n          ],\n          \"Index\": 4\n        },\n        {\n          \"Attributes\": [\n            5\n          ],\n          \"Index\": 5\n        }\n      ]\n    }\n  },\n  \"Model\": {\n    \"L0\": 1e-06,\n    \"Mesh\": \"quarter_wave_base.msh\",\n    \"Refinement\": {\n      \"MaxIts\": 4,\n      \"Nonconformal\": false,\n      \"SaveAdaptIterations\": true,\n      \"SaveAdaptMesh\": true,\n      \"Tol\": 0.0001,\n      \"UpdateFraction\": 0.7\n    }\n  },\n  \"Problem\": {\n    \"Output\": \"postpro\",\n    \"OutputFormats\": {\n      \"GridFunction\": true,\n      \"Paraview\": true\n    },\n    \"Type\": \"Eigenmode\",\n    \"Verbose\": 2\n  },\n  \"Solver\": {\n    \"Device\": \"CPU\",\n    \"Eigenmode\": {\n      \"N\": 4,\n      \"Save\": 4,\n      \"Target\": 2.7,\n      \"Tol\": 1e-09\n    },\n    \"Linear\": {\n      \"MaxIts\": 1000,\n      \"Tol\": 1e-09,\n      \"Type\": \"Default\"\n    },\n    \"Order\": 1\n  }\n}\n", "truncated": false}, "base_mesh/palace.stdout.txt": {"size_bytes": 12418, "tail": " to disk (Paraview)\n Wrote mode 4 to disk (grid function)\n\nCumulative timing statistics:\n\nElapsed Time Report (s)           Min.        Max.        Avg.\n==============================================================\nInitialization                   0.569       2.868       1.719\n  Mesh Preprocessing             1.526       3.827       2.676\nOperator Construction            9.466       9.466       9.466\nLinear Solve                     6.886       6.889       6.887\n  Setup                          1.476       1.476       1.476\n  Preconditioner                13.439      13.444      13.441\nEigenvalue Solve                 3.177       3.186       3.181\nDiv.-Free Projection            16.588      16.595      16.591\nEstimation                       0.535       0.535       0.535\n  Construction                   6.971       6.971       6.971\n  Solve                         12.805      12.806      12.805\nPostprocessing                   3.999       4.001       4.000\n  Paraview                      34.364      34.366      34.365\n  Grid function                 16.844      16.844      16.844\nDisk IO                          0.831       0.832       0.832\n--------------------------------------------------------------\nTotal                          131.815     131.815     131.815\n\nPeak Memory                   Per-Node       Total   Total HWM\n==============================================================\nInitialization                    3.9M        3.9M        3.9M\n  Mesh Preprocessing            152.9M      152.9M      156.8M\nOperator Construction           281.9M      281.9M      438.7M\nLinear Solve                      0.0K        0.0K      438.7M\n  Setup                         532.2M      532.2M      970.9M\n  Preconditioner                  2.0G        2.0G        3.0G\nEigenvalue Solve                  7.6M        7.6M        3.0G\nDiv.-Free Projection            180.0M      180.0M        3.2G\nEstimation                      140.2M      140.2M        3.3G\n  Construction                    0.0K        0.0K        3.3G\n  Solve                         141.4M      141.4M        3.4G\nPostprocessing                   92.1M       92.1M        3.5G\n  Paraview                        3.9M        3.9M        3.5G\n  Grid function                 512.0K      512.0K        3.5G\nDisk IO                          67.3M       67.3M        3.6G\n--------------------------------------------------------------\nTotal                             3.6G        3.6G        3.6G\nEstimated peak per-rank memory usage is: Min. 1.8G, Max. 1.8G, Avg. 1.8G, Total 3.7G\nEstimated peak per-node memory usage is: Min. 3.7G, Max. 3.7G, Avg. 3.7G, Total 3.7G\n\nAdaptive mesh refinement (AMR) iteration 1:\n Indicator norm = 5.734e-01, global unknowns = 258137\n Max. iterations = 4, tol. = 1.000e-04\n Marked 20987/206319 elements for refinement (70.00% of the error, \u03b8 = 0.70)\n Conforming mesh refinement added 552822 elements (initial = 206319, final = 759141)\n\nParallel Mesh Stats:\n\n                minimum     average     maximum       total\n vertices         67590       70332       73075      140665\n edges           443632      462168      480704      924336\n faces           740174      771406      802638     1542812\n elements        364131      379570      395010      759141\n neighbors            1           1           1\n\n            minimum     maximum\n h      0.000327183   0.0374924\n kappa      1.06686     19.6122\n\nProceeding with solve/estimate iteration 2...\n\nConfiguring Dirichlet PEC BC at attributes:\n 10-12, 30-31\n\nAssembling system matrices, number of global unknowns:\n H1 (p = 1): 140665, ND (p = 1): 924336, RT (p = 1): 1542812\n Operator assembly level: Partial\n Mesh geometries:\n  Tetrahedron: P = 6, Q = 4 (quadrature order = 2)\n\nConfiguring ARPACK eigenvalue solver:\n Scaling \u03b3 = 3.842e+05, \u03b4 = 1.901e-05\n Configuring divergence-free projection\n Using random starting vector\n Shift-and-invert \u03c3 = 2.700e+00 GHz (2.936e-01)\n\nAssembling multigrid hierarchy:\n Level 0 (p = 1): 924336 unknowns\n Level 0 (auxiliary) (p = 1): 140665 unknowns\n\n   Residual norms for GMRES solve\n", "truncated": true}, "base_mesh/palace.stderr.txt": {"size_bytes": 0, "tail": "", "truncated": false}, "base_mesh/resource_summary.json": {"unavailable": "FileNotFoundError"}, "base_mesh/resource_samples.json": {"unavailable": "FileNotFoundError"}}, "cgroup_path": "/system.slice/hosted-compute-agent.service", "cgroup_memory": {"memory.current": {"size_bytes": 0, "tail": "14111432704\n", "truncated": false}, "memory.peak": {"size_bytes": 0, "tail": "15669010432\n", "truncated": false}, "memory.max": {"size_bytes": 0, "tail": "max\n", "truncated": false}, "memory.events": {"size_bytes": 0, "tail": "low 0\nhigh 0\nmax 0\noom 0\noom_kill 0\noom_group_kill 0\n", "truncated": false}}, "process_columns": "pid ppid rss_KiB vsz_KiB cpu_percent command_name", "largest_processes": [" 680588  680539 6005876 6398112 99.9 palace-x86_64.b", " 680591  680539 5755980 6179560 99.9 palace-x86_64.b", " 680278  680275 165204 1295316 3.4 textlayout", "   2105    2102 159236 1431640 0.2 provjobd1430605", "   2297    2277 128064 274501996 0.4 Runner.Worker", "   2277    2089 97024 274411092 0.0 Runner.Listener", "   1387       1 73256 2045424 0.0 dockerd", "   1009       1 51472 295288  0.0 php-fpm8.3", " 680275  680273 48940 216752  0.0 uv", "   1083       1 44728 1960792 0.0 containerd", "    218       1 43716 305388  0.0 multipathd", "   1390    1044 37992 454664  0.0 python3"]}
palace	UNKNOWN STEP	2026-10-05T11:46:05.5811996Z {"schema": "textlayout.palace-ci-observation.v1", "timestamp": "2026-10-05T11:46:05.558559+00:00", "scope": "host/process diagnostics; not numerical validation", "meminfo": {"size_bytes": 1615, "head": "MemTotal:       16373452 kB\nMemFree:         1559980 kB\nMemAvailable:    3409372 kB\nBuffers:          239592 kB\nCached:          1636864 kB\nSwapCached:           24 kB\nActive:         13062860 kB\nInactive:         959396 kB\nActive(anon):   12117232 kB\nInactive(anon):   108184 kB\nActive(file):     945628 kB\nInactive(file):   851212 kB\nUnevictable:       46780 kB\nMlocked:           43708 kB\nSwapTotal:       3145724 kB\nSwapFree:        3145700 kB\nZswap:                 0 kB\nZswapped:              0 kB\nDirty:                12 kB\nWriteback:             0 kB\nAnonPages:      12188632 kB\nMapped:           460076 kB\nShmem:             70864 kB\nKReclaimable:     398504 kB\nSlab:             514320 kB\nSReclaimable:     398504 kB\nSUnreclaim:       115816 kB\nKernelStack:        4252 kB\nPageTables:        31660 kB\nSecPageTables:         0 kB\nNFS_Unstable:          0 kB\nBounce:                0 kB\nWritebackTmp:          0 kB\nCommitLimit:    11332448 kB\nCommitted_AS:   15064684 kB\nVmallocTotal:   34359738367 kB\nVmallocUsed:       39632 kB\nVmallocChunk:          0 kB\nPercpu:             2400 kB\nHardwareCorrupted:     0 kB\nAnonHugePages:   5390336 kB\nShmemHugePages:        0 kB\nShmemPmdMapped:        0 kB\nFileHugePages:      4096 kB\nFilePmdMapped:         0 kB\nCmaTotal:              0 kB\nCmaFree:               0 kB\nUnaccepted:            0 kB\nBalloon:               0 kB\nHugePages_Total:       0\nHugePages_Free:        0\nHugePages_Rsvd:        0\nHugePages_Surp:        0\nHugepagesize:       2048 kB\nHugetlb:               0 kB\nDirectMap4k:      109696 kB\nDirectMap2M:     4079616 kB\nDirectMap1G:    14680064 kB\n", "truncated": false, "read_mode": "bounded_prefix"}, "files": {"toolchain.json": {"size_bytes": 3922, "tail": "{\n  \"capability\": {\n    \"available\": true,\n    \"container_digest\": null,\n    \"container_engine\": null,\n    \"container_image\": null,\n    \"executable\": \"/home/runner/.cache/textlayout-palace/spack-opt/linux-x86_64_v3/palace-0.17.0-737ugntl33fa5wjglayhp7ojkezkti5s/bin/palace\",\n    \"executable_sha256\": \"ad43ec030f51435f32150a5c72cb324ca03083d2ffc2f91405bbf41c6bc2240f\",\n    \"execution_kind\": \"executable\",\n    \"identified\": true,\n    \"mpi_launcher\": \"/usr/bin/mpirun\",\n    \"status\": \"AVAILABLE\",\n    \"unavailable_reason\": null,\n    \"version\": \"0.17.0\"\n  },\n  \"generated_at\": \"2026-10-05T11:41:06+00:00\",\n  \"git_commit\": \"7b435483afaa5a8cdbfec25c9f6de030605eff13\",\n  \"gmsh\": {\n    \"available\": true,\n    \"expected_version\": \"4.15.2\",\n    \"module\": \"/home/runner/work/Text-to-Layout/Text-to-Layout/.venv/lib/python3.12/site-packages/gmsh.py\",\n    \"module_sha256\": \"f4b0935cebde899750293d87a643090e5ea33c9b18d249267f507db68a0e01c3\",\n    \"version\": \"4.15.2\"\n  },\n  \"install_record\": {\n    \"build_stage\": \"/home/runner/.cache/textlayout-palace/build-stage\",\n    \"compiler_and_mpi_tail\": [\n      \"[+] /home/runner/.cache/textlayout-palace/spack-opt/linux-x86_64_v3/palace-0.17.0-737ugntl33fa5wjglayhp7ojkezkti5s\",\n      \"==> Installing palace-0.17.0-737ugntl33fa5wjglayhp7ojkezkti5s [63/63]\",\n      \"==> Updating view at /home/runner/.cache/textlayout-palace/environment/.spack-env/view\",\n      \"gcc (Ubuntu 13.3.0-6ubuntu2~24.04.1) 13.3.0\",\n      \"g++ (Ubuntu 13.3.0-6ubuntu2~24.04.1) 13.3.0\",\n      \"GNU Fortran (Ubuntu 13.3.0-6ubuntu2~24.04.1) 13.3.0\",\n      \"mpirun (Open MPI) 4.1.6\",\n      \"\"\n    ],\n    \"compiler_versions\": {\n      \"gcc\": \"gcc (Ubuntu 13.3.0-6ubuntu2~24.04.1) 13.3.0\",\n      \"gfortran\": \"GNU Fortran (Ubuntu 13.3.0-6ubuntu2~24.04.1) 13.3.0\",\n      \"gxx\": \"g++ (Ubuntu 13.3.0-6ubuntu2~24.04.1) 13.3.0\"\n    },\n    \"git_commit\": \"7b435483afaa5a8cdbfec25c9f6de030605eff13\",\n    \"gmsh\": {\n      \"available\": true,\n      \"expected_version\": \"4.15.2\",\n      \"module\": \"/home/runner/work/Text-to-Layout/Text-to-Layout/.venv/lib/python3.12/site-packages/gmsh.py\",\n      \"module_sha256\": \"f4b0935cebde899750293d87a643090e5ea33c9b18d249267f507db68a0e01c3\",\n      \"version\": \"4.15.2\"\n    },\n    \"gmsh_version\": \"4.15.2\",\n    \"install_tree\": \"/home/runner/.cache/textlayout-palace/spack-opt\",\n    \"installed_at\": \"2026-10-05T11:40:47.866958+00:00\",\n    \"mpi_version\": \"mpirun (Open MPI) 4.1.6\",\n    \"native_root\": \"/home/runner/.cache/textlayout-palace\",\n    \"palace_commit\": \"12d8069afb5aa9e169a17e303d735e120968e9f2\",\n    \"palace_executable\": \"/home/runner/.cache/textlayout-palace/spack-opt/linux-x86_64_v3/palace-0.17.0-737ugntl33fa5wjglayhp7ojkezkti5s/bin/palace\",\n    \"palace_executable_sha256\": \"ad43ec030f51435f32150a5c72cb324ca03083d2ffc2f91405bbf41c6bc2240f\",\n    \"palace_version\": \"0.17.0\",\n    \"requested_version\": \"0.17.0\",\n    \"reused\": false,\n    \"schema\": \"textlayout.palace-install.v1\",\n    \"source_archive\": {\n      \"available\": true,\n      \"path\": \"/home/runner/work/Text-to-Layout/Text-to-Layout/.tools/external/sources/palace-12d8069afb5aa9e169a17e303d735e120968e9f2.tar.gz\",\n      \"sha256\": \"169f7fe210ea6e771a29bfe0803dd84a774b25b00d2aa3a1f33b9d97a510ff9d\",\n      \"size_bytes\": 47331791\n    },\n    \"source_archive_path\": \"/home/runner/work/Text-to-Layout/Text-to-Layout/.tools/external/sources/palace-12d8069afb5aa9e169a17e303d735e120968e9f2.tar.gz\",\n    \"source_archive_sha256\": \"169f7fe210ea6e771a29bfe0803dd84a774b25b00d2aa3a1f33b9d97a510ff9d\",\n    \"spack_commit\": \"0c2be44e4ece21eb091ad5de4c97716b7c6d4c87\",\n    \"spack_environment\": \"external_tools/palace/spack.yaml\",\n    \"spack_packages_commit\": \"a2928a3376d286ddbf07da62847d5ba5b0fa3c67\",\n    \"spack_runtime_cache\": \"/home/runner/.cache/textlayout-palace\",\n    \"spack_version\": \"1.1.0\",\n    \"status\": \"INSTALLED\",\n    \"strategy\": \"pinned_spack_wsl\"\n  },\n  \"required_palace_version\": \"0.17.0\",\n  \"schema\": \"textlayout.palace-toolchain.v1\"\n}\n", "truncated": false}, "resource_decision.json": {"size_bytes": 288, "tail": "{\n  \"accepted_processes\": 2,\n  \"available_mb\": 14815,\n  \"memory_tier\": \"unknown\",\n  \"preflight_peak_mb\": null,\n  \"rationale\": \"no peak-memory estimate available; honouring the requested count\",\n  \"requested_processes\": 2,\n  \"timestamp\": \"2026-10-05T11:41:06+00:00\",\n  \"total_mb\": 15989\n}\n", "truncated": false}, "run_manifest.json": {"unavailable": "FileNotFoundError"}, "base_mesh/mesh_metrics.json": {"size_bytes": 403, "tail": "{\n  \"element_count\": 206137,\n  \"extents\": {\n    \"lateral_margin_um\": 100.0,\n    \"lid_height_um\": 450.0,\n    \"substrate_thickness_um\": 300.0,\n    \"vacuum_height_um\": 300.0\n  },\n  \"mean_quality\": 0.7263143756565194,\n  \"mesh_scale\": 4.0,\n  \"mesh_sha256\": \"d2c7eee442ccec0b5acf7a37a98b61dd305b53bafb68f0d43dab3ba0dc2b069e\",\n  \"minimum_quality\": 0.15838171066132758,\n  \"runtime_seconds\": 7.345174475000022\n}\n", "truncated": false}, "base_mesh/palace_amr.json": {"size_bytes": 2038, "tail": "{\n  \"Boundaries\": {\n    \"PEC\": {\n      \"Attributes\": [\n        10,\n        11,\n        12,\n        30,\n        31\n      ]\n    }\n  },\n  \"Domains\": {\n    \"Materials\": [\n      {\n        \"Attributes\": [\n          1\n        ],\n        \"LossTan\": 1e-06,\n        \"Permeability\": 1.0,\n        \"Permittivity\": 11.45\n      },\n      {\n        \"Attributes\": [\n          2\n        ],\n        \"LossTan\": 1e-06,\n        \"Permeability\": 1.0,\n        \"Permittivity\": 11.45\n      },\n      {\n        \"Attributes\": [\n          3\n        ],\n        \"Permeability\": 1.0,\n        \"Permittivity\": 1.0\n      },\n      {\n        \"Attributes\": [\n          4\n        ],\n        \"Permeability\": 1.0,\n        \"Permittivity\": 1.0\n      },\n      {\n        \"Attributes\": [\n          5\n        ],\n        \"Permeability\": 1.0,\n        \"Permittivity\": 1.0\n      }\n    ],\n    \"Postprocessing\": {\n      \"Energy\": [\n        {\n          \"Attributes\": [\n            1\n          ],\n          \"Index\": 1\n        },\n        {\n          \"Attributes\": [\n            2\n          ],\n          \"Index\": 2\n        },\n        {\n          \"Attributes\": [\n            3\n          ],\n          \"Index\": 3\n        },\n        {\n          \"Attributes\": [\n            4\n          ],\n          \"Index\": 4\n        },\n        {\n          \"Attributes\": [\n            5\n          ],\n          \"Index\": 5\n        }\n      ]\n    }\n  },\n  \"Model\": {\n    \"L0\": 1e-06,\n    \"Mesh\": \"quarter_wave_base.msh\",\n    \"Refinement\": {\n      \"MaxIts\": 4,\n      \"Nonconformal\": false,\n      \"SaveAdaptIterations\": true,\n      \"SaveAdaptMesh\": true,\n      \"Tol\": 0.0001,\n      \"UpdateFraction\": 0.7\n    }\n  },\n  \"Problem\": {\n    \"Output\": \"postpro\",\n    \"OutputFormats\": {\n      \"GridFunction\": true,\n      \"Paraview\": true\n    },\n    \"Type\": \"Eigenmode\",\n    \"Verbose\": 2\n  },\n  \"Solver\": {\n    \"Device\": \"CPU\",\n    \"Eigenmode\": {\n      \"N\": 4,\n      \"Save\": 4,\n      \"Target\": 2.7,\n      \"Tol\": 1e-09\n    },\n    \"Linear\": {\n      \"MaxIts\": 1000,\n      \"Tol\": 1e-09,\n      \"Type\": \"Default\"\n    },\n    \"Order\": 1\n  }\n}\n", "truncated": false}, "base_mesh/palace.stdout.txt": {"size_bytes": 13554, "tail": "       0.832       0.832\n--------------------------------------------------------------\nTotal                          131.815     131.815     131.815\n\nPeak Memory                   Per-Node       Total   Total HWM\n==============================================================\nInitialization                    3.9M        3.9M        3.9M\n  Mesh Preprocessing            152.9M      152.9M      156.8M\nOperator Construction           281.9M      281.9M      438.7M\nLinear Solve                      0.0K        0.0K      438.7M\n  Setup                         532.2M      532.2M      970.9M\n  Preconditioner                  2.0G        2.0G        3.0G\nEigenvalue Solve                  7.6M        7.6M        3.0G\nDiv.-Free Projection            180.0M      180.0M        3.2G\nEstimation                      140.2M      140.2M        3.3G\n  Construction                    0.0K        0.0K        3.3G\n  Solve                         141.4M      141.4M        3.4G\nPostprocessing                   92.1M       92.1M        3.5G\n  Paraview                        3.9M        3.9M        3.5G\n  Grid function                 512.0K      512.0K        3.5G\nDisk IO                          67.3M       67.3M        3.6G\n--------------------------------------------------------------\nTotal                             3.6G        3.6G        3.6G\nEstimated peak per-rank memory usage is: Min. 1.8G, Max. 1.8G, Avg. 1.8G, Total 3.7G\nEstimated peak per-node memory usage is: Min. 3.7G, Max. 3.7G, Avg. 3.7G, Total 3.7G\n\nAdaptive mesh refinement (AMR) iteration 1:\n Indicator norm = 5.734e-01, global unknowns = 258137\n Max. iterations = 4, tol. = 1.000e-04\n Marked 20987/206319 elements for refinement (70.00% of the error, \u03b8 = 0.70)\n Conforming mesh refinement added 552822 elements (initial = 206319, final = 759141)\n\nParallel Mesh Stats:\n\n                minimum     average     maximum       total\n vertices         67590       70332       73075      140665\n edges           443632      462168      480704      924336\n faces           740174      771406      802638     1542812\n elements        364131      379570      395010      759141\n neighbors            1           1           1\n\n            minimum     maximum\n h      0.000327183   0.0374924\n kappa      1.06686     19.6122\n\nProceeding with solve/estimate iteration 2...\n\nConfiguring Dirichlet PEC BC at attributes:\n 10-12, 30-31\n\nAssembling system matrices, number of global unknowns:\n H1 (p = 1): 140665, ND (p = 1): 924336, RT (p = 1): 1542812\n Operator assembly level: Partial\n Mesh geometries:\n  Tetrahedron: P = 6, Q = 4 (quadrature order = 2)\n\nConfiguring ARPACK eigenvalue solver:\n Scaling \u03b3 = 3.842e+05, \u03b4 = 1.901e-05\n Configuring divergence-free projection\n Using random starting vector\n Shift-and-invert \u03c3 = 2.700e+00 GHz (2.936e-01)\n\nAssembling multigrid hierarchy:\n Level 0 (p = 1): 924336 unknowns\n Level 0 (auxiliary) (p = 1): 140665 unknowns\n\n   Residual norms for GMRES solve\n   0 (restart 0) KSP residual norm 3.502794e-02\n   1 (restart 0) KSP residual norm 8.632795e-10\n   2 (restart 0) KSP residual norm 4.604290e-16\nGMRES solver converged in 2 iterations (avg. reduction factor: 1.146e-07)\n   Residual norms for GMRES solve\n   0 (restart 0) KSP residual norm 3.493080e+00\n   1 (restart 0) KSP residual norm 5.434289e-08\n   2 (restart 0) KSP residual norm 6.426568e-14\nGMRES solver converged in 2 iterations (avg. reduction factor: 1.356e-07)\n   Residual norms for GMRES solve\n   0 (restart 0) KSP residual norm 1.345317e+00\n   1 (restart 0) KSP residual norm 1.062759e-07\n   2 (restart 0) KSP residual norm 1.970294e-14\nGMRES solver converged in 2 iterations (avg. reduction factor: 1.210e-07)\n   Residual norms for GMRES solve\n   0 (restart 0) KSP residual norm 2.524294e+00\n   1 (restart 0) KSP residual norm 1.834509e-07\n   2 (restart 0) KSP residual norm 4.411194e-14\nGMRES solver converged in 2 iterations (avg. reduction factor: 1.322e-07)\n\n _naup2: **** Start of major iteration number ****\n -------------------------------------------------\n    1 -    1:       1\n  \n   Residual norms for GMRES solve\n", "truncated": true}, "base_mesh/palace.stderr.txt": {"size_bytes": 0, "tail": "", "truncated": false}, "base_mesh/resource_summary.json": {"unavailable": "FileNotFoundError"}, "base_mesh/resource_samples.json": {"unavailable": "FileNotFoundError"}}, "cgroup_path": "/system.slice/hosted-compute-agent.service", "cgroup_memory": {"memory.current": {"size_bytes": 0, "tail": "14178430976\n", "truncated": false}, "memory.peak": {"size_bytes": 0, "tail": "15669010432\n", "truncated": false}, "memory.max": {"size_bytes": 0, "tail": "max\n", "truncated": false}, "memory.events": {"size_bytes": 0, "tail": "low 0\nhigh 0\nmax 0\noom 0\noom_kill 0\noom_group_kill 0\n", "truncated": false}}, "process_columns": "pid ppid rss_KiB vsz_KiB cpu_percent command_name", "largest_processes": [" 680588  680539 6027700 6398112 99.9 palace-x86_64.b", " 680591  680539 5787036 6179560 99.9 palace-x86_64.b", "   2105    2102 168660 1431640 0.2 provjobd1430605", " 680278  680275 165204 1295316 3.1 textlayout", "   2297    2277 129744 274501996 0.4 Runner.Worker", "   2277    2089 97288 274411092 0.0 Runner.Listener", "   1387       1 73256 2045424 0.0 dockerd", "   1009       1 51472 295288  0.0 php-fpm8.3", " 680275  680273 48940 216752  0.0 uv", "   1083       1 44728 1960792 0.0 containerd", "    218       1 43716 305388  0.0 multipathd", "   1390    1044 37992 454664  0.0 python3"]}
palace	UNKNOWN STEP	2026-10-05T11:46:35.5963170Z {"schema": "textlayout.palace-ci-observation.v1", "timestamp": "2026-10-05T11:46:35.574050+00:00", "scope": "host/process diagnostics; not numerical validation", "meminfo": {"size_bytes": 1615, "head": "MemTotal:       16373452 kB\nMemFree:         1576572 kB\nMemAvailable:    3426100 kB\nBuffers:          239604 kB\nCached:          1636988 kB\nSwapCached:           24 kB\nActive:         13043564 kB\nInactive:         959532 kB\nActive(anon):   12097936 kB\nInactive(anon):   108184 kB\nActive(file):     945628 kB\nInactive(file):   851348 kB\nUnevictable:       46780 kB\nMlocked:           43708 kB\nSwapTotal:       3145724 kB\nSwapFree:        3145700 kB\nZswap:                 0 kB\nZswapped:              0 kB\nDirty:                84 kB\nWriteback:             4 kB\nAnonPages:      12167580 kB\nMapped:           459968 kB\nShmem:             70864 kB\nKReclaimable:     398504 kB\nSlab:             514340 kB\nSReclaimable:     398504 kB\nSUnreclaim:       115836 kB\nKernelStack:        4300 kB\nPageTables:        31720 kB\nSecPageTables:         0 kB\nNFS_Unstable:          0 kB\nBounce:                0 kB\nWritebackTmp:          0 kB\nCommitLimit:    11332448 kB\nCommitted_AS:   15064748 kB\nVmallocTotal:   34359738367 kB\nVmallocUsed:       39648 kB\nVmallocChunk:          0 kB\nPercpu:             2400 kB\nHardwareCorrupted:     0 kB\nAnonHugePages:   5396480 kB\nShmemHugePages:        0 kB\nShmemPmdMapped:        0 kB\nFileHugePages:      4096 kB\nFilePmdMapped:         0 kB\nCmaTotal:              0 kB\nCmaFree:               0 kB\nUnaccepted:            0 kB\nBalloon:               0 kB\nHugePages_Total:       0\nHugePages_Free:        0\nHugePages_Rsvd:        0\nHugePages_Surp:        0\nHugepagesize:       2048 kB\nHugetlb:               0 kB\nDirectMap4k:      109696 kB\nDirectMap2M:     4079616 kB\nDirectMap1G:    14680064 kB\n", "truncated": false, "read_mode": "bounded_prefix"}, "files": {"toolchain.json": {"size_bytes": 3922, "tail": "{\n  \"capability\": {\n    \"available\": true,\n    \"container_digest\": null,\n    \"container_engine\": null,\n    \"container_image\": null,\n    \"executable\": \"/home/runner/.cache/textlayout-palace/spack-opt/linux-x86_64_v3/palace-0.17.0-737ugntl33fa5wjglayhp7ojkezkti5s/bin/palace\",\n    \"executable_sha256\": \"ad43ec030f51435f32150a5c72cb324ca03083d2ffc2f91405bbf41c6bc2240f\",\n    \"execution_kind\": \"executable\",\n    \"identified\": true,\n    \"mpi_launcher\": \"/usr/bin/mpirun\",\n    \"status\": \"AVAILABLE\",\n    \"unavailable_reason\": null,\n    \"version\": \"0.17.0\"\n  },\n  \"generated_at\": \"2026-10-05T11:41:06+00:00\",\n  \"git_commit\": \"7b435483afaa5a8cdbfec25c9f6de030605eff13\",\n  \"gmsh\": {\n    \"available\": true,\n    \"expected_version\": \"4.15.2\",\n    \"module\": \"/home/runner/work/Text-to-Layout/Text-to-Layout/.venv/lib/python3.12/site-packages/gmsh.py\",\n    \"module_sha256\": \"f4b0935cebde899750293d87a643090e5ea33c9b18d249267f507db68a0e01c3\",\n    \"version\": \"4.15.2\"\n  },\n  \"install_record\": {\n    \"build_stage\": \"/home/runner/.cache/textlayout-palace/build-stage\",\n    \"compiler_and_mpi_tail\": [\n      \"[+] /home/runner/.cache/textlayout-palace/spack-opt/linux-x86_64_v3/palace-0.17.0-737ugntl33fa5wjglayhp7ojkezkti5s\",\n      \"==> Installing palace-0.17.0-737ugntl33fa5wjglayhp7ojkezkti5s [63/63]\",\n      \"==> Updating view at /home/runner/.cache/textlayout-palace/environment/.spack-env/view\",\n      \"gcc (Ubuntu 13.3.0-6ubuntu2~24.04.1) 13.3.0\",\n      \"g++ (Ubuntu 13.3.0-6ubuntu2~24.04.1) 13.3.0\",\n      \"GNU Fortran (Ubuntu 13.3.0-6ubuntu2~24.04.1) 13.3.0\",\n      \"mpirun (Open MPI) 4.1.6\",\n      \"\"\n    ],\n    \"compiler_versions\": {\n      \"gcc\": \"gcc (Ubuntu 13.3.0-6ubuntu2~24.04.1) 13.3.0\",\n      \"gfortran\": \"GNU Fortran (Ubuntu 13.3.0-6ubuntu2~24.04.1) 13.3.0\",\n      \"gxx\": \"g++ (Ubuntu 13.3.0-6ubuntu2~24.04.1) 13.3.0\"\n    },\n    \"git_commit\": \"7b435483afaa5a8cdbfec25c9f6de030605eff13\",\n    \"gmsh\": {\n      \"available\": true,\n      \"expected_version\": \"4.15.2\",\n      \"module\": \"/home/runner/work/Text-to-Layout/Text-to-Layout/.venv/lib/python3.12/site-packages/gmsh.py\",\n      \"module_sha256\": \"f4b0935cebde899750293d87a643090e5ea33c9b18d249267f507db68a0e01c3\",\n      \"version\": \"4.15.2\"\n    },\n    \"gmsh_version\": \"4.15.2\",\n    \"install_tree\": \"/home/runner/.cache/textlayout-palace/spack-opt\",\n    \"installed_at\": \"2026-10-05T11:40:47.866958+00:00\",\n    \"mpi_version\": \"mpirun (Open MPI) 4.1.6\",\n    \"native_root\": \"/home/runner/.cache/textlayout-palace\",\n    \"palace_commit\": \"12d8069afb5aa9e169a17e303d735e120968e9f2\",\n    \"palace_executable\": \"/home/runner/.cache/textlayout-palace/spack-opt/linux-x86_64_v3/palace-0.17.0-737ugntl33fa5wjglayhp7ojkezkti5s/bin/palace\",\n    \"palace_executable_sha256\": \"ad43ec030f51435f32150a5c72cb324ca03083d2ffc2f91405bbf41c6bc2240f\",\n    \"palace_version\": \"0.17.0\",\n    \"requested_version\": \"0.17.0\",\n    \"reused\": false,\n    \"schema\": \"textlayout.palace-install.v1\",\n    \"source_archive\": {\n      \"available\": true,\n      \"path\": \"/home/runner/work/Text-to-Layout/Text-to-Layout/.tools/external/sources/palace-12d8069afb5aa9e169a17e303d735e120968e9f2.tar.gz\",\n      \"sha256\": \"169f7fe210ea6e771a29bfe0803dd84a774b25b00d2aa3a1f33b9d97a510ff9d\",\n      \"size_bytes\": 47331791\n    },\n    \"source_archive_path\": \"/home/runner/work/Text-to-Layout/Text-to-Layout/.tools/external/sources/palace-12d8069afb5aa9e169a17e303d735e120968e9f2.tar.gz\",\n    \"source_archive_sha256\": \"169f7fe210ea6e771a29bfe0803dd84a774b25b00d2aa3a1f33b9d97a510ff9d\",\n    \"spack_commit\": \"0c2be44e4ece21eb091ad5de4c97716b7c6d4c87\",\n    \"spack_environment\": \"external_tools/palace/spack.yaml\",\n    \"spack_packages_commit\": \"a2928a3376d286ddbf07da62847d5ba5b0fa3c67\",\n    \"spack_runtime_cache\": \"/home/runner/.cache/textlayout-palace\",\n    \"spack_version\": \"1.1.0\",\n    \"status\": \"INSTALLED\",\n    \"strategy\": \"pinned_spack_wsl\"\n  },\n  \"required_palace_version\": \"0.17.0\",\n  \"schema\": \"textlayout.palace-toolchain.v1\"\n}\n", "truncated": false}, "resource_decision.json": {"size_bytes": 288, "tail": "{\n  \"accepted_processes\": 2,\n  \"available_mb\": 14815,\n  \"memory_tier\": \"unknown\",\n  \"preflight_peak_mb\": null,\n  \"rationale\": \"no peak-memory estimate available; honouring the requested count\",\n  \"requested_processes\": 2,\n  \"timestamp\": \"2026-10-05T11:41:06+00:00\",\n  \"total_mb\": 15989\n}\n", "truncated": false}, "run_manifest.json": {"unavailable": "FileNotFoundError"}, "base_mesh/mesh_metrics.json": {"size_bytes": 403, "tail": "{\n  \"element_count\": 206137,\n  \"extents\": {\n    \"lateral_margin_um\": 100.0,\n    \"lid_height_um\": 450.0,\n    \"substrate_thickness_um\": 300.0,\n    \"vacuum_height_um\": 300.0\n  },\n  \"mean_quality\": 0.7263143756565194,\n  \"mesh_scale\": 4.0,\n  \"mesh_sha256\": \"d2c7eee442ccec0b5acf7a37a98b61dd305b53bafb68f0d43dab3ba0dc2b069e\",\n  \"minimum_quality\": 0.15838171066132758,\n  \"runtime_seconds\": 7.345174475000022\n}\n", "truncated": false}, "base_mesh/palace_amr.json": {"size_bytes": 2038, "tail": "{\n  \"Boundaries\": {\n    \"PEC\": {\n      \"Attributes\": [\n        10,\n        11,\n        12,\n        30,\n        31\n      ]\n    }\n  },\n  \"Domains\": {\n    \"Materials\": [\n      {\n        \"Attributes\": [\n          1\n        ],\n        \"LossTan\": 1e-06,\n        \"Permeability\": 1.0,\n        \"Permittivity\": 11.45\n      },\n      {\n        \"Attributes\": [\n          2\n        ],\n        \"LossTan\": 1e-06,\n        \"Permeability\": 1.0,\n        \"Permittivity\": 11.45\n      },\n      {\n        \"Attributes\": [\n          3\n        ],\n        \"Permeability\": 1.0,\n        \"Permittivity\": 1.0\n      },\n      {\n        \"Attributes\": [\n          4\n        ],\n        \"Permeability\": 1.0,\n        \"Permittivity\": 1.0\n      },\n      {\n        \"Attributes\": [\n          5\n        ],\n        \"Permeability\": 1.0,\n        \"Permittivity\": 1.0\n      }\n    ],\n    \"Postprocessing\": {\n      \"Energy\": [\n        {\n          \"Attributes\": [\n            1\n          ],\n          \"Index\": 1\n        },\n        {\n          \"Attributes\": [\n            2\n          ],\n          \"Index\": 2\n        },\n        {\n          \"Attributes\": [\n            3\n          ],\n          \"Index\": 3\n        },\n        {\n          \"Attributes\": [\n            4\n          ],\n          \"Index\": 4\n        },\n        {\n          \"Attributes\": [\n            5\n          ],\n          \"Index\": 5\n        }\n      ]\n    }\n  },\n  \"Model\": {\n    \"L0\": 1e-06,\n    \"Mesh\": \"quarter_wave_base.msh\",\n    \"Refinement\": {\n      \"MaxIts\": 4,\n      \"Nonconformal\": false,\n      \"SaveAdaptIterations\": true,\n      \"SaveAdaptMesh\": true,\n      \"Tol\": 0.0001,\n      \"UpdateFraction\": 0.7\n    }\n  },\n  \"Problem\": {\n    \"Output\": \"postpro\",\n    \"OutputFormats\": {\n      \"GridFunction\": true,\n      \"Paraview\": true\n    },\n    \"Type\": \"Eigenmode\",\n    \"Verbose\": 2\n  },\n  \"Solver\": {\n    \"Device\": \"CPU\",\n    \"Eigenmode\": {\n      \"N\": 4,\n      \"Save\": 4,\n      \"Target\": 2.7,\n      \"Tol\": 1e-09\n    },\n    \"Linear\": {\n      \"MaxIts\": 1000,\n      \"Tol\": 1e-09,\n      \"Type\": \"Default\"\n    },\n    \"Order\": 1\n  }\n}\n", "truncated": false}, "base_mesh/palace.stdout.txt": {"size_bytes": 14610, "tail": "            3.9M        3.9M        3.5G\n  Grid function                 512.0K      512.0K        3.5G\nDisk IO                          67.3M       67.3M        3.6G\n--------------------------------------------------------------\nTotal                             3.6G        3.6G        3.6G\nEstimated peak per-rank memory usage is: Min. 1.8G, Max. 1.8G, Avg. 1.8G, Total 3.7G\nEstimated peak per-node memory usage is: Min. 3.7G, Max. 3.7G, Avg. 3.7G, Total 3.7G\n\nAdaptive mesh refinement (AMR) iteration 1:\n Indicator norm = 5.734e-01, global unknowns = 258137\n Max. iterations = 4, tol. = 1.000e-04\n Marked 20987/206319 elements for refinement (70.00% of the error, \u03b8 = 0.70)\n Conforming mesh refinement added 552822 elements (initial = 206319, final = 759141)\n\nParallel Mesh Stats:\n\n                minimum     average     maximum       total\n vertices         67590       70332       73075      140665\n edges           443632      462168      480704      924336\n faces           740174      771406      802638     1542812\n elements        364131      379570      395010      759141\n neighbors            1           1           1\n\n            minimum     maximum\n h      0.000327183   0.0374924\n kappa      1.06686     19.6122\n\nProceeding with solve/estimate iteration 2...\n\nConfiguring Dirichlet PEC BC at attributes:\n 10-12, 30-31\n\nAssembling system matrices, number of global unknowns:\n H1 (p = 1): 140665, ND (p = 1): 924336, RT (p = 1): 1542812\n Operator assembly level: Partial\n Mesh geometries:\n  Tetrahedron: P = 6, Q = 4 (quadrature order = 2)\n\nConfiguring ARPACK eigenvalue solver:\n Scaling \u03b3 = 3.842e+05, \u03b4 = 1.901e-05\n Configuring divergence-free projection\n Using random starting vector\n Shift-and-invert \u03c3 = 2.700e+00 GHz (2.936e-01)\n\nAssembling multigrid hierarchy:\n Level 0 (p = 1): 924336 unknowns\n Level 0 (auxiliary) (p = 1): 140665 unknowns\n\n   Residual norms for GMRES solve\n   0 (restart 0) KSP residual norm 3.502794e-02\n   1 (restart 0) KSP residual norm 8.632795e-10\n   2 (restart 0) KSP residual norm 4.604290e-16\nGMRES solver converged in 2 iterations (avg. reduction factor: 1.146e-07)\n   Residual norms for GMRES solve\n   0 (restart 0) KSP residual norm 3.493080e+00\n   1 (restart 0) KSP residual norm 5.434289e-08\n   2 (restart 0) KSP residual norm 6.426568e-14\nGMRES solver converged in 2 iterations (avg. reduction factor: 1.356e-07)\n   Residual norms for GMRES solve\n   0 (restart 0) KSP residual norm 1.345317e+00\n   1 (restart 0) KSP residual norm 1.062759e-07\n   2 (restart 0) KSP residual norm 1.970294e-14\nGMRES solver converged in 2 iterations (avg. reduction factor: 1.210e-07)\n   Residual norms for GMRES solve\n   0 (restart 0) KSP residual norm 2.524294e+00\n   1 (restart 0) KSP residual norm 1.834509e-07\n   2 (restart 0) KSP residual norm 4.411194e-14\nGMRES solver converged in 2 iterations (avg. reduction factor: 1.322e-07)\n\n _naup2: **** Start of major iteration number ****\n -------------------------------------------------\n    1 -    1:       1\n  \n   Residual norms for GMRES solve\n   0 (restart 0) KSP residual norm 5.373389e-01\n   1 (restart 0) KSP residual norm 6.439234e-08\n   2 (restart 0) KSP residual norm 1.144931e-14\nGMRES solver converged in 2 iterations (avg. reduction factor: 1.460e-07)\n   Residual norms for GMRES solve\n   0 (restart 0) KSP residual norm 5.211959e-01\n   1 (restart 0) KSP residual norm 2.889664e-08\n   2 (restart 0) KSP residual norm 8.156825e-15\nGMRES solver converged in 2 iterations (avg. reduction factor: 1.251e-07)\n   Residual norms for GMRES solve\n   0 (restart 0) KSP residual norm 2.534717e-01\n   1 (restart 0) KSP residual norm 3.825368e-08\n   2 (restart 0) KSP residual norm 5.962386e-15\nGMRES solver converged in 2 iterations (avg. reduction factor: 1.534e-07)\n   Residual norms for GMRES solve\n   0 (restart 0) KSP residual norm 1.564640e-01\n   1 (restart 0) KSP residual norm 2.762412e-08\n   2 (restart 0) KSP residual norm 2.384405e-15\nGMRES solver converged in 2 iterations (avg. reduction factor: 1.234e-07)\n   Residual norms for GMRES solve\n   0 (restart 0) KSP residual norm 2.928574e-01\n", "truncated": true}, "base_mesh/palace.stderr.txt": {"size_bytes": 0, "tail": "", "truncated": false}, "base_mesh/resource_summary.json": {"unavailable": "FileNotFoundError"}, "base_mesh/resource_samples.json": {"unavailable": "FileNotFoundError"}}, "cgroup_path": "/system.slice/hosted-compute-agent.service", "cgroup_memory": {"memory.current": {"size_bytes": 0, "tail": "14158245888\n", "truncated": false}, "memory.peak": {"size_bytes": 0, "tail": "15669010432\n", "truncated": false}, "memory.max": {"size_bytes": 0, "tail": "max\n", "truncated": false}, "memory.events": {"size_bytes": 0, "tail": "low 0\nhigh 0\nmax 0\noom 0\noom_kill 0\noom_group_kill 0\n", "truncated": false}}, "process_columns": "pid ppid rss_KiB vsz_KiB cpu_percent command_name", "largest_processes": [" 680588  680539 6027700 6398112 99.9 palace-x86_64.b", " 680591  680539 5787036 6179560 99.9 palace-x86_64.b", " 680278  680275 165204 1295316 2.8 textlayout", "   2105    2102 147460 1431704 0.2 provjobd1430605", "   2297    2277 129744 274501996 0.4 Runner.Worker", "   2277    2089 97288 274411092 0.0 Runner.Listener", "   1387       1 73268 2045424 0.0 dockerd", "   1009       1 51472 295288  0.0 php-fpm8.3", " 680275  680273 48940 216752  0.0 uv", "   1083       1 44728 1960792 0.0 containerd", "    218       1 43716 305388  0.0 multipathd", "   1390    1044 37992 454664  0.0 python3"]}
palace	UNKNOWN STEP	2026-10-05T11:47:05.6124002Z {"schema": "textlayout.palace-ci-observation.v1", "timestamp": "2026-10-05T11:47:05.589151+00:00", "scope": "host/process diagnostics; not numerical validation", "meminfo": {"size_bytes": 1615, "head": "MemTotal:       16373452 kB\nMemFree:         1579280 kB\nMemAvailable:    3429044 kB\nBuffers:          239616 kB\nCached:          1637212 kB\nSwapCached:           24 kB\nActive:         13035780 kB\nInactive:         959616 kB\nActive(anon):   12090000 kB\nInactive(anon):   108184 kB\nActive(file):     945780 kB\nInactive(file):   851432 kB\nUnevictable:       46780 kB\nMlocked:           43708 kB\nSwapTotal:       3145724 kB\nSwapFree:        3145700 kB\nZswap:                 0 kB\nZswapped:              0 kB\nDirty:               108 kB\nWriteback:             0 kB\nAnonPages:      12157548 kB\nMapped:           460368 kB\nShmem:             70864 kB\nKReclaimable:     398504 kB\nSlab:             514396 kB\nSReclaimable:     398504 kB\nSUnreclaim:       115892 kB\nKernelStack:        4312 kB\nPageTables:        31992 kB\nSecPageTables:         0 kB\nNFS_Unstable:          0 kB\nBounce:                0 kB\nWritebackTmp:          0 kB\nCommitLimit:    11332448 kB\nCommitted_AS:   15064812 kB\nVmallocTotal:   34359738367 kB\nVmallocUsed:       39664 kB\nVmallocChunk:          0 kB\nPercpu:             2400 kB\nHardwareCorrupted:     0 kB\nAnonHugePages:   5406720 kB\nShmemHugePages:        0 kB\nShmemPmdMapped:        0 kB\nFileHugePages:      4096 kB\nFilePmdMapped:         0 kB\nCmaTotal:              0 kB\nCmaFree:               0 kB\nUnaccepted:            0 kB\nBalloon:               0 kB\nHugePages_Total:       0\nHugePages_Free:        0\nHugePages_Rsvd:        0\nHugePages_Surp:        0\nHugepagesize:       2048 kB\nHugetlb:               0 kB\nDirectMap4k:      109696 kB\nDirectMap2M:     4079616 kB\nDirectMap1G:    14680064 kB\n", "truncated": false, "read_mode": "bounded_prefix"}, "files": {"toolchain.json": {"size_bytes": 3922, "tail": "{\n  \"capability\": {\n    \"available\": true,\n    \"container_digest\": null,\n    \"container_engine\": null,\n    \"container_image\": null,\n    \"executable\": \"/home/runner/.cache/textlayout-palace/spack-opt/linux-x86_64_v3/palace-0.17.0-737ugntl33fa5wjglayhp7ojkezkti5s/bin/palace\",\n    \"executable_sha256\": \"ad43ec030f51435f32150a5c72cb324ca03083d2ffc2f91405bbf41c6bc2240f\",\n    \"execution_kind\": \"executable\",\n    \"identified\": true,\n    \"mpi_launcher\": \"/usr/bin/mpirun\",\n    \"status\": \"AVAILABLE\",\n    \"unavailable_reason\": null,\n    \"version\": \"0.17.0\"\n  },\n  \"generated_at\": \"2026-10-05T11:41:06+00:00\",\n  \"git_commit\": \"7b435483afaa5a8cdbfec25c9f6de030605eff13\",\n  \"gmsh\": {\n    \"available\": true,\n    \"expected_version\": \"4.15.2\",\n    \"module\": \"/home/runner/work/Text-to-Layout/Text-to-Layout/.venv/lib/python3.12/site-packages/gmsh.py\",\n    \"module_sha256\": \"f4b0935cebde899750293d87a643090e5ea33c9b18d249267f507db68a0e01c3\",\n    \"version\": \"4.15.2\"\n  },\n  \"install_record\": {\n    \"build_stage\": \"/home/runner/.cache/textlayout-palace/build-stage\",\n    \"compiler_and_mpi_tail\": [\n      \"[+] /home/runner/.cache/textlayout-palace/spack-opt/linux-x86_64_v3/palace-0.17.0-737ugntl33fa5wjglayhp7ojkezkti5s\",\n      \"==> Installing palace-0.17.0-737ugntl33fa5wjglayhp7ojkezkti5s [63/63]\",\n      \"==> Updating view at /home/runner/.cache/textlayout-palace/environment/.spack-env/view\",\n      \"gcc (Ubuntu 13.3.0-6ubuntu2~24.04.1) 13.3.0\",\n      \"g++ (Ubuntu 13.3.0-6ubuntu2~24.04.1) 13.3.0\",\n      \"GNU Fortran (Ubuntu 13.3.0-6ubuntu2~24.04.1) 13.3.0\",\n      \"mpirun (Open MPI) 4.1.6\",\n      \"\"\n    ],\n    \"compiler_versions\": {\n      \"gcc\": \"gcc (Ubuntu 13.3.0-6ubuntu2~24.04.1) 13.3.0\",\n      \"gfortran\": \"GNU Fortran (Ubuntu 13.3.0-6ubuntu2~24.04.1) 13.3.0\",\n      \"gxx\": \"g++ (Ubuntu 13.3.0-6ubuntu2~24.04.1) 13.3.0\"\n    },\n    \"git_commit\": \"7b435483afaa5a8cdbfec25c9f6de030605eff13\",\n    \"gmsh\": {\n      \"available\": true,\n      \"expected_version\": \"4.15.2\",\n      \"module\": \"/home/runner/work/Text-to-Layout/Text-to-Layout/.venv/lib/python3.12/site-packages/gmsh.py\",\n      \"module_sha256\": \"f4b0935cebde899750293d87a643090e5ea33c9b18d249267f507db68a0e01c3\",\n      \"version\": \"4.15.2\"\n    },\n    \"gmsh_version\": \"4.15.2\",\n    \"install_tree\": \"/home/runner/.cache/textlayout-palace/spack-opt\",\n    \"installed_at\": \"2026-10-05T11:40:47.866958+00:00\",\n    \"mpi_version\": \"mpirun (Open MPI) 4.1.6\",\n    \"native_root\": \"/home/runner/.cache/textlayout-palace\",\n    \"palace_commit\": \"12d8069afb5aa9e169a17e303d735e120968e9f2\",\n    \"palace_executable\": \"/home/runner/.cache/textlayout-palace/spack-opt/linux-x86_64_v3/palace-0.17.0-737ugntl33fa5wjglayhp7ojkezkti5s/bin/palace\",\n    \"palace_executable_sha256\": \"ad43ec030f51435f32150a5c72cb324ca03083d2ffc2f91405bbf41c6bc2240f\",\n    \"palace_version\": \"0.17.0\",\n    \"requested_version\": \"0.17.0\",\n    \"reused\": false,\n    \"schema\": \"textlayout.palace-install.v1\",\n    \"source_archive\": {\n      \"available\": true,\n      \"path\": \"/home/runner/work/Text-to-Layout/Text-to-Layout/.tools/external/sources/palace-12d8069afb5aa9e169a17e303d735e120968e9f2.tar.gz\",\n      \"sha256\": \"169f7fe210ea6e771a29bfe0803dd84a774b25b00d2aa3a1f33b9d97a510ff9d\",\n      \"size_bytes\": 47331791\n    },\n    \"source_archive_path\": \"/home/runner/work/Text-to-Layout/Text-to-Layout/.tools/external/sources/palace-12d8069afb5aa9e169a17e303d735e120968e9f2.tar.gz\",\n    \"source_archive_sha256\": \"169f7fe210ea6e771a29bfe0803dd84a774b25b00d2aa3a1f33b9d97a510ff9d\",\n    \"spack_commit\": \"0c2be44e4ece21eb091ad5de4c97716b7c6d4c87\",\n    \"spack_environment\": \"external_tools/palace/spack.yaml\",\n    \"spack_packages_commit\": \"a2928a3376d286ddbf07da62847d5ba5b0fa3c67\",\n    \"spack_runtime_cache\": \"/home/runner/.cache/textlayout-palace\",\n    \"spack_version\": \"1.1.0\",\n    \"status\": \"INSTALLED\",\n    \"strategy\": \"pinned_spack_wsl\"\n  },\n  \"required_palace_version\": \"0.17.0\",\n  \"schema\": \"textlayout.palace-toolchain.v1\"\n}\n", "truncated": false}, "resource_decision.json": {"size_bytes": 288, "tail": "{\n  \"accepted_processes\": 2,\n  \"available_mb\": 14815,\n  \"memory_tier\": \"unknown\",\n  \"preflight_peak_mb\": null,\n  \"rationale\": \"no peak-memory estimate available; honouring the requested count\",\n  \"requested_processes\": 2,\n  \"timestamp\": \"2026-10-05T11:41:06+00:00\",\n  \"total_mb\": 15989\n}\n", "truncated": false}, "run_manifest.json": {"unavailable": "FileNotFoundError"}, "base_mesh/mesh_metrics.json": {"size_bytes": 403, "tail": "{\n  \"element_count\": 206137,\n  \"extents\": {\n    \"lateral_margin_um\": 100.0,\n    \"lid_height_um\": 450.0,\n    \"substrate_thickness_um\": 300.0,\n    \"vacuum_height_um\": 300.0\n  },\n  \"mean_quality\": 0.7263143756565194,\n  \"mesh_scale\": 4.0,\n  \"mesh_sha256\": \"d2c7eee442ccec0b5acf7a37a98b61dd305b53bafb68f0d43dab3ba0dc2b069e\",\n  \"minimum_quality\": 0.15838171066132758,\n  \"runtime_seconds\": 7.345174475000022\n}\n", "truncated": false}, "base_mesh/palace_amr.json": {"size_bytes": 2038, "tail": "{\n  \"Boundaries\": {\n    \"PEC\": {\n      \"Attributes\": [\n        10,\n        11,\n        12,\n        30,\n        31\n      ]\n    }\n  },\n  \"Domains\": {\n    \"Materials\": [\n      {\n        \"Attributes\": [\n          1\n        ],\n        \"LossTan\": 1e-06,\n        \"Permeability\": 1.0,\n        \"Permittivity\": 11.45\n      },\n      {\n        \"Attributes\": [\n          2\n        ],\n        \"LossTan\": 1e-06,\n        \"Permeability\": 1.0,\n        \"Permittivity\": 11.45\n      },\n      {\n        \"Attributes\": [\n          3\n        ],\n        \"Permeability\": 1.0,\n        \"Permittivity\": 1.0\n      },\n      {\n        \"Attributes\": [\n          4\n        ],\n        \"Permeability\": 1.0,\n        \"Permittivity\": 1.0\n      },\n      {\n        \"Attributes\": [\n          5\n        ],\n        \"Permeability\": 1.0,\n        \"Permittivity\": 1.0\n      }\n    ],\n    \"Postprocessing\": {\n      \"Energy\": [\n        {\n          \"Attributes\": [\n            1\n          ],\n          \"Index\": 1\n        },\n        {\n          \"Attributes\": [\n            2\n          ],\n          \"Index\": 2\n        },\n        {\n          \"Attributes\": [\n            3\n          ],\n          \"Index\": 3\n        },\n        {\n          \"Attributes\": [\n            4\n          ],\n          \"Index\": 4\n        },\n        {\n          \"Attributes\": [\n            5\n          ],\n          \"Index\": 5\n        }\n      ]\n    }\n  },\n  \"Model\": {\n    \"L0\": 1e-06,\n    \"Mesh\": \"quarter_wave_base.msh\",\n    \"Refinement\": {\n      \"MaxIts\": 4,\n      \"Nonconformal\": false,\n      \"SaveAdaptIterations\": true,\n      \"SaveAdaptMesh\": true,\n      \"Tol\": 0.0001,\n      \"UpdateFraction\": 0.7\n    }\n  },\n  \"Problem\": {\n    \"Output\": \"postpro\",\n    \"OutputFormats\": {\n      \"GridFunction\": true,\n      \"Paraview\": true\n    },\n    \"Type\": \"Eigenmode\",\n    \"Verbose\": 2\n  },\n  \"Solver\": {\n    \"Device\": \"CPU\",\n    \"Eigenmode\": {\n      \"N\": 4,\n      \"Save\": 4,\n      \"Target\": 2.7,\n      \"Tol\": 1e-09\n    },\n    \"Linear\": {\n      \"MaxIts\": 1000,\n      \"Tol\": 1e-09,\n      \"Type\": \"Default\"\n    },\n    \"Order\": 1\n  }\n}\n", "truncated": false}, "base_mesh/palace.stdout.txt": {"size_bytes": 15666, "tail": "379570      395010      759141\n neighbors            1           1           1\n\n            minimum     maximum\n h      0.000327183   0.0374924\n kappa      1.06686     19.6122\n\nProceeding with solve/estimate iteration 2...\n\nConfiguring Dirichlet PEC BC at attributes:\n 10-12, 30-31\n\nAssembling system matrices, number of global unknowns:\n H1 (p = 1): 140665, ND (p = 1): 924336, RT (p = 1): 1542812\n Operator assembly level: Partial\n Mesh geometries:\n  Tetrahedron: P = 6, Q = 4 (quadrature order = 2)\n\nConfiguring ARPACK eigenvalue solver:\n Scaling \u03b3 = 3.842e+05, \u03b4 = 1.901e-05\n Configuring divergence-free projection\n Using random starting vector\n Shift-and-invert \u03c3 = 2.700e+00 GHz (2.936e-01)\n\nAssembling multigrid hierarchy:\n Level 0 (p = 1): 924336 unknowns\n Level 0 (auxiliary) (p = 1): 140665 unknowns\n\n   Residual norms for GMRES solve\n   0 (restart 0) KSP residual norm 3.502794e-02\n   1 (restart 0) KSP residual norm 8.632795e-10\n   2 (restart 0) KSP residual norm 4.604290e-16\nGMRES solver converged in 2 iterations (avg. reduction factor: 1.146e-07)\n   Residual norms for GMRES solve\n   0 (restart 0) KSP residual norm 3.493080e+00\n   1 (restart 0) KSP residual norm 5.434289e-08\n   2 (restart 0) KSP residual norm 6.426568e-14\nGMRES solver converged in 2 iterations (avg. reduction factor: 1.356e-07)\n   Residual norms for GMRES solve\n   0 (restart 0) KSP residual norm 1.345317e+00\n   1 (restart 0) KSP residual norm 1.062759e-07\n   2 (restart 0) KSP residual norm 1.970294e-14\nGMRES solver converged in 2 iterations (avg. reduction factor: 1.210e-07)\n   Residual norms for GMRES solve\n   0 (restart 0) KSP residual norm 2.524294e+00\n   1 (restart 0) KSP residual norm 1.834509e-07\n   2 (restart 0) KSP residual norm 4.411194e-14\nGMRES solver converged in 2 iterations (avg. reduction factor: 1.322e-07)\n\n _naup2: **** Start of major iteration number ****\n -------------------------------------------------\n    1 -    1:       1\n  \n   Residual norms for GMRES solve\n   0 (restart 0) KSP residual norm 5.373389e-01\n   1 (restart 0) KSP residual norm 6.439234e-08\n   2 (restart 0) KSP residual norm 1.144931e-14\nGMRES solver converged in 2 iterations (avg. reduction factor: 1.460e-07)\n   Residual norms for GMRES solve\n   0 (restart 0) KSP residual norm 5.211959e-01\n   1 (restart 0) KSP residual norm 2.889664e-08\n   2 (restart 0) KSP residual norm 8.156825e-15\nGMRES solver converged in 2 iterations (avg. reduction factor: 1.251e-07)\n   Residual norms for GMRES solve\n   0 (restart 0) KSP residual norm 2.534717e-01\n   1 (restart 0) KSP residual norm 3.825368e-08\n   2 (restart 0) KSP residual norm 5.962386e-15\nGMRES solver converged in 2 iterations (avg. reduction factor: 1.534e-07)\n   Residual norms for GMRES solve\n   0 (restart 0) KSP residual norm 1.564640e-01\n   1 (restart 0) KSP residual norm 2.762412e-08\n   2 (restart 0) KSP residual norm 2.384405e-15\nGMRES solver converged in 2 iterations (avg. reduction factor: 1.234e-07)\n   Residual norms for GMRES solve\n   0 (restart 0) KSP residual norm 2.928574e-01\n   1 (restart 0) KSP residual norm 4.974394e-08\n   2 (restart 0) KSP residual norm 5.135107e-15\nGMRES solver converged in 2 iterations (avg. reduction factor: 1.324e-07)\n   Residual norms for GMRES solve\n   0 (restart 0) KSP residual norm 2.969997e-01\n   1 (restart 0) KSP residual norm 5.144795e-08\n   2 (restart 0) KSP residual norm 6.999328e-15\nGMRES solver converged in 2 iterations (avg. reduction factor: 1.535e-07)\n   Residual norms for GMRES solve\n   0 (restart 0) KSP residual norm 3.002090e-01\n   1 (restart 0) KSP residual norm 3.036601e-08\n   2 (restart 0) KSP residual norm 6.804588e-15\nGMRES solver converged in 2 iterations (avg. reduction factor: 1.506e-07)\n   Residual norms for GMRES solve\n   0 (restart 0) KSP residual norm 3.902644e-01\n   1 (restart 0) KSP residual norm 3.887151e-08\n   2 (restart 0) KSP residual norm 6.790453e-15\nGMRES solver converged in 2 iterations (avg. reduction factor: 1.319e-07)\n   Residual norms for GMRES solve\n   0 (restart 0) KSP residual norm 3.406004e-01\n   1 (restart 0) KSP residual norm 3.751601e-08\n", "truncated": true}, "base_mesh/palace.stderr.txt": {"size_bytes": 0, "tail": "", "truncated": false}, "base_mesh/resource_summary.json": {"unavailable": "FileNotFoundError"}, "base_mesh/resource_samples.json": {"unavailable": "FileNotFoundError"}}, "cgroup_path": "/system.slice/hosted-compute-agent.service", "cgroup_memory": {"memory.current": {"size_bytes": 0, "tail": "14149963776\n", "truncated": false}, "memory.peak": {"size_bytes": 0, "tail": "15669010432\n", "truncated": false}, "memory.max": {"size_bytes": 0, "tail": "max\n", "truncated": false}, "memory.events": {"size_bytes": 0, "tail": "low 0\nhigh 0\nmax 0\noom 0\noom_kill 0\noom_group_kill 0\n", "truncated": false}}, "process_columns": "pid ppid rss_KiB vsz_KiB cpu_percent command_name", "largest_processes": [" 680588  680539 6027704 6398112 99.9 palace-x86_64.b", " 680591  680539 5787060 6179560 99.9 palace-x86_64.b", " 680278  680275 165204 1295316 2.6 textlayout", "   2105    2102 137604 1431768 0.2 provjobd1430605", "   2297    2277 129868 274501996 0.4 Runner.Worker", "   2277    2089 97288 274411092 0.0 Runner.Listener", "   1387       1 73268 2045424 0.0 dockerd", "   1009       1 51472 295288  0.0 php-fpm8.3", " 680275  680273 48940 216752  0.0 uv", "   1083       1 44728 1960792 0.0 containerd", "    218       1 43716 305388  0.0 multipathd", "   1390    1044 37992 454664  0.0 python3"]}
palace	UNKNOWN STEP	2026-10-05T11:47:35.6276947Z {"schema": "textlayout.palace-ci-observation.v1", "timestamp": "2026-10-05T11:47:35.604568+00:00", "scope": "host/process diagnostics; not numerical validation", "meminfo": {"size_bytes": 1615, "head": "MemTotal:       16373452 kB\nMemFree:         1591692 kB\nMemAvailable:    3441620 kB\nBuffers:          239624 kB\nCached:          1637368 kB\nSwapCached:           24 kB\nActive:         13035636 kB\nInactive:         959700 kB\nActive(anon):   12089776 kB\nInactive(anon):   108184 kB\nActive(file):     945860 kB\nInactive(file):   851516 kB\nUnevictable:       46780 kB\nMlocked:           43708 kB\nSwapTotal:       3145724 kB\nSwapFree:        3145700 kB\nZswap:                 0 kB\nZswapped:              0 kB\nDirty:                92 kB\nWriteback:             0 kB\nAnonPages:      12157280 kB\nMapped:           460208 kB\nShmem:             70864 kB\nKReclaimable:     398504 kB\nSlab:             514328 kB\nSReclaimable:     398504 kB\nSUnreclaim:       115824 kB\nKernelStack:        4256 kB\nPageTables:        31608 kB\nSecPageTables:         0 kB\nNFS_Unstable:          0 kB\nBounce:                0 kB\nWritebackTmp:          0 kB\nCommitLimit:    11332448 kB\nCommitted_AS:   15064812 kB\nVmallocTotal:   34359738367 kB\nVmallocUsed:       39632 kB\nVmallocChunk:          0 kB\nPercpu:             2400 kB\nHardwareCorrupted:     0 kB\nAnonHugePages:   5414912 kB\nShmemHugePages:        0 kB\nShmemPmdMapped:        0 kB\nFileHugePages:      4096 kB\nFilePmdMapped:         0 kB\nCmaTotal:              0 kB\nCmaFree:               0 kB\nUnaccepted:            0 kB\nBalloon:               0 kB\nHugePages_Total:       0\nHugePages_Free:        0\nHugePages_Rsvd:        0\nHugePages_Surp:        0\nHugepagesize:       2048 kB\nHugetlb:               0 kB\nDirectMap4k:      109696 kB\nDirectMap2M:     4079616 kB\nDirectMap1G:    14680064 kB\n", "truncated": false, "read_mode": "bounded_prefix"}, "files": {"toolchain.json": {"size_bytes": 3922, "tail": "{\n  \"capability\": {\n    \"available\": true,\n    \"container_digest\": null,\n    \"container_engine\": null,\n    \"container_image\": null,\n    \"executable\": \"/home/runner/.cache/textlayout-palace/spack-opt/linux-x86_64_v3/palace-0.17.0-737ugntl33fa5wjglayhp7ojkezkti5s/bin/palace\",\n    \"executable_sha256\": \"ad43ec030f51435f32150a5c72cb324ca03083d2ffc2f91405bbf41c6bc2240f\",\n    \"execution_kind\": \"executable\",\n    \"identified\": true,\n    \"mpi_launcher\": \"/usr/bin/mpirun\",\n    \"status\": \"AVAILABLE\",\n    \"unavailable_reason\": null,\n    \"version\": \"0.17.0\"\n  },\n  \"generated_at\": \"2026-10-05T11:41:06+00:00\",\n  \"git_commit\": \"7b435483afaa5a8cdbfec25c9f6de030605eff13\",\n  \"gmsh\": {\n    \"available\": true,\n    \"expected_version\": \"4.15.2\",\n    \"module\": \"/home/runner/work/Text-to-Layout/Text-to-Layout/.venv/lib/python3.12/site-packages/gmsh.py\",\n    \"module_sha256\": \"f4b0935cebde899750293d87a643090e5ea33c9b18d249267f507db68a0e01c3\",\n    \"version\": \"4.15.2\"\n  },\n  \"install_record\": {\n    \"build_stage\": \"/home/runner/.cache/textlayout-palace/build-stage\",\n    \"compiler_and_mpi_tail\": [\n      \"[+] /home/runner/.cache/textlayout-palace/spack-opt/linux-x86_64_v3/palace-0.17.0-737ugntl33fa5wjglayhp7ojkezkti5s\",\n      \"==> Installing palace-0.17.0-737ugntl33fa5wjglayhp7ojkezkti5s [63/63]\",\n      \"==> Updating view at /home/runner/.cache/textlayout-palace/environment/.spack-env/view\",\n      \"gcc (Ubuntu 13.3.0-6ubuntu2~24.04.1) 13.3.0\",\n      \"g++ (Ubuntu 13.3.0-6ubuntu2~24.04.1) 13.3.0\",\n      \"GNU Fortran (Ubuntu 13.3.0-6ubuntu2~24.04.1) 13.3.0\",\n      \"mpirun (Open MPI) 4.1.6\",\n      \"\"\n    ],\n    \"compiler_versions\": {\n      \"gcc\": \"gcc (Ubuntu 13.3.0-6ubuntu2~24.04.1) 13.3.0\",\n      \"gfortran\": \"GNU Fortran (Ubuntu 13.3.0-6ubuntu2~24.04.1) 13.3.0\",\n      \"gxx\": \"g++ (Ubuntu 13.3.0-6ubuntu2~24.04.1) 13.3.0\"\n    },\n    \"git_commit\": \"7b435483afaa5a8cdbfec25c9f6de030605eff13\",\n    \"gmsh\": {\n      \"available\": true,\n      \"expected_version\": \"4.15.2\",\n      \"module\": \"/home/runner/work/Text-to-Layout/Text-to-Layout/.venv/lib/python3.12/site-packages/gmsh.py\",\n      \"module_sha256\": \"f4b0935cebde899750293d87a643090e5ea33c9b18d249267f507db68a0e01c3\",\n      \"version\": \"4.15.2\"\n    },\n    \"gmsh_version\": \"4.15.2\",\n    \"install_tree\": \"/home/runner/.cache/textlayout-palace/spack-opt\",\n    \"installed_at\": \"2026-10-05T11:40:47.866958+00:00\",\n    \"mpi_version\": \"mpirun (Open MPI) 4.1.6\",\n    \"native_root\": \"/home/runner/.cache/textlayout-palace\",\n    \"palace_commit\": \"12d8069afb5aa9e169a17e303d735e120968e9f2\",\n    \"palace_executable\": \"/home/runner/.cache/textlayout-palace/spack-opt/linux-x86_64_v3/palace-0.17.0-737ugntl33fa5wjglayhp7ojkezkti5s/bin/palace\",\n    \"palace_executable_sha256\": \"ad43ec030f51435f32150a5c72cb324ca03083d2ffc2f91405bbf41c6bc2240f\",\n    \"palace_version\": \"0.17.0\",\n    \"requested_version\": \"0.17.0\",\n    \"reused\": false,\n    \"schema\": \"textlayout.palace-install.v1\",\n    \"source_archive\": {\n      \"available\": true,\n      \"path\": \"/home/runner/work/Text-to-Layout/Text-to-Layout/.tools/external/sources/palace-12d8069afb5aa9e169a17e303d735e120968e9f2.tar.gz\",\n      \"sha256\": \"169f7fe210ea6e771a29bfe0803dd84a774b25b00d2aa3a1f33b9d97a510ff9d\",\n      \"size_bytes\": 47331791\n    },\n    \"source_archive_path\": \"/home/runner/work/Text-to-Layout/Text-to-Layout/.tools/external/sources/palace-12d8069afb5aa9e169a17e303d735e120968e9f2.tar.gz\",\n    \"source_archive_sha256\": \"169f7fe210ea6e771a29bfe0803dd84a774b25b00d2aa3a1f33b9d97a510ff9d\",\n    \"spack_commit\": \"0c2be44e4ece21eb091ad5de4c97716b7c6d4c87\",\n    \"spack_environment\": \"external_tools/palace/spack.yaml\",\n    \"spack_packages_commit\": \"a2928a3376d286ddbf07da62847d5ba5b0fa3c67\",\n    \"spack_runtime_cache\": \"/home/runner/.cache/textlayout-palace\",\n    \"spack_version\": \"1.1.0\",\n    \"status\": \"INSTALLED\",\n    \"strategy\": \"pinned_spack_wsl\"\n  },\n  \"required_palace_version\": \"0.17.0\",\n  \"schema\": \"textlayout.palace-toolchain.v1\"\n}\n", "truncated": false}, "resource_decision.json": {"size_bytes": 288, "tail": "{\n  \"accepted_processes\": 2,\n  \"available_mb\": 14815,\n  \"memory_tier\": \"unknown\",\n  \"preflight_peak_mb\": null,\n  \"rationale\": \"no peak-memory estimate available; honouring the requested count\",\n  \"requested_processes\": 2,\n  \"timestamp\": \"2026-10-05T11:41:06+00:00\",\n  \"total_mb\": 15989\n}\n", "truncated": false}, "run_manifest.json": {"unavailable": "FileNotFoundError"}, "base_mesh/mesh_metrics.json": {"size_bytes": 403, "tail": "{\n  \"element_count\": 206137,\n  \"extents\": {\n    \"lateral_margin_um\": 100.0,\n    \"lid_height_um\": 450.0,\n    \"substrate_thickness_um\": 300.0,\n    \"vacuum_height_um\": 300.0\n  },\n  \"mean_quality\": 0.7263143756565194,\n  \"mesh_scale\": 4.0,\n  \"mesh_sha256\": \"d2c7eee442ccec0b5acf7a37a98b61dd305b53bafb68f0d43dab3ba0dc2b069e\",\n  \"minimum_quality\": 0.15838171066132758,\n  \"runtime_seconds\": 7.345174475000022\n}\n", "truncated": false}, "base_mesh/palace_amr.json": {"size_bytes": 2038, "tail": "{\n  \"Boundaries\": {\n    \"PEC\": {\n      \"Attributes\": [\n        10,\n        11,\n        12,\n        30,\n        31\n      ]\n    }\n  },\n  \"Domains\": {\n    \"Materials\": [\n      {\n        \"Attributes\": [\n          1\n        ],\n        \"LossTan\": 1e-06,\n        \"Permeability\": 1.0,\n        \"Permittivity\": 11.45\n      },\n      {\n        \"Attributes\": [\n          2\n        ],\n        \"LossTan\": 1e-06,\n        \"Permeability\": 1.0,\n        \"Permittivity\": 11.45\n      },\n      {\n        \"Attributes\": [\n          3\n        ],\n        \"Permeability\": 1.0,\n        \"Permittivity\": 1.0\n      },\n      {\n        \"Attributes\": [\n          4\n        ],\n        \"Permeability\": 1.0,\n        \"Permittivity\": 1.0\n      },\n      {\n        \"Attributes\": [\n          5\n        ],\n        \"Permeability\": 1.0,\n        \"Permittivity\": 1.0\n      }\n    ],\n    \"Postprocessing\": {\n      \"Energy\": [\n        {\n          \"Attributes\": [\n            1\n          ],\n          \"Index\": 1\n        },\n        {\n          \"Attributes\": [\n            2\n          ],\n          \"Index\": 2\n        },\n        {\n          \"Attributes\": [\n            3\n          ],\n          \"Index\": 3\n        },\n        {\n          \"Attributes\": [\n            4\n          ],\n          \"Index\": 4\n        },\n        {\n          \"Attributes\": [\n            5\n          ],\n          \"Index\": 5\n        }\n      ]\n    }\n  },\n  \"Model\": {\n    \"L0\": 1e-06,\n    \"Mesh\": \"quarter_wave_base.msh\",\n    \"Refinement\": {\n      \"MaxIts\": 4,\n      \"Nonconformal\": false,\n      \"SaveAdaptIterations\": true,\n      \"SaveAdaptMesh\": true,\n      \"Tol\": 0.0001,\n      \"UpdateFraction\": 0.7\n    }\n  },\n  \"Problem\": {\n    \"Output\": \"postpro\",\n    \"OutputFormats\": {\n      \"GridFunction\": true,\n      \"Paraview\": true\n    },\n    \"Type\": \"Eigenmode\",\n    \"Verbose\": 2\n  },\n  \"Solver\": {\n    \"Device\": \"CPU\",\n    \"Eigenmode\": {\n      \"N\": 4,\n      \"Save\": 4,\n      \"Target\": 2.7,\n      \"Tol\": 1e-09\n    },\n    \"Linear\": {\n      \"MaxIts\": 1000,\n      \"Tol\": 1e-09,\n      \"Type\": \"Default\"\n    },\n    \"Order\": 1\n  }\n}\n", "truncated": false}, "base_mesh/palace.stdout.txt": {"size_bytes": 16796, "tail": "norm 3.493080e+00\n   1 (restart 0) KSP residual norm 5.434289e-08\n   2 (restart 0) KSP residual norm 6.426568e-14\nGMRES solver converged in 2 iterations (avg. reduction factor: 1.356e-07)\n   Residual norms for GMRES solve\n   0 (restart 0) KSP residual norm 1.345317e+00\n   1 (restart 0) KSP residual norm 1.062759e-07\n   2 (restart 0) KSP residual norm 1.970294e-14\nGMRES solver converged in 2 iterations (avg. reduction factor: 1.210e-07)\n   Residual norms for GMRES solve\n   0 (restart 0) KSP residual norm 2.524294e+00\n   1 (restart 0) KSP residual norm 1.834509e-07\n   2 (restart 0) KSP residual norm 4.411194e-14\nGMRES solver converged in 2 iterations (avg. reduction factor: 1.322e-07)\n\n _naup2: **** Start of major iteration number ****\n -------------------------------------------------\n    1 -    1:       1\n  \n   Residual norms for GMRES solve\n   0 (restart 0) KSP residual norm 5.373389e-01\n   1 (restart 0) KSP residual norm 6.439234e-08\n   2 (restart 0) KSP residual norm 1.144931e-14\nGMRES solver converged in 2 iterations (avg. reduction factor: 1.460e-07)\n   Residual norms for GMRES solve\n   0 (restart 0) KSP residual norm 5.211959e-01\n   1 (restart 0) KSP residual norm 2.889664e-08\n   2 (restart 0) KSP residual norm 8.156825e-15\nGMRES solver converged in 2 iterations (avg. reduction factor: 1.251e-07)\n   Residual norms for GMRES solve\n   0 (restart 0) KSP residual norm 2.534717e-01\n   1 (restart 0) KSP residual norm 3.825368e-08\n   2 (restart 0) KSP residual norm 5.962386e-15\nGMRES solver converged in 2 iterations (avg. reduction factor: 1.534e-07)\n   Residual norms for GMRES solve\n   0 (restart 0) KSP residual norm 1.564640e-01\n   1 (restart 0) KSP residual norm 2.762412e-08\n   2 (restart 0) KSP residual norm 2.384405e-15\nGMRES solver converged in 2 iterations (avg. reduction factor: 1.234e-07)\n   Residual norms for GMRES solve\n   0 (restart 0) KSP residual norm 2.928574e-01\n   1 (restart 0) KSP residual norm 4.974394e-08\n   2 (restart 0) KSP residual norm 5.135107e-15\nGMRES solver converged in 2 iterations (avg. reduction factor: 1.324e-07)\n   Residual norms for GMRES solve\n   0 (restart 0) KSP residual norm 2.969997e-01\n   1 (restart 0) KSP residual norm 5.144795e-08\n   2 (restart 0) KSP residual norm 6.999328e-15\nGMRES solver converged in 2 iterations (avg. reduction factor: 1.535e-07)\n   Residual norms for GMRES solve\n   0 (restart 0) KSP residual norm 3.002090e-01\n   1 (restart 0) KSP residual norm 3.036601e-08\n   2 (restart 0) KSP residual norm 6.804588e-15\nGMRES solver converged in 2 iterations (avg. reduction factor: 1.506e-07)\n   Residual norms for GMRES solve\n   0 (restart 0) KSP residual norm 3.902644e-01\n   1 (restart 0) KSP residual norm 3.887151e-08\n   2 (restart 0) KSP residual norm 6.790453e-15\nGMRES solver converged in 2 iterations (avg. reduction factor: 1.319e-07)\n   Residual norms for GMRES solve\n   0 (restart 0) KSP residual norm 3.406004e-01\n   1 (restart 0) KSP residual norm 3.751601e-08\n   2 (restart 0) KSP residual norm 6.532816e-15\nGMRES solver converged in 2 iterations (avg. reduction factor: 1.385e-07)\n   Residual norms for GMRES solve\n   0 (restart 0) KSP residual norm 2.362821e-01\n   1 (restart 0) KSP residual norm 3.054276e-08\n   2 (restart 0) KSP residual norm 5.255484e-15\nGMRES solver converged in 2 iterations (avg. reduction factor: 1.491e-07)\n   Residual norms for GMRES solve\n   0 (restart 0) KSP residual norm 3.602671e-01\n   1 (restart 0) KSP residual norm 2.791419e-08\n   2 (restart 0) KSP residual norm 1.033499e-14\nGMRES solver converged in 2 iterations (avg. reduction factor: 1.694e-07)\n   Residual norms for GMRES solve\n   0 (restart 0) KSP residual norm 9.791528e-02\n   1 (restart 0) KSP residual norm 1.677002e-08\n   2 (restart 0) KSP residual norm 1.948846e-15\nGMRES solver converged in 2 iterations (avg. reduction factor: 1.411e-07)\n   Residual norms for GMRES solve\n   0 (restart 0) KSP residual norm 1.832125e-01\n   1 (restart 0) KSP residual norm 2.127494e-08\n   2 (restart 0) KSP residual norm 5.024997e-15\nGMRES solver converged in 2 iterations (avg. reduction factor: 1.656e-07)\n", "truncated": true}, "base_mesh/palace.stderr.txt": {"size_bytes": 0, "tail": "", "truncated": false}, "base_mesh/resource_summary.json": {"unavailable": "FileNotFoundError"}, "base_mesh/resource_samples.json": {"unavailable": "FileNotFoundError"}}, "cgroup_path": "/system.slice/hosted-compute-agent.service", "cgroup_memory": {"memory.current": {"size_bytes": 0, "tail": "14150262784\n", "truncated": false}, "memory.peak": {"size_bytes": 0, "tail": "15669010432\n", "truncated": false}, "memory.max": {"size_bytes": 0, "tail": "max\n", "truncated": false}, "memory.events": {"size_bytes": 0, "tail": "low 0\nhigh 0\nmax 0\noom 0\noom_kill 0\noom_group_kill 0\n", "truncated": false}}, "process_columns": "pid ppid rss_KiB vsz_KiB cpu_percent command_name", "largest_processes": [" 680588  680539 6027764 6398112 99.9 palace-x86_64.b", " 680591  680539 5787060 6179560 99.9 palace-x86_64.b", " 680278  680275 165204 1295316 2.4 textlayout", "   2105    2102 137548 1431768 0.2 provjobd1430605", "   2297    2277 129868 274501996 0.4 Runner.Worker", "   2277    2089 97288 274411092 0.0 Runner.Listener", "   1387       1 73268 2045424 0.0 dockerd", "   1009       1 51472 295288  0.0 php-fpm8.3", " 680275  680273 48940 216752  0.0 uv", "   1083       1 44728 1960792 0.0 containerd", "    218       1 43716 305388  0.0 multipathd", "   1390    1044 37992 454664  0.0 python3"]}
palace	UNKNOWN STEP	2026-10-05T11:48:05.6430666Z {"schema": "textlayout.palace-ci-observation.v1", "timestamp": "2026-10-05T11:48:05.619717+00:00", "scope": "host/process diagnostics; not numerical validation", "meminfo": {"size_bytes": 1615, "head": "MemTotal:       16373452 kB\nMemFree:          350040 kB\nMemAvailable:    2087332 kB\nBuffers:          238340 kB\nCached:          1530232 kB\nSwapCached:           24 kB\nActive:           354120 kB\nInactive:       14927952 kB\nActive(anon):      99656 kB\nInactive(anon): 13493492 kB\nActive(file):     254464 kB\nInactive(file):  1434460 kB\nUnevictable:       46780 kB\nMlocked:           43708 kB\nSwapTotal:       3145724 kB\nSwapFree:        3145700 kB\nZswap:                 0 kB\nZswapped:              0 kB\nDirty:             36820 kB\nWriteback:             0 kB\nAnonPages:      13552468 kB\nMapped:           462740 kB\nShmem:             70864 kB\nKReclaimable:     394320 kB\nSlab:             509800 kB\nSReclaimable:     394320 kB\nSUnreclaim:       115480 kB\nKernelStack:        4272 kB\nPageTables:        34160 kB\nSecPageTables:         0 kB\nNFS_Unstable:          0 kB\nBounce:                0 kB\nWritebackTmp:          0 kB\nCommitLimit:    11332448 kB\nCommitted_AS:   16369624 kB\nVmallocTotal:   34359738367 kB\nVmallocUsed:       39664 kB\nVmallocChunk:          0 kB\nPercpu:             2400 kB\nHardwareCorrupted:     0 kB\nAnonHugePages:   6168576 kB\nShmemHugePages:        0 kB\nShmemPmdMapped:        0 kB\nFileHugePages:      4096 kB\nFilePmdMapped:         0 kB\nCmaTotal:              0 kB\nCmaFree:               0 kB\nUnaccepted:            0 kB\nBalloon:               0 kB\nHugePages_Total:       0\nHugePages_Free:        0\nHugePages_Rsvd:        0\nHugePages_Surp:        0\nHugepagesize:       2048 kB\nHugetlb:               0 kB\nDirectMap4k:      109696 kB\nDirectMap2M:     4079616 kB\nDirectMap1G:    14680064 kB\n", "truncated": false, "read_mode": "bounded_prefix"}, "files": {"toolchain.json": {"size_bytes": 3922, "tail": "{\n  \"capability\": {\n    \"available\": true,\n    \"container_digest\": null,\n    \"container_engine\": null,\n    \"container_image\": null,\n    \"executable\": \"/home/runner/.cache/textlayout-palace/spack-opt/linux-x86_64_v3/palace-0.17.0-737ugntl33fa5wjglayhp7ojkezkti5s/bin/palace\",\n    \"executable_sha256\": \"ad43ec030f51435f32150a5c72cb324ca03083d2ffc2f91405bbf41c6bc2240f\",\n    \"execution_kind\": \"executable\",\n    \"identified\": true,\n    \"mpi_launcher\": \"/usr/bin/mpirun\",\n    \"status\": \"AVAILABLE\",\n    \"unavailable_reason\": null,\n    \"version\": \"0.17.0\"\n  },\n  \"generated_at\": \"2026-10-05T11:41:06+00:00\",\n  \"git_commit\": \"7b435483afaa5a8cdbfec25c9f6de030605eff13\",\n  \"gmsh\": {\n    \"available\": true,\n    \"expected_version\": \"4.15.2\",\n    \"module\": \"/home/runner/work/Text-to-Layout/Text-to-Layout/.venv/lib/python3.12/site-packages/gmsh.py\",\n    \"module_sha256\": \"f4b0935cebde899750293d87a643090e5ea33c9b18d249267f507db68a0e01c3\",\n    \"version\": \"4.15.2\"\n  },\n  \"install_record\": {\n    \"build_stage\": \"/home/runner/.cache/textlayout-palace/build-stage\",\n    \"compiler_and_mpi_tail\": [\n      \"[+] /home/runner/.cache/textlayout-palace/spack-opt/linux-x86_64_v3/palace-0.17.0-737ugntl33fa5wjglayhp7ojkezkti5s\",\n      \"==> Installing palace-0.17.0-737ugntl33fa5wjglayhp7ojkezkti5s [63/63]\",\n      \"==> Updating view at /home/runner/.cache/textlayout-palace/environment/.spack-env/view\",\n      \"gcc (Ubuntu 13.3.0-6ubuntu2~24.04.1) 13.3.0\",\n      \"g++ (Ubuntu 13.3.0-6ubuntu2~24.04.1) 13.3.0\",\n      \"GNU Fortran (Ubuntu 13.3.0-6ubuntu2~24.04.1) 13.3.0\",\n      \"mpirun (Open MPI) 4.1.6\",\n      \"\"\n    ],\n    \"compiler_versions\": {\n      \"gcc\": \"gcc (Ubuntu 13.3.0-6ubuntu2~24.04.1) 13.3.0\",\n      \"gfortran\": \"GNU Fortran (Ubuntu 13.3.0-6ubuntu2~24.04.1) 13.3.0\",\n      \"gxx\": \"g++ (Ubuntu 13.3.0-6ubuntu2~24.04.1) 13.3.0\"\n    },\n    \"git_commit\": \"7b435483afaa5a8cdbfec25c9f6de030605eff13\",\n    \"gmsh\": {\n      \"available\": true,\n      \"expected_version\": \"4.15.2\",\n      \"module\": \"/home/runner/work/Text-to-Layout/Text-to-Layout/.venv/lib/python3.12/site-packages/gmsh.py\",\n      \"module_sha256\": \"f4b0935cebde899750293d87a643090e5ea33c9b18d249267f507db68a0e01c3\",\n      \"version\": \"4.15.2\"\n    },\n    \"gmsh_version\": \"4.15.2\",\n    \"install_tree\": \"/home/runner/.cache/textlayout-palace/spack-opt\",\n    \"installed_at\": \"2026-10-05T11:40:47.866958+00:00\",\n    \"mpi_version\": \"mpirun (Open MPI) 4.1.6\",\n    \"native_root\": \"/home/runner/.cache/textlayout-palace\",\n    \"palace_commit\": \"12d8069afb5aa9e169a17e303d735e120968e9f2\",\n    \"palace_executable\": \"/home/runner/.cache/textlayout-palace/spack-opt/linux-x86_64_v3/palace-0.17.0-737ugntl33fa5wjglayhp7ojkezkti5s/bin/palace\",\n    \"palace_executable_sha256\": \"ad43ec030f51435f32150a5c72cb324ca03083d2ffc2f91405bbf41c6bc2240f\",\n    \"palace_version\": \"0.17.0\",\n    \"requested_version\": \"0.17.0\",\n    \"reused\": false,\n    \"schema\": \"textlayout.palace-install.v1\",\n    \"source_archive\": {\n      \"available\": true,\n      \"path\": \"/home/runner/work/Text-to-Layout/Text-to-Layout/.tools/external/sources/palace-12d8069afb5aa9e169a17e303d735e120968e9f2.tar.gz\",\n      \"sha256\": \"169f7fe210ea6e771a29bfe0803dd84a774b25b00d2aa3a1f33b9d97a510ff9d\",\n      \"size_bytes\": 47331791\n    },\n    \"source_archive_path\": \"/home/runner/work/Text-to-Layout/Text-to-Layout/.tools/external/sources/palace-12d8069afb5aa9e169a17e303d735e120968e9f2.tar.gz\",\n    \"source_archive_sha256\": \"169f7fe210ea6e771a29bfe0803dd84a774b25b00d2aa3a1f33b9d97a510ff9d\",\n    \"spack_commit\": \"0c2be44e4ece21eb091ad5de4c97716b7c6d4c87\",\n    \"spack_environment\": \"external_tools/palace/spack.yaml\",\n    \"spack_packages_commit\": \"a2928a3376d286ddbf07da62847d5ba5b0fa3c67\",\n    \"spack_runtime_cache\": \"/home/runner/.cache/textlayout-palace\",\n    \"spack_version\": \"1.1.0\",\n    \"status\": \"INSTALLED\",\n    \"strategy\": \"pinned_spack_wsl\"\n  },\n  \"required_palace_version\": \"0.17.0\",\n  \"schema\": \"textlayout.palace-toolchain.v1\"\n}\n", "truncated": false}, "resource_decision.json": {"size_bytes": 288, "tail": "{\n  \"accepted_processes\": 2,\n  \"available_mb\": 14815,\n  \"memory_tier\": \"unknown\",\n  \"preflight_peak_mb\": null,\n  \"rationale\": \"no peak-memory estimate available; honouring the requested count\",\n  \"requested_processes\": 2,\n  \"timestamp\": \"2026-10-05T11:41:06+00:00\",\n  \"total_mb\": 15989\n}\n", "truncated": false}, "run_manifest.json": {"unavailable": "FileNotFoundError"}, "base_mesh/mesh_metrics.json": {"size_bytes": 403, "tail": "{\n  \"element_count\": 206137,\n  \"extents\": {\n    \"lateral_margin_um\": 100.0,\n    \"lid_height_um\": 450.0,\n    \"substrate_thickness_um\": 300.0,\n    \"vacuum_height_um\": 300.0\n  },\n  \"mean_quality\": 0.7263143756565194,\n  \"mesh_scale\": 4.0,\n  \"mesh_sha256\": \"d2c7eee442ccec0b5acf7a37a98b61dd305b53bafb68f0d43dab3ba0dc2b069e\",\n  \"minimum_quality\": 0.15838171066132758,\n  \"runtime_seconds\": 7.345174475000022\n}\n", "truncated": false}, "base_mesh/palace_amr.json": {"size_bytes": 2038, "tail": "{\n  \"Boundaries\": {\n    \"PEC\": {\n      \"Attributes\": [\n        10,\n        11,\n        12,\n        30,\n        31\n      ]\n    }\n  },\n  \"Domains\": {\n    \"Materials\": [\n      {\n        \"Attributes\": [\n          1\n        ],\n        \"LossTan\": 1e-06,\n        \"Permeability\": 1.0,\n        \"Permittivity\": 11.45\n      },\n      {\n        \"Attributes\": [\n          2\n        ],\n        \"LossTan\": 1e-06,\n        \"Permeability\": 1.0,\n        \"Permittivity\": 11.45\n      },\n      {\n        \"Attributes\": [\n          3\n        ],\n        \"Permeability\": 1.0,\n        \"Permittivity\": 1.0\n      },\n      {\n        \"Attributes\": [\n          4\n        ],\n        \"Permeability\": 1.0,\n        \"Permittivity\": 1.0\n      },\n      {\n        \"Attributes\": [\n          5\n        ],\n        \"Permeability\": 1.0,\n        \"Permittivity\": 1.0\n      }\n    ],\n    \"Postprocessing\": {\n      \"Energy\": [\n        {\n          \"Attributes\": [\n            1\n          ],\n          \"Index\": 1\n        },\n        {\n          \"Attributes\": [\n            2\n          ],\n          \"Index\": 2\n        },\n        {\n          \"Attributes\": [\n            3\n          ],\n          \"Index\": 3\n        },\n        {\n          \"Attributes\": [\n            4\n          ],\n          \"Index\": 4\n        },\n        {\n          \"Attributes\": [\n            5\n          ],\n          \"Index\": 5\n        }\n      ]\n    }\n  },\n  \"Model\": {\n    \"L0\": 1e-06,\n    \"Mesh\": \"quarter_wave_base.msh\",\n    \"Refinement\": {\n      \"MaxIts\": 4,\n      \"Nonconformal\": false,\n      \"SaveAdaptIterations\": true,\n      \"SaveAdaptMesh\": true,\n      \"Tol\": 0.0001,\n      \"UpdateFraction\": 0.7\n    }\n  },\n  \"Problem\": {\n    \"Output\": \"postpro\",\n    \"OutputFormats\": {\n      \"GridFunction\": true,\n      \"Paraview\": true\n    },\n    \"Type\": \"Eigenmode\",\n    \"Verbose\": 2\n  },\n  \"Solver\": {\n    \"Device\": \"CPU\",\n    \"Eigenmode\": {\n      \"N\": 4,\n      \"Save\": 4,\n      \"Target\": 2.7,\n      \"Tol\": 1e-09\n    },\n    \"Linear\": {\n      \"MaxIts\": 1000,\n      \"Tol\": 1e-09,\n      \"Type\": \"Default\"\n    },\n    \"Order\": 1\n  }\n}\n", "truncated": false}, "base_mesh/palace.stdout.txt": {"size_bytes": 17795, "tail": "MRES solver converged in 2 iterations (avg. reduction factor: 1.460e-07)\n   Residual norms for GMRES solve\n   0 (restart 0) KSP residual norm 5.211959e-01\n   1 (restart 0) KSP residual norm 2.889664e-08\n   2 (restart 0) KSP residual norm 8.156825e-15\nGMRES solver converged in 2 iterations (avg. reduction factor: 1.251e-07)\n   Residual norms for GMRES solve\n   0 (restart 0) KSP residual norm 2.534717e-01\n   1 (restart 0) KSP residual norm 3.825368e-08\n   2 (restart 0) KSP residual norm 5.962386e-15\nGMRES solver converged in 2 iterations (avg. reduction factor: 1.534e-07)\n   Residual norms for GMRES solve\n   0 (restart 0) KSP residual norm 1.564640e-01\n   1 (restart 0) KSP residual norm 2.762412e-08\n   2 (restart 0) KSP residual norm 2.384405e-15\nGMRES solver converged in 2 iterations (avg. reduction factor: 1.234e-07)\n   Residual norms for GMRES solve\n   0 (restart 0) KSP residual norm 2.928574e-01\n   1 (restart 0) KSP residual norm 4.974394e-08\n   2 (restart 0) KSP residual norm 5.135107e-15\nGMRES solver converged in 2 iterations (avg. reduction factor: 1.324e-07)\n   Residual norms for GMRES solve\n   0 (restart 0) KSP residual norm 2.969997e-01\n   1 (restart 0) KSP residual norm 5.144795e-08\n   2 (restart 0) KSP residual norm 6.999328e-15\nGMRES solver converged in 2 iterations (avg. reduction factor: 1.535e-07)\n   Residual norms for GMRES solve\n   0 (restart 0) KSP residual norm 3.002090e-01\n   1 (restart 0) KSP residual norm 3.036601e-08\n   2 (restart 0) KSP residual norm 6.804588e-15\nGMRES solver converged in 2 iterations (avg. reduction factor: 1.506e-07)\n   Residual norms for GMRES solve\n   0 (restart 0) KSP residual norm 3.902644e-01\n   1 (restart 0) KSP residual norm 3.887151e-08\n   2 (restart 0) KSP residual norm 6.790453e-15\nGMRES solver converged in 2 iterations (avg. reduction factor: 1.319e-07)\n   Residual norms for GMRES solve\n   0 (restart 0) KSP residual norm 3.406004e-01\n   1 (restart 0) KSP residual norm 3.751601e-08\n   2 (restart 0) KSP residual norm 6.532816e-15\nGMRES solver converged in 2 iterations (avg. reduction factor: 1.385e-07)\n   Residual norms for GMRES solve\n   0 (restart 0) KSP residual norm 2.362821e-01\n   1 (restart 0) KSP residual norm 3.054276e-08\n   2 (restart 0) KSP residual norm 5.255484e-15\nGMRES solver converged in 2 iterations (avg. reduction factor: 1.491e-07)\n   Residual norms for GMRES solve\n   0 (restart 0) KSP residual norm 3.602671e-01\n   1 (restart 0) KSP residual norm 2.791419e-08\n   2 (restart 0) KSP residual norm 1.033499e-14\nGMRES solver converged in 2 iterations (avg. reduction factor: 1.694e-07)\n   Residual norms for GMRES solve\n   0 (restart 0) KSP residual norm 9.791528e-02\n   1 (restart 0) KSP residual norm 1.677002e-08\n   2 (restart 0) KSP residual norm 1.948846e-15\nGMRES solver converged in 2 iterations (avg. reduction factor: 1.411e-07)\n   Residual norms for GMRES solve\n   0 (restart 0) KSP residual norm 1.832125e-01\n   1 (restart 0) KSP residual norm 2.127494e-08\n   2 (restart 0) KSP residual norm 5.024997e-15\nGMRES solver converged in 2 iterations (avg. reduction factor: 1.656e-07)\n   Residual norms for GMRES solve\n   0 (restart 0) KSP residual norm 4.632115e-02\n   1 (restart 0) KSP residual norm 6.822281e-09\n   2 (restart 0) KSP residual norm 1.147969e-15\nGMRES solver converged in 2 iterations (avg. reduction factor: 1.574e-07)\n   Residual norms for GMRES solve\n   0 (restart 0) KSP residual norm 5.955412e-02\n   1 (restart 0) KSP residual norm 7.933897e-09\n   2 (restart 0) KSP residual norm 1.025996e-15\nGMRES solver converged in 2 iterations (avg. reduction factor: 1.313e-07)\n\n ARPACK EPS eigensolve converged (4 eigenpairs); iterations 1\n Total number of linear systems solved: 19\n Total number of linear solver iterations: 38\n Found 4 converged eigenvalues (first = 3.731e-01+3.434e-07i)\n\nComputing solution error estimates and performing postprocessing\n\n     m,        Re{f} (GHz),        Im{f} (GHz),                  Q,      Error (Bkwd.),       Error (Abs.)\n     1,      +5.617129e+00,      +2.584731e-06,      +1.086598e+06,      +5.843047e-17,      +6.148347e-12\n", "truncated": true}, "base_mesh/palace.stderr.txt": {"size_bytes": 0, "tail": "", "truncated": false}, "base_mesh/resource_summary.json": {"unavailable": "FileNotFoundError"}, "base_mesh/resource_samples.json": {"unavailable": "FileNotFoundError"}}, "cgroup_path": "/system.slice/hosted-compute-agent.service", "cgroup_memory": {"memory.current": {"size_bytes": 0, "tail": "15467671552\n", "truncated": false}, "memory.peak": {"size_bytes": 0, "tail": "15669010432\n", "truncated": false}, "memory.max": {"size_bytes": 0, "tail": "max\n", "truncated": false}, "memory.events": {"size_bytes": 0, "tail": "low 0\nhigh 0\nmax 0\noom 0\noom_kill 0\noom_group_kill 0\n", "truncated": false}}, "process_columns": "pid ppid rss_KiB vsz_KiB cpu_percent command_name", "largest_processes": [" 680588  680539 6754336 7077052 99.9 palace-x86_64.b", " 680591  680539 6455604 6805420 99.9 palace-x86_64.b", " 680278  680275 165204 1295316 2.3 textlayout", "   2105    2102 137548 1431768 0.2 provjobd1430605", "   2297    2277 129868 274501996 0.4 Runner.Worker", "   2277    2089 100764 274411108 0.0 Runner.Listener", "   1387       1 73268 2045424 0.0 dockerd", "   1009       1 51372 295288  0.0 php-fpm8.3", " 680275  680273 48940 216752  0.0 uv", "   1083       1 44644 1960792 0.0 containerd", "    218       1 43716 305388  0.0 multipathd", "   1390    1044 37992 454664  0.0 python3"]}
palace	UNKNOWN STEP	2026-10-05T11:48:35.6586226Z {"schema": "textlayout.palace-ci-observation.v1", "timestamp": "2026-10-05T11:48:35.635163+00:00", "scope": "host/process diagnostics; not numerical validation", "meminfo": {"size_bytes": 1615, "head": "MemTotal:       16373452 kB\nMemFree:          265312 kB\nMemAvailable:    2053612 kB\nBuffers:          210064 kB\nCached:          1620448 kB\nSwapCached:           24 kB\nActive:           408472 kB\nInactive:       14935728 kB\nActive(anon):     145528 kB\nInactive(anon): 13447788 kB\nActive(file):     262944 kB\nInactive(file):  1487940 kB\nUnevictable:       46780 kB\nMlocked:           43708 kB\nSwapTotal:       3145724 kB\nSwapFree:        3145696 kB\nZswap:                 0 kB\nZswapped:              0 kB\nDirty:            150324 kB\nWriteback:             0 kB\nAnonPages:      13552604 kB\nMapped:           441232 kB\nShmem:             70860 kB\nKReclaimable:     383368 kB\nSlab:             498088 kB\nSReclaimable:     383368 kB\nSUnreclaim:       114720 kB\nKernelStack:        4256 kB\nPageTables:        34160 kB\nSecPageTables:         0 kB\nNFS_Unstable:          0 kB\nBounce:                0 kB\nWritebackTmp:          0 kB\nCommitLimit:    11332448 kB\nCommitted_AS:   16369612 kB\nVmallocTotal:   34359738367 kB\nVmallocUsed:       39664 kB\nVmallocChunk:          0 kB\nPercpu:             2400 kB\nHardwareCorrupted:     0 kB\nAnonHugePages:   6184960 kB\nShmemHugePages:        0 kB\nShmemPmdMapped:        0 kB\nFileHugePages:         0 kB\nFilePmdMapped:         0 kB\nCmaTotal:              0 kB\nCmaFree:               0 kB\nUnaccepted:            0 kB\nBalloon:               0 kB\nHugePages_Total:       0\nHugePages_Free:        0\nHugePages_Rsvd:        0\nHugePages_Surp:        0\nHugepagesize:       2048 kB\nHugetlb:               0 kB\nDirectMap4k:      109696 kB\nDirectMap2M:     4079616 kB\nDirectMap1G:    14680064 kB\n", "truncated": false, "read_mode": "bounded_prefix"}, "files": {"toolchain.json": {"size_bytes": 3922, "tail": "{\n  \"capability\": {\n    \"available\": true,\n    \"container_digest\": null,\n    \"container_engine\": null,\n    \"container_image\": null,\n    \"executable\": \"/home/runner/.cache/textlayout-palace/spack-opt/linux-x86_64_v3/palace-0.17.0-737ugntl33fa5wjglayhp7ojkezkti5s/bin/palace\",\n    \"executable_sha256\": \"ad43ec030f51435f32150a5c72cb324ca03083d2ffc2f91405bbf41c6bc2240f\",\n    \"execution_kind\": \"executable\",\n    \"identified\": true,\n    \"mpi_launcher\": \"/usr/bin/mpirun\",\n    \"status\": \"AVAILABLE\",\n    \"unavailable_reason\": null,\n    \"version\": \"0.17.0\"\n  },\n  \"generated_at\": \"2026-10-05T11:41:06+00:00\",\n  \"git_commit\": \"7b435483afaa5a8cdbfec25c9f6de030605eff13\",\n  \"gmsh\": {\n    \"available\": true,\n    \"expected_version\": \"4.15.2\",\n    \"module\": \"/home/runner/work/Text-to-Layout/Text-to-Layout/.venv/lib/python3.12/site-packages/gmsh.py\",\n    \"module_sha256\": \"f4b0935cebde899750293d87a643090e5ea33c9b18d249267f507db68a0e01c3\",\n    \"version\": \"4.15.2\"\n  },\n  \"install_record\": {\n    \"build_stage\": \"/home/runner/.cache/textlayout-palace/build-stage\",\n    \"compiler_and_mpi_tail\": [\n      \"[+] /home/runner/.cache/textlayout-palace/spack-opt/linux-x86_64_v3/palace-0.17.0-737ugntl33fa5wjglayhp7ojkezkti5s\",\n      \"==> Installing palace-0.17.0-737ugntl33fa5wjglayhp7ojkezkti5s [63/63]\",\n      \"==> Updating view at /home/runner/.cache/textlayout-palace/environment/.spack-env/view\",\n      \"gcc (Ubuntu 13.3.0-6ubuntu2~24.04.1) 13.3.0\",\n      \"g++ (Ubuntu 13.3.0-6ubuntu2~24.04.1) 13.3.0\",\n      \"GNU Fortran (Ubuntu 13.3.0-6ubuntu2~24.04.1) 13.3.0\",\n      \"mpirun (Open MPI) 4.1.6\",\n      \"\"\n    ],\n    \"compiler_versions\": {\n      \"gcc\": \"gcc (Ubuntu 13.3.0-6ubuntu2~24.04.1) 13.3.0\",\n      \"gfortran\": \"GNU Fortran (Ubuntu 13.3.0-6ubuntu2~24.04.1) 13.3.0\",\n      \"gxx\": \"g++ (Ubuntu 13.3.0-6ubuntu2~24.04.1) 13.3.0\"\n    },\n    \"git_commit\": \"7b435483afaa5a8cdbfec25c9f6de030605eff13\",\n    \"gmsh\": {\n      \"available\": true,\n      \"expected_version\": \"4.15.2\",\n      \"module\": \"/home/runner/work/Text-to-Layout/Text-to-Layout/.venv/lib/python3.12/site-packages/gmsh.py\",\n      \"module_sha256\": \"f4b0935cebde899750293d87a643090e5ea33c9b18d249267f507db68a0e01c3\",\n      \"version\": \"4.15.2\"\n    },\n    \"gmsh_version\": \"4.15.2\",\n    \"install_tree\": \"/home/runner/.cache/textlayout-palace/spack-opt\",\n    \"installed_at\": \"2026-10-05T11:40:47.866958+00:00\",\n    \"mpi_version\": \"mpirun (Open MPI) 4.1.6\",\n    \"native_root\": \"/home/runner/.cache/textlayout-palace\",\n    \"palace_commit\": \"12d8069afb5aa9e169a17e303d735e120968e9f2\",\n    \"palace_executable\": \"/home/runner/.cache/textlayout-palace/spack-opt/linux-x86_64_v3/palace-0.17.0-737ugntl33fa5wjglayhp7ojkezkti5s/bin/palace\",\n    \"palace_executable_sha256\": \"ad43ec030f51435f32150a5c72cb324ca03083d2ffc2f91405bbf41c6bc2240f\",\n    \"palace_version\": \"0.17.0\",\n    \"requested_version\": \"0.17.0\",\n    \"reused\": false,\n    \"schema\": \"textlayout.palace-install.v1\",\n    \"source_archive\": {\n      \"available\": true,\n      \"path\": \"/home/runner/work/Text-to-Layout/Text-to-Layout/.tools/external/sources/palace-12d8069afb5aa9e169a17e303d735e120968e9f2.tar.gz\",\n      \"sha256\": \"169f7fe210ea6e771a29bfe0803dd84a774b25b00d2aa3a1f33b9d97a510ff9d\",\n      \"size_bytes\": 47331791\n    },\n    \"source_archive_path\": \"/home/runner/work/Text-to-Layout/Text-to-Layout/.tools/external/sources/palace-12d8069afb5aa9e169a17e303d735e120968e9f2.tar.gz\",\n    \"source_archive_sha256\": \"169f7fe210ea6e771a29bfe0803dd84a774b25b00d2aa3a1f33b9d97a510ff9d\",\n    \"spack_commit\": \"0c2be44e4ece21eb091ad5de4c97716b7c6d4c87\",\n    \"spack_environment\": \"external_tools/palace/spack.yaml\",\n    \"spack_packages_commit\": \"a2928a3376d286ddbf07da62847d5ba5b0fa3c67\",\n    \"spack_runtime_cache\": \"/home/runner/.cache/textlayout-palace\",\n    \"spack_version\": \"1.1.0\",\n    \"status\": \"INSTALLED\",\n    \"strategy\": \"pinned_spack_wsl\"\n  },\n  \"required_palace_version\": \"0.17.0\",\n  \"schema\": \"textlayout.palace-toolchain.v1\"\n}\n", "truncated": false}, "resource_decision.json": {"size_bytes": 288, "tail": "{\n  \"accepted_processes\": 2,\n  \"available_mb\": 14815,\n  \"memory_tier\": \"unknown\",\n  \"preflight_peak_mb\": null,\n  \"rationale\": \"no peak-memory estimate available; honouring the requested count\",\n  \"requested_processes\": 2,\n  \"timestamp\": \"2026-10-05T11:41:06+00:00\",\n  \"total_mb\": 15989\n}\n", "truncated": false}, "run_manifest.json": {"unavailable": "FileNotFoundError"}, "base_mesh/mesh_metrics.json": {"size_bytes": 403, "tail": "{\n  \"element_count\": 206137,\n  \"extents\": {\n    \"lateral_margin_um\": 100.0,\n    \"lid_height_um\": 450.0,\n    \"substrate_thickness_um\": 300.0,\n    \"vacuum_height_um\": 300.0\n  },\n  \"mean_quality\": 0.7263143756565194,\n  \"mesh_scale\": 4.0,\n  \"mesh_sha256\": \"d2c7eee442ccec0b5acf7a37a98b61dd305b53bafb68f0d43dab3ba0dc2b069e\",\n  \"minimum_quality\": 0.15838171066132758,\n  \"runtime_seconds\": 7.345174475000022\n}\n", "truncated": false}, "base_mesh/palace_amr.json": {"size_bytes": 2038, "tail": "{\n  \"Boundaries\": {\n    \"PEC\": {\n      \"Attributes\": [\n        10,\n        11,\n        12,\n        30,\n        31\n      ]\n    }\n  },\n  \"Domains\": {\n    \"Materials\": [\n      {\n        \"Attributes\": [\n          1\n        ],\n        \"LossTan\": 1e-06,\n        \"Permeability\": 1.0,\n        \"Permittivity\": 11.45\n      },\n      {\n        \"Attributes\": [\n          2\n        ],\n        \"LossTan\": 1e-06,\n        \"Permeability\": 1.0,\n        \"Permittivity\": 11.45\n      },\n      {\n        \"Attributes\": [\n          3\n        ],\n        \"Permeability\": 1.0,\n        \"Permittivity\": 1.0\n      },\n      {\n        \"Attributes\": [\n          4\n        ],\n        \"Permeability\": 1.0,\n        \"Permittivity\": 1.0\n      },\n      {\n        \"Attributes\": [\n          5\n        ],\n        \"Permeability\": 1.0,\n        \"Permittivity\": 1.0\n      }\n    ],\n    \"Postprocessing\": {\n      \"Energy\": [\n        {\n          \"Attributes\": [\n            1\n          ],\n          \"Index\": 1\n        },\n        {\n          \"Attributes\": [\n            2\n          ],\n          \"Index\": 2\n        },\n        {\n          \"Attributes\": [\n            3\n          ],\n          \"Index\": 3\n        },\n        {\n          \"Attributes\": [\n            4\n          ],\n          \"Index\": 4\n        },\n        {\n          \"Attributes\": [\n            5\n          ],\n          \"Index\": 5\n        }\n      ]\n    }\n  },\n  \"Model\": {\n    \"L0\": 1e-06,\n    \"Mesh\": \"quarter_wave_base.msh\",\n    \"Refinement\": {\n      \"MaxIts\": 4,\n      \"Nonconformal\": false,\n      \"SaveAdaptIterations\": true,\n      \"SaveAdaptMesh\": true,\n      \"Tol\": 0.0001,\n      \"UpdateFraction\": 0.7\n    }\n  },\n  \"Problem\": {\n    \"Output\": \"postpro\",\n    \"OutputFormats\": {\n      \"GridFunction\": true,\n      \"Paraview\": true\n    },\n    \"Type\": \"Eigenmode\",\n    \"Verbose\": 2\n  },\n  \"Solver\": {\n    \"Device\": \"CPU\",\n    \"Eigenmode\": {\n      \"N\": 4,\n      \"Save\": 4,\n      \"Target\": 2.7,\n      \"Tol\": 1e-09\n    },\n    \"Linear\": {\n      \"MaxIts\": 1000,\n      \"Tol\": 1e-09,\n      \"Type\": \"Default\"\n    },\n    \"Order\": 1\n  }\n}\n", "truncated": false}, "base_mesh/palace.stdout.txt": {"size_bytes": 17828, "tail": "ions (avg. reduction factor: 1.460e-07)\n   Residual norms for GMRES solve\n   0 (restart 0) KSP residual norm 5.211959e-01\n   1 (restart 0) KSP residual norm 2.889664e-08\n   2 (restart 0) KSP residual norm 8.156825e-15\nGMRES solver converged in 2 iterations (avg. reduction factor: 1.251e-07)\n   Residual norms for GMRES solve\n   0 (restart 0) KSP residual norm 2.534717e-01\n   1 (restart 0) KSP residual norm 3.825368e-08\n   2 (restart 0) KSP residual norm 5.962386e-15\nGMRES solver converged in 2 iterations (avg. reduction factor: 1.534e-07)\n   Residual norms for GMRES solve\n   0 (restart 0) KSP residual norm 1.564640e-01\n   1 (restart 0) KSP residual norm 2.762412e-08\n   2 (restart 0) KSP residual norm 2.384405e-15\nGMRES solver converged in 2 iterations (avg. reduction factor: 1.234e-07)\n   Residual norms for GMRES solve\n   0 (restart 0) KSP residual norm 2.928574e-01\n   1 (restart 0) KSP residual norm 4.974394e-08\n   2 (restart 0) KSP residual norm 5.135107e-15\nGMRES solver converged in 2 iterations (avg. reduction factor: 1.324e-07)\n   Residual norms for GMRES solve\n   0 (restart 0) KSP residual norm 2.969997e-01\n   1 (restart 0) KSP residual norm 5.144795e-08\n   2 (restart 0) KSP residual norm 6.999328e-15\nGMRES solver converged in 2 iterations (avg. reduction factor: 1.535e-07)\n   Residual norms for GMRES solve\n   0 (restart 0) KSP residual norm 3.002090e-01\n   1 (restart 0) KSP residual norm 3.036601e-08\n   2 (restart 0) KSP residual norm 6.804588e-15\nGMRES solver converged in 2 iterations (avg. reduction factor: 1.506e-07)\n   Residual norms for GMRES solve\n   0 (restart 0) KSP residual norm 3.902644e-01\n   1 (restart 0) KSP residual norm 3.887151e-08\n   2 (restart 0) KSP residual norm 6.790453e-15\nGMRES solver converged in 2 iterations (avg. reduction factor: 1.319e-07)\n   Residual norms for GMRES solve\n   0 (restart 0) KSP residual norm 3.406004e-01\n   1 (restart 0) KSP residual norm 3.751601e-08\n   2 (restart 0) KSP residual norm 6.532816e-15\nGMRES solver converged in 2 iterations (avg. reduction factor: 1.385e-07)\n   Residual norms for GMRES solve\n   0 (restart 0) KSP residual norm 2.362821e-01\n   1 (restart 0) KSP residual norm 3.054276e-08\n   2 (restart 0) KSP residual norm 5.255484e-15\nGMRES solver converged in 2 iterations (avg. reduction factor: 1.491e-07)\n   Residual norms for GMRES solve\n   0 (restart 0) KSP residual norm 3.602671e-01\n   1 (restart 0) KSP residual norm 2.791419e-08\n   2 (restart 0) KSP residual norm 1.033499e-14\nGMRES solver converged in 2 iterations (avg. reduction factor: 1.694e-07)\n   Residual norms for GMRES solve\n   0 (restart 0) KSP residual norm 9.791528e-02\n   1 (restart 0) KSP residual norm 1.677002e-08\n   2 (restart 0) KSP residual norm 1.948846e-15\nGMRES solver converged in 2 iterations (avg. reduction factor: 1.411e-07)\n   Residual norms for GMRES solve\n   0 (restart 0) KSP residual norm 1.832125e-01\n   1 (restart 0) KSP residual norm 2.127494e-08\n   2 (restart 0) KSP residual norm 5.024997e-15\nGMRES solver converged in 2 iterations (avg. reduction factor: 1.656e-07)\n   Residual norms for GMRES solve\n   0 (restart 0) KSP residual norm 4.632115e-02\n   1 (restart 0) KSP residual norm 6.822281e-09\n   2 (restart 0) KSP residual norm 1.147969e-15\nGMRES solver converged in 2 iterations (avg. reduction factor: 1.574e-07)\n   Residual norms for GMRES solve\n   0 (restart 0) KSP residual norm 5.955412e-02\n   1 (restart 0) KSP residual norm 7.933897e-09\n   2 (restart 0) KSP residual norm 1.025996e-15\nGMRES solver converged in 2 iterations (avg. reduction factor: 1.313e-07)\n\n ARPACK EPS eigensolve converged (4 eigenpairs); iterations 1\n Total number of linear systems solved: 19\n Total number of linear solver iterations: 38\n Found 4 converged eigenvalues (first = 3.731e-01+3.434e-07i)\n\nComputing solution error estimates and performing postprocessing\n\n     m,        Re{f} (GHz),        Im{f} (GHz),                  Q,      Error (Bkwd.),       Error (Abs.)\n     1,      +5.617129e+00,      +2.584731e-06,      +1.086598e+06,      +5.843047e-17,      +6.148347e-12\n Wrote mode 1 to disk (Paraview)\n", "truncated": true}, "base_mesh/palace.stderr.txt": {"size_bytes": 0, "tail": "", "truncated": false}, "base_mesh/resource_summary.json": {"unavailable": "FileNotFoundError"}, "base_mesh/resource_samples.json": {"unavailable": "FileNotFoundError"}}, "cgroup_path": "/system.slice/hosted-compute-agent.service", "cgroup_memory": {"memory.current": {"size_bytes": 0, "tail": "15606956032\n", "truncated": false}, "memory.peak": {"size_bytes": 0, "tail": "15686451200\n", "truncated": false}, "memory.max": {"size_bytes": 0, "tail": "max\n", "truncated": false}, "memory.events": {"size_bytes": 0, "tail": "low 0\nhigh 0\nmax 0\noom 0\noom_kill 0\noom_group_kill 0\n", "truncated": false}}, "process_columns": "pid ppid rss_KiB vsz_KiB cpu_percent command_name", "largest_processes": [" 680588  680539 6754776 7077052 99.9 palace-x86_64.b", " 680591  680539 6455608 6805420 99.9 palace-x86_64.b", " 680278  680275 164804 1295316 2.1 textlayout", "   2105    2102 137248 1431768 0.2 provjobd1430605", "   2297    2277 112016 274501996 0.4 Runner.Worker", "   2277    2089 84120 274411092 0.0 Runner.Listener", "   1387       1 72612 2045424 0.0 dockerd", "   1009       1 50116 295288  0.0 php-fpm8.3", " 680275  680273 48940 216752  0.0 uv", "    218       1 43716 305388  0.0 multipathd", "   1083       1 43500 1960792 0.0 containerd", "   1390    1044 37628 454664  0.0 python3"]}
palace	UNKNOWN STEP	2026-10-05T11:49:05.6766939Z {"schema": "textlayout.palace-ci-observation.v1", "timestamp": "2026-10-05T11:49:05.650798+00:00", "scope": "host/process diagnostics; not numerical validation", "meminfo": {"size_bytes": 1615, "head": "MemTotal:       16373452 kB\nMemFree:          227276 kB\nMemAvailable:     938196 kB\nBuffers:           88932 kB\nCached:           804432 kB\nSwapCached:          848 kB\nActive:          1967340 kB\nInactive:       13499088 kB\nActive(anon):    1896968 kB\nInactive(anon): 12755636 kB\nActive(file):      70372 kB\nInactive(file):   743452 kB\nUnevictable:       46780 kB\nMlocked:           43708 kB\nSwapTotal:       3145724 kB\nSwapFree:        3139540 kB\nZswap:                 0 kB\nZswapped:              0 kB\nDirty:               132 kB\nWriteback:             0 kB\nAnonPages:      14615292 kB\nMapped:           389124 kB\nShmem:             70788 kB\nKReclaimable:     304488 kB\nSlab:             411496 kB\nSReclaimable:     304488 kB\nSUnreclaim:       107008 kB\nKernelStack:        4308 kB\nPageTables:        36972 kB\nSecPageTables:         0 kB\nNFS_Unstable:          0 kB\nBounce:                0 kB\nWritebackTmp:          0 kB\nCommitLimit:    11332448 kB\nCommitted_AS:   17438444 kB\nVmallocTotal:   34359738367 kB\nVmallocUsed:       39760 kB\nVmallocChunk:          0 kB\nPercpu:             2400 kB\nHardwareCorrupted:     0 kB\nAnonHugePages:   6234112 kB\nShmemHugePages:        0 kB\nShmemPmdMapped:        0 kB\nFileHugePages:         0 kB\nFilePmdMapped:         0 kB\nCmaTotal:              0 kB\nCmaFree:               0 kB\nUnaccepted:            0 kB\nBalloon:               0 kB\nHugePages_Total:       0\nHugePages_Free:        0\nHugePages_Rsvd:        0\nHugePages_Surp:        0\nHugepagesize:       2048 kB\nHugetlb:               0 kB\nDirectMap4k:      109696 kB\nDirectMap2M:     4079616 kB\nDirectMap1G:    14680064 kB\n", "truncated": false, "read_mode": "bounded_prefix"}, "files": {"toolchain.json": {"size_bytes": 3922, "tail": "{\n  \"capability\": {\n    \"available\": true,\n    \"container_digest\": null,\n    \"container_engine\": null,\n    \"container_image\": null,\n    \"executable\": \"/home/runner/.cache/textlayout-palace/spack-opt/linux-x86_64_v3/palace-0.17.0-737ugntl33fa5wjglayhp7ojkezkti5s/bin/palace\",\n    \"executable_sha256\": \"ad43ec030f51435f32150a5c72cb324ca03083d2ffc2f91405bbf41c6bc2240f\",\n    \"execution_kind\": \"executable\",\n    \"identified\": true,\n    \"mpi_launcher\": \"/usr/bin/mpirun\",\n    \"status\": \"AVAILABLE\",\n    \"unavailable_reason\": null,\n    \"version\": \"0.17.0\"\n  },\n  \"generated_at\": \"2026-10-05T11:41:06+00:00\",\n  \"git_commit\": \"7b435483afaa5a8cdbfec25c9f6de030605eff13\",\n  \"gmsh\": {\n    \"available\": true,\n    \"expected_version\": \"4.15.2\",\n    \"module\": \"/home/runner/work/Text-to-Layout/Text-to-Layout/.venv/lib/python3.12/site-packages/gmsh.py\",\n    \"module_sha256\": \"f4b0935cebde899750293d87a643090e5ea33c9b18d249267f507db68a0e01c3\",\n    \"version\": \"4.15.2\"\n  },\n  \"install_record\": {\n    \"build_stage\": \"/home/runner/.cache/textlayout-palace/build-stage\",\n    \"compiler_and_mpi_tail\": [\n      \"[+] /home/runner/.cache/textlayout-palace/spack-opt/linux-x86_64_v3/palace-0.17.0-737ugntl33fa5wjglayhp7ojkezkti5s\",\n      \"==> Installing palace-0.17.0-737ugntl33fa5wjglayhp7ojkezkti5s [63/63]\",\n      \"==> Updating view at /home/runner/.cache/textlayout-palace/environment/.spack-env/view\",\n      \"gcc (Ubuntu 13.3.0-6ubuntu2~24.04.1) 13.3.0\",\n      \"g++ (Ubuntu 13.3.0-6ubuntu2~24.04.1) 13.3.0\",\n      \"GNU Fortran (Ubuntu 13.3.0-6ubuntu2~24.04.1) 13.3.0\",\n      \"mpirun (Open MPI) 4.1.6\",\n      \"\"\n    ],\n    \"compiler_versions\": {\n      \"gcc\": \"gcc (Ubuntu 13.3.0-6ubuntu2~24.04.1) 13.3.0\",\n      \"gfortran\": \"GNU Fortran (Ubuntu 13.3.0-6ubuntu2~24.04.1) 13.3.0\",\n      \"gxx\": \"g++ (Ubuntu 13.3.0-6ubuntu2~24.04.1) 13.3.0\"\n    },\n    \"git_commit\": \"7b435483afaa5a8cdbfec25c9f6de030605eff13\",\n    \"gmsh\": {\n      \"available\": true,\n      \"expected_version\": \"4.15.2\",\n      \"module\": \"/home/runner/work/Text-to-Layout/Text-to-Layout/.venv/lib/python3.12/site-packages/gmsh.py\",\n      \"module_sha256\": \"f4b0935cebde899750293d87a643090e5ea33c9b18d249267f507db68a0e01c3\",\n      \"version\": \"4.15.2\"\n    },\n    \"gmsh_version\": \"4.15.2\",\n    \"install_tree\": \"/home/runner/.cache/textlayout-palace/spack-opt\",\n    \"installed_at\": \"2026-10-05T11:40:47.866958+00:00\",\n    \"mpi_version\": \"mpirun (Open MPI) 4.1.6\",\n    \"native_root\": \"/home/runner/.cache/textlayout-palace\",\n    \"palace_commit\": \"12d8069afb5aa9e169a17e303d735e120968e9f2\",\n    \"palace_executable\": \"/home/runner/.cache/textlayout-palace/spack-opt/linux-x86_64_v3/palace-0.17.0-737ugntl33fa5wjglayhp7ojkezkti5s/bin/palace\",\n    \"palace_executable_sha256\": \"ad43ec030f51435f32150a5c72cb324ca03083d2ffc2f91405bbf41c6bc2240f\",\n    \"palace_version\": \"0.17.0\",\n    \"requested_version\": \"0.17.0\",\n    \"reused\": false,\n    \"schema\": \"textlayout.palace-install.v1\",\n    \"source_archive\": {\n      \"available\": true,\n      \"path\": \"/home/runner/work/Text-to-Layout/Text-to-Layout/.tools/external/sources/palace-12d8069afb5aa9e169a17e303d735e120968e9f2.tar.gz\",\n      \"sha256\": \"169f7fe210ea6e771a29bfe0803dd84a774b25b00d2aa3a1f33b9d97a510ff9d\",\n      \"size_bytes\": 47331791\n    },\n    \"source_archive_path\": \"/home/runner/work/Text-to-Layout/Text-to-Layout/.tools/external/sources/palace-12d8069afb5aa9e169a17e303d735e120968e9f2.tar.gz\",\n    \"source_archive_sha256\": \"169f7fe210ea6e771a29bfe0803dd84a774b25b00d2aa3a1f33b9d97a510ff9d\",\n    \"spack_commit\": \"0c2be44e4ece21eb091ad5de4c97716b7c6d4c87\",\n    \"spack_environment\": \"external_tools/palace/spack.yaml\",\n    \"spack_packages_commit\": \"a2928a3376d286ddbf07da62847d5ba5b0fa3c67\",\n    \"spack_runtime_cache\": \"/home/runner/.cache/textlayout-palace\",\n    \"spack_version\": \"1.1.0\",\n    \"status\": \"INSTALLED\",\n    \"strategy\": \"pinned_spack_wsl\"\n  },\n  \"required_palace_version\": \"0.17.0\",\n  \"schema\": \"textlayout.palace-toolchain.v1\"\n}\n", "truncated": false}, "resource_decision.json": {"size_bytes": 288, "tail": "{\n  \"accepted_processes\": 2,\n  \"available_mb\": 14815,\n  \"memory_tier\": \"unknown\",\n  \"preflight_peak_mb\": null,\n  \"rationale\": \"no peak-memory estimate available; honouring the requested count\",\n  \"requested_processes\": 2,\n  \"timestamp\": \"2026-10-05T11:41:06+00:00\",\n  \"total_mb\": 15989\n}\n", "truncated": false}, "run_manifest.json": {"unavailable": "FileNotFoundError"}, "base_mesh/mesh_metrics.json": {"size_bytes": 403, "tail": "{\n  \"element_count\": 206137,\n  \"extents\": {\n    \"lateral_margin_um\": 100.0,\n    \"lid_height_um\": 450.0,\n    \"substrate_thickness_um\": 300.0,\n    \"vacuum_height_um\": 300.0\n  },\n  \"mean_quality\": 0.7263143756565194,\n  \"mesh_scale\": 4.0,\n  \"mesh_sha256\": \"d2c7eee442ccec0b5acf7a37a98b61dd305b53bafb68f0d43dab3ba0dc2b069e\",\n  \"minimum_quality\": 0.15838171066132758,\n  \"runtime_seconds\": 7.345174475000022\n}\n", "truncated": false}, "base_mesh/palace_amr.json": {"size_bytes": 2038, "tail": "{\n  \"Boundaries\": {\n    \"PEC\": {\n      \"Attributes\": [\n        10,\n        11,\n        12,\n        30,\n        31\n      ]\n    }\n  },\n  \"Domains\": {\n    \"Materials\": [\n      {\n        \"Attributes\": [\n          1\n        ],\n        \"LossTan\": 1e-06,\n        \"Permeability\": 1.0,\n        \"Permittivity\": 11.45\n      },\n      {\n        \"Attributes\": [\n          2\n        ],\n        \"LossTan\": 1e-06,\n        \"Permeability\": 1.0,\n        \"Permittivity\": 11.45\n      },\n      {\n        \"Attributes\": [\n          3\n        ],\n        \"Permeability\": 1.0,\n        \"Permittivity\": 1.0\n      },\n      {\n        \"Attributes\": [\n          4\n        ],\n        \"Permeability\": 1.0,\n        \"Permittivity\": 1.0\n      },\n      {\n        \"Attributes\": [\n          5\n        ],\n        \"Permeability\": 1.0,\n        \"Permittivity\": 1.0\n      }\n    ],\n    \"Postprocessing\": {\n      \"Energy\": [\n        {\n          \"Attributes\": [\n            1\n          ],\n          \"Index\": 1\n        },\n        {\n          \"Attributes\": [\n            2\n          ],\n          \"Index\": 2\n        },\n        {\n          \"Attributes\": [\n            3\n          ],\n          \"Index\": 3\n        },\n        {\n          \"Attributes\": [\n            4\n          ],\n          \"Index\": 4\n        },\n        {\n          \"Attributes\": [\n            5\n          ],\n          \"Index\": 5\n        }\n      ]\n    }\n  },\n  \"Model\": {\n    \"L0\": 1e-06,\n    \"Mesh\": \"quarter_wave_base.msh\",\n    \"Refinement\": {\n      \"MaxIts\": 4,\n      \"Nonconformal\": false,\n      \"SaveAdaptIterations\": true,\n      \"SaveAdaptMesh\": true,\n      \"Tol\": 0.0001,\n      \"UpdateFraction\": 0.7\n    }\n  },\n  \"Problem\": {\n    \"Output\": \"postpro\",\n    \"OutputFormats\": {\n      \"GridFunction\": true,\n      \"Paraview\": true\n    },\n    \"Type\": \"Eigenmode\",\n    \"Verbose\": 2\n  },\n  \"Solver\": {\n    \"Device\": \"CPU\",\n    \"Eigenmode\": {\n      \"N\": 4,\n      \"Save\": 4,\n      \"Target\": 2.7,\n      \"Tol\": 1e-09\n    },\n    \"Linear\": {\n      \"MaxIts\": 1000,\n      \"Tol\": 1e-09,\n      \"Type\": \"Default\"\n    },\n    \"Order\": 1\n  }\n}\n", "truncated": false}, "base_mesh/palace.stdout.txt": {"size_bytes": 17973, "tail": "sidual norm 2.889664e-08\n   2 (restart 0) KSP residual norm 8.156825e-15\nGMRES solver converged in 2 iterations (avg. reduction factor: 1.251e-07)\n   Residual norms for GMRES solve\n   0 (restart 0) KSP residual norm 2.534717e-01\n   1 (restart 0) KSP residual norm 3.825368e-08\n   2 (restart 0) KSP residual norm 5.962386e-15\nGMRES solver converged in 2 iterations (avg. reduction factor: 1.534e-07)\n   Residual norms for GMRES solve\n   0 (restart 0) KSP residual norm 1.564640e-01\n   1 (restart 0) KSP residual norm 2.762412e-08\n   2 (restart 0) KSP residual norm 2.384405e-15\nGMRES solver converged in 2 iterations (avg. reduction factor: 1.234e-07)\n   Residual norms for GMRES solve\n   0 (restart 0) KSP residual norm 2.928574e-01\n   1 (restart 0) KSP residual norm 4.974394e-08\n   2 (restart 0) KSP residual norm 5.135107e-15\nGMRES solver converged in 2 iterations (avg. reduction factor: 1.324e-07)\n   Residual norms for GMRES solve\n   0 (restart 0) KSP residual norm 2.969997e-01\n   1 (restart 0) KSP residual norm 5.144795e-08\n   2 (restart 0) KSP residual norm 6.999328e-15\nGMRES solver converged in 2 iterations (avg. reduction factor: 1.535e-07)\n   Residual norms for GMRES solve\n   0 (restart 0) KSP residual norm 3.002090e-01\n   1 (restart 0) KSP residual norm 3.036601e-08\n   2 (restart 0) KSP residual norm 6.804588e-15\nGMRES solver converged in 2 iterations (avg. reduction factor: 1.506e-07)\n   Residual norms for GMRES solve\n   0 (restart 0) KSP residual norm 3.902644e-01\n   1 (restart 0) KSP residual norm 3.887151e-08\n   2 (restart 0) KSP residual norm 6.790453e-15\nGMRES solver converged in 2 iterations (avg. reduction factor: 1.319e-07)\n   Residual norms for GMRES solve\n   0 (restart 0) KSP residual norm 3.406004e-01\n   1 (restart 0) KSP residual norm 3.751601e-08\n   2 (restart 0) KSP residual norm 6.532816e-15\nGMRES solver converged in 2 iterations (avg. reduction factor: 1.385e-07)\n   Residual norms for GMRES solve\n   0 (restart 0) KSP residual norm 2.362821e-01\n   1 (restart 0) KSP residual norm 3.054276e-08\n   2 (restart 0) KSP residual norm 5.255484e-15\nGMRES solver converged in 2 iterations (avg. reduction factor: 1.491e-07)\n   Residual norms for GMRES solve\n   0 (restart 0) KSP residual norm 3.602671e-01\n   1 (restart 0) KSP residual norm 2.791419e-08\n   2 (restart 0) KSP residual norm 1.033499e-14\nGMRES solver converged in 2 iterations (avg. reduction factor: 1.694e-07)\n   Residual norms for GMRES solve\n   0 (restart 0) KSP residual norm 9.791528e-02\n   1 (restart 0) KSP residual norm 1.677002e-08\n   2 (restart 0) KSP residual norm 1.948846e-15\nGMRES solver converged in 2 iterations (avg. reduction factor: 1.411e-07)\n   Residual norms for GMRES solve\n   0 (restart 0) KSP residual norm 1.832125e-01\n   1 (restart 0) KSP residual norm 2.127494e-08\n   2 (restart 0) KSP residual norm 5.024997e-15\nGMRES solver converged in 2 iterations (avg. reduction factor: 1.656e-07)\n   Residual norms for GMRES solve\n   0 (restart 0) KSP residual norm 4.632115e-02\n   1 (restart 0) KSP residual norm 6.822281e-09\n   2 (restart 0) KSP residual norm 1.147969e-15\nGMRES solver converged in 2 iterations (avg. reduction factor: 1.574e-07)\n   Residual norms for GMRES solve\n   0 (restart 0) KSP residual norm 5.955412e-02\n   1 (restart 0) KSP residual norm 7.933897e-09\n   2 (restart 0) KSP residual norm 1.025996e-15\nGMRES solver converged in 2 iterations (avg. reduction factor: 1.313e-07)\n\n ARPACK EPS eigensolve converged (4 eigenpairs); iterations 1\n Total number of linear systems solved: 19\n Total number of linear solver iterations: 38\n Found 4 converged eigenvalues (first = 3.731e-01+3.434e-07i)\n\nComputing solution error estimates and performing postprocessing\n\n     m,        Re{f} (GHz),        Im{f} (GHz),                  Q,      Error (Bkwd.),       Error (Abs.)\n     1,      +5.617129e+00,      +2.584731e-06,      +1.086598e+06,      +5.843047e-17,      +6.148347e-12\n Wrote mode 1 to disk (Paraview)\n Wrote mode 1 to disk (grid function)\n     2,      +6.109230e+00,      +2.810907e-06,      +1.086701e+06,      +6.727587e-17,      +7.079106e-12\n", "truncated": true}, "base_mesh/palace.stderr.txt": {"size_bytes": 0, "tail": "", "truncated": false}, "base_mesh/resource_summary.json": {"unavailable": "FileNotFoundError"}, "base_mesh/resource_samples.json": {"unavailable": "FileNotFoundError"}}, "cgroup_path": "/system.slice/hosted-compute-agent.service", "cgroup_memory": {"memory.current": {"size_bytes": 0, "tail": "15763763200\n", "truncated": false}, "memory.peak": {"size_bytes": 0, "tail": "15823683584\n", "truncated": false}, "memory.max": {"size_bytes": 0, "tail": "max\n", "truncated": false}, "memory.events": {"size_bytes": 0, "tail": "low 0\nhigh 0\nmax 0\noom 0\noom_kill 0\noom_group_kill 0\n", "truncated": false}}, "process_columns": "pid ppid rss_KiB vsz_KiB cpu_percent command_name", "largest_processes": [" 680588  680539 7300428 7620204 99.9 palace-x86_64.b", " 680591  680539 6974364 7306108 99.9 palace-x86_64.b", " 680278  680275 156192 1295316 2.0 textlayout", "   2105    2102 128568 1431768 0.2 provjobd1430605", "   2297    2277 108168 274501996 0.4 Runner.Worker", "   2277    2089 78884 274411092 0.0 Runner.Listener", "   1387       1 60428 2045424 0.0 dockerd", " 680275  680273 48940 216752  0.0 uv", "   1009       1 43796 295288  0.0 php-fpm8.3", "    218       1 43716 305388  0.0 multipathd", "   1083       1 36740 1960792 0.0 containerd", "   1390    1044 30920 454664  0.0 python3"]}
palace	UNKNOWN STEP	2026-10-05T11:49:35.6910441Z {"schema": "textlayout.palace-ci-observation.v1", "timestamp": "2026-10-05T11:49:35.667680+00:00", "scope": "host/process diagnostics; not numerical validation", "meminfo": {"size_bytes": 1615, "head": "MemTotal:       16373452 kB\nMemFree:          440064 kB\nMemAvailable:    1007552 kB\nBuffers:           13488 kB\nCached:           690340 kB\nSwapCached:          364 kB\nActive:          2066780 kB\nInactive:       13210204 kB\nActive(anon):    1973128 kB\nInactive(anon): 12679664 kB\nActive(file):      93652 kB\nInactive(file):   530540 kB\nUnevictable:       46780 kB\nMlocked:           43708 kB\nSwapTotal:       3145724 kB\nSwapFree:        3139408 kB\nZswap:                 0 kB\nZswapped:              0 kB\nDirty:             36876 kB\nWriteback:             0 kB\nAnonPages:      14615652 kB\nMapped:           256444 kB\nShmem:             70788 kB\nKReclaimable:     289248 kB\nSlab:             392328 kB\nSReclaimable:     289248 kB\nSUnreclaim:       103080 kB\nKernelStack:        4220 kB\nPageTables:        36164 kB\nSecPageTables:         0 kB\nNFS_Unstable:          0 kB\nBounce:                0 kB\nWritebackTmp:          0 kB\nCommitLimit:    11332448 kB\nCommitted_AS:   17413452 kB\nVmallocTotal:   34359738367 kB\nVmallocUsed:       39632 kB\nVmallocChunk:          0 kB\nPercpu:             2400 kB\nHardwareCorrupted:     0 kB\nAnonHugePages:   6238208 kB\nShmemHugePages:        0 kB\nShmemPmdMapped:        0 kB\nFileHugePages:         0 kB\nFilePmdMapped:         0 kB\nCmaTotal:              0 kB\nCmaFree:               0 kB\nUnaccepted:            0 kB\nBalloon:               0 kB\nHugePages_Total:       0\nHugePages_Free:        0\nHugePages_Rsvd:        0\nHugePages_Surp:        0\nHugepagesize:       2048 kB\nHugetlb:               0 kB\nDirectMap4k:      109696 kB\nDirectMap2M:     4079616 kB\nDirectMap1G:    14680064 kB\n", "truncated": false, "read_mode": "bounded_prefix"}, "files": {"toolchain.json": {"size_bytes": 3922, "tail": "{\n  \"capability\": {\n    \"available\": true,\n    \"container_digest\": null,\n    \"container_engine\": null,\n    \"container_image\": null,\n    \"executable\": \"/home/runner/.cache/textlayout-palace/spack-opt/linux-x86_64_v3/palace-0.17.0-737ugntl33fa5wjglayhp7ojkezkti5s/bin/palace\",\n    \"executable_sha256\": \"ad43ec030f51435f32150a5c72cb324ca03083d2ffc2f91405bbf41c6bc2240f\",\n    \"execution_kind\": \"executable\",\n    \"identified\": true,\n    \"mpi_launcher\": \"/usr/bin/mpirun\",\n    \"status\": \"AVAILABLE\",\n    \"unavailable_reason\": null,\n    \"version\": \"0.17.0\"\n  },\n  \"generated_at\": \"2026-10-05T11:41:06+00:00\",\n  \"git_commit\": \"7b435483afaa5a8cdbfec25c9f6de030605eff13\",\n  \"gmsh\": {\n    \"available\": true,\n    \"expected_version\": \"4.15.2\",\n    \"module\": \"/home/runner/work/Text-to-Layout/Text-to-Layout/.venv/lib/python3.12/site-packages/gmsh.py\",\n    \"module_sha256\": \"f4b0935cebde899750293d87a643090e5ea33c9b18d249267f507db68a0e01c3\",\n    \"version\": \"4.15.2\"\n  },\n  \"install_record\": {\n    \"build_stage\": \"/home/runner/.cache/textlayout-palace/build-stage\",\n    \"compiler_and_mpi_tail\": [\n      \"[+] /home/runner/.cache/textlayout-palace/spack-opt/linux-x86_64_v3/palace-0.17.0-737ugntl33fa5wjglayhp7ojkezkti5s\",\n      \"==> Installing palace-0.17.0-737ugntl33fa5wjglayhp7ojkezkti5s [63/63]\",\n      \"==> Updating view at /home/runner/.cache/textlayout-palace/environment/.spack-env/view\",\n      \"gcc (Ubuntu 13.3.0-6ubuntu2~24.04.1) 13.3.0\",\n      \"g++ (Ubuntu 13.3.0-6ubuntu2~24.04.1) 13.3.0\",\n      \"GNU Fortran (Ubuntu 13.3.0-6ubuntu2~24.04.1) 13.3.0\",\n      \"mpirun (Open MPI) 4.1.6\",\n      \"\"\n    ],\n    \"compiler_versions\": {\n      \"gcc\": \"gcc (Ubuntu 13.3.0-6ubuntu2~24.04.1) 13.3.0\",\n      \"gfortran\": \"GNU Fortran (Ubuntu 13.3.0-6ubuntu2~24.04.1) 13.3.0\",\n      \"gxx\": \"g++ (Ubuntu 13.3.0-6ubuntu2~24.04.1) 13.3.0\"\n    },\n    \"git_commit\": \"7b435483afaa5a8cdbfec25c9f6de030605eff13\",\n    \"gmsh\": {\n      \"available\": true,\n      \"expected_version\": \"4.15.2\",\n      \"module\": \"/home/runner/work/Text-to-Layout/Text-to-Layout/.venv/lib/python3.12/site-packages/gmsh.py\",\n      \"module_sha256\": \"f4b0935cebde899750293d87a643090e5ea33c9b18d249267f507db68a0e01c3\",\n      \"version\": \"4.15.2\"\n    },\n    \"gmsh_version\": \"4.15.2\",\n    \"install_tree\": \"/home/runner/.cache/textlayout-palace/spack-opt\",\n    \"installed_at\": \"2026-10-05T11:40:47.866958+00:00\",\n    \"mpi_version\": \"mpirun (Open MPI) 4.1.6\",\n    \"native_root\": \"/home/runner/.cache/textlayout-palace\",\n    \"palace_commit\": \"12d8069afb5aa9e169a17e303d735e120968e9f2\",\n    \"palace_executable\": \"/home/runner/.cache/textlayout-palace/spack-opt/linux-x86_64_v3/palace-0.17.0-737ugntl33fa5wjglayhp7ojkezkti5s/bin/palace\",\n    \"palace_executable_sha256\": \"ad43ec030f51435f32150a5c72cb324ca03083d2ffc2f91405bbf41c6bc2240f\",\n    \"palace_version\": \"0.17.0\",\n    \"requested_version\": \"0.17.0\",\n    \"reused\": false,\n    \"schema\": \"textlayout.palace-install.v1\",\n    \"source_archive\": {\n      \"available\": true,\n      \"path\": \"/home/runner/work/Text-to-Layout/Text-to-Layout/.tools/external/sources/palace-12d8069afb5aa9e169a17e303d735e120968e9f2.tar.gz\",\n      \"sha256\": \"169f7fe210ea6e771a29bfe0803dd84a774b25b00d2aa3a1f33b9d97a510ff9d\",\n      \"size_bytes\": 47331791\n    },\n    \"source_archive_path\": \"/home/runner/work/Text-to-Layout/Text-to-Layout/.tools/external/sources/palace-12d8069afb5aa9e169a17e303d735e120968e9f2.tar.gz\",\n    \"source_archive_sha256\": \"169f7fe210ea6e771a29bfe0803dd84a774b25b00d2aa3a1f33b9d97a510ff9d\",\n    \"spack_commit\": \"0c2be44e4ece21eb091ad5de4c97716b7c6d4c87\",\n    \"spack_environment\": \"external_tools/palace/spack.yaml\",\n    \"spack_packages_commit\": \"a2928a3376d286ddbf07da62847d5ba5b0fa3c67\",\n    \"spack_runtime_cache\": \"/home/runner/.cache/textlayout-palace\",\n    \"spack_version\": \"1.1.0\",\n    \"status\": \"INSTALLED\",\n    \"strategy\": \"pinned_spack_wsl\"\n  },\n  \"required_palace_version\": \"0.17.0\",\n  \"schema\": \"textlayout.palace-toolchain.v1\"\n}\n", "truncated": false}, "resource_decision.json": {"size_bytes": 288, "tail": "{\n  \"accepted_processes\": 2,\n  \"available_mb\": 14815,\n  \"memory_tier\": \"unknown\",\n  \"preflight_peak_mb\": null,\n  \"rationale\": \"no peak-memory estimate available; honouring the requested count\",\n  \"requested_processes\": 2,\n  \"timestamp\": \"2026-10-05T11:41:06+00:00\",\n  \"total_mb\": 15989\n}\n", "truncated": false}, "run_manifest.json": {"unavailable": "FileNotFoundError"}, "base_mesh/mesh_metrics.json": {"size_bytes": 403, "tail": "{\n  \"element_count\": 206137,\n  \"extents\": {\n    \"lateral_margin_um\": 100.0,\n    \"lid_height_um\": 450.0,\n    \"substrate_thickness_um\": 300.0,\n    \"vacuum_height_um\": 300.0\n  },\n  \"mean_quality\": 0.7263143756565194,\n  \"mesh_scale\": 4.0,\n  \"mesh_sha256\": \"d2c7eee442ccec0b5acf7a37a98b61dd305b53bafb68f0d43dab3ba0dc2b069e\",\n  \"minimum_quality\": 0.15838171066132758,\n  \"runtime_seconds\": 7.345174475000022\n}\n", "truncated": false}, "base_mesh/palace_amr.json": {"size_bytes": 2038, "tail": "{\n  \"Boundaries\": {\n    \"PEC\": {\n      \"Attributes\": [\n        10,\n        11,\n        12,\n        30,\n        31\n      ]\n    }\n  },\n  \"Domains\": {\n    \"Materials\": [\n      {\n        \"Attributes\": [\n          1\n        ],\n        \"LossTan\": 1e-06,\n        \"Permeability\": 1.0,\n        \"Permittivity\": 11.45\n      },\n      {\n        \"Attributes\": [\n          2\n        ],\n        \"LossTan\": 1e-06,\n        \"Permeability\": 1.0,\n        \"Permittivity\": 11.45\n      },\n      {\n        \"Attributes\": [\n          3\n        ],\n        \"Permeability\": 1.0,\n        \"Permittivity\": 1.0\n      },\n      {\n        \"Attributes\": [\n          4\n        ],\n        \"Permeability\": 1.0,\n        \"Permittivity\": 1.0\n      },\n      {\n        \"Attributes\": [\n          5\n        ],\n        \"Permeability\": 1.0,\n        \"Permittivity\": 1.0\n      }\n    ],\n    \"Postprocessing\": {\n      \"Energy\": [\n        {\n          \"Attributes\": [\n            1\n          ],\n          \"Index\": 1\n        },\n        {\n          \"Attributes\": [\n            2\n          ],\n          \"Index\": 2\n        },\n        {\n          \"Attributes\": [\n            3\n          ],\n          \"Index\": 3\n        },\n        {\n          \"Attributes\": [\n            4\n          ],\n          \"Index\": 4\n        },\n        {\n          \"Attributes\": [\n            5\n          ],\n          \"Index\": 5\n        }\n      ]\n    }\n  },\n  \"Model\": {\n    \"L0\": 1e-06,\n    \"Mesh\": \"quarter_wave_base.msh\",\n    \"Refinement\": {\n      \"MaxIts\": 4,\n      \"Nonconformal\": false,\n      \"SaveAdaptIterations\": true,\n      \"SaveAdaptMesh\": true,\n      \"Tol\": 0.0001,\n      \"UpdateFraction\": 0.7\n    }\n  },\n  \"Problem\": {\n    \"Output\": \"postpro\",\n    \"OutputFormats\": {\n      \"GridFunction\": true,\n      \"Paraview\": true\n    },\n    \"Type\": \"Eigenmode\",\n    \"Verbose\": 2\n  },\n  \"Solver\": {\n    \"Device\": \"CPU\",\n    \"Eigenmode\": {\n      \"N\": 4,\n      \"Save\": 4,\n      \"Target\": 2.7,\n      \"Tol\": 1e-09\n    },\n    \"Linear\": {\n      \"MaxIts\": 1000,\n      \"Tol\": 1e-09,\n      \"Type\": \"Default\"\n    },\n    \"Order\": 1\n  }\n}\n", "truncated": false}, "base_mesh/palace.stdout.txt": {"size_bytes": 18006, "tail": "start 0) KSP residual norm 8.156825e-15\nGMRES solver converged in 2 iterations (avg. reduction factor: 1.251e-07)\n   Residual norms for GMRES solve\n   0 (restart 0) KSP residual norm 2.534717e-01\n   1 (restart 0) KSP residual norm 3.825368e-08\n   2 (restart 0) KSP residual norm 5.962386e-15\nGMRES solver converged in 2 iterations (avg. reduction factor: 1.534e-07)\n   Residual norms for GMRES solve\n   0 (restart 0) KSP residual norm 1.564640e-01\n   1 (restart 0) KSP residual norm 2.762412e-08\n   2 (restart 0) KSP residual norm 2.384405e-15\nGMRES solver converged in 2 iterations (avg. reduction factor: 1.234e-07)\n   Residual norms for GMRES solve\n   0 (restart 0) KSP residual norm 2.928574e-01\n   1 (restart 0) KSP residual norm 4.974394e-08\n   2 (restart 0) KSP residual norm 5.135107e-15\nGMRES solver converged in 2 iterations (avg. reduction factor: 1.324e-07)\n   Residual norms for GMRES solve\n   0 (restart 0) KSP residual norm 2.969997e-01\n   1 (restart 0) KSP residual norm 5.144795e-08\n   2 (restart 0) KSP residual norm 6.999328e-15\nGMRES solver converged in 2 iterations (avg. reduction factor: 1.535e-07)\n   Residual norms for GMRES solve\n   0 (restart 0) KSP residual norm 3.002090e-01\n   1 (restart 0) KSP residual norm 3.036601e-08\n   2 (restart 0) KSP residual norm 6.804588e-15\nGMRES solver converged in 2 iterations (avg. reduction factor: 1.506e-07)\n   Residual norms for GMRES solve\n   0 (restart 0) KSP residual norm 3.902644e-01\n   1 (restart 0) KSP residual norm 3.887151e-08\n   2 (restart 0) KSP residual norm 6.790453e-15\nGMRES solver converged in 2 iterations (avg. reduction factor: 1.319e-07)\n   Residual norms for GMRES solve\n   0 (restart 0) KSP residual norm 3.406004e-01\n   1 (restart 0) KSP residual norm 3.751601e-08\n   2 (restart 0) KSP residual norm 6.532816e-15\nGMRES solver converged in 2 iterations (avg. reduction factor: 1.385e-07)\n   Residual norms for GMRES solve\n   0 (restart 0) KSP residual norm 2.362821e-01\n   1 (restart 0) KSP residual norm 3.054276e-08\n   2 (restart 0) KSP residual norm 5.255484e-15\nGMRES solver converged in 2 iterations (avg. reduction factor: 1.491e-07)\n   Residual norms for GMRES solve\n   0 (restart 0) KSP residual norm 3.602671e-01\n   1 (restart 0) KSP residual norm 2.791419e-08\n   2 (restart 0) KSP residual norm 1.033499e-14\nGMRES solver converged in 2 iterations (avg. reduction factor: 1.694e-07)\n   Residual norms for GMRES solve\n   0 (restart 0) KSP residual norm 9.791528e-02\n   1 (restart 0) KSP residual norm 1.677002e-08\n   2 (restart 0) KSP residual norm 1.948846e-15\nGMRES solver converged in 2 iterations (avg. reduction factor: 1.411e-07)\n   Residual norms for GMRES solve\n   0 (restart 0) KSP residual norm 1.832125e-01\n   1 (restart 0) KSP residual norm 2.127494e-08\n   2 (restart 0) KSP residual norm 5.024997e-15\nGMRES solver converged in 2 iterations (avg. reduction factor: 1.656e-07)\n   Residual norms for GMRES solve\n   0 (restart 0) KSP residual norm 4.632115e-02\n   1 (restart 0) KSP residual norm 6.822281e-09\n   2 (restart 0) KSP residual norm 1.147969e-15\nGMRES solver converged in 2 iterations (avg. reduction factor: 1.574e-07)\n   Residual norms for GMRES solve\n   0 (restart 0) KSP residual norm 5.955412e-02\n   1 (restart 0) KSP residual norm 7.933897e-09\n   2 (restart 0) KSP residual norm 1.025996e-15\nGMRES solver converged in 2 iterations (avg. reduction factor: 1.313e-07)\n\n ARPACK EPS eigensolve converged (4 eigenpairs); iterations 1\n Total number of linear systems solved: 19\n Total number of linear solver iterations: 38\n Found 4 converged eigenvalues (first = 3.731e-01+3.434e-07i)\n\nComputing solution error estimates and performing postprocessing\n\n     m,        Re{f} (GHz),        Im{f} (GHz),                  Q,      Error (Bkwd.),       Error (Abs.)\n     1,      +5.617129e+00,      +2.584731e-06,      +1.086598e+06,      +5.843047e-17,      +6.148347e-12\n Wrote mode 1 to disk (Paraview)\n Wrote mode 1 to disk (grid function)\n     2,      +6.109230e+00,      +2.810907e-06,      +1.086701e+06,      +6.727587e-17,      +7.079106e-12\n Wrote mode 2 to disk (Paraview)\n", "truncated": true}, "base_mesh/palace.stderr.txt": {"size_bytes": 0, "tail": "", "truncated": false}, "base_mesh/resource_summary.json": {"unavailable": "FileNotFoundError"}, "base_mesh/resource_samples.json": {"unavailable": "FileNotFoundError"}}, "cgroup_path": "/system.slice/hosted-compute-agent.service", "cgroup_memory": {"memory.current": {"size_bytes": 0, "tail": "15569268736\n", "truncated": false}, "memory.peak": {"size_bytes": 0, "tail": "15823683584\n", "truncated": false}, "memory.max": {"size_bytes": 0, "tail": "max\n", "truncated": false}, "memory.events": {"size_bytes": 0, "tail": "low 0\nhigh 0\nmax 0\noom 0\noom_kill 0\noom_group_kill 0\n", "truncated": false}}, "process_columns": "pid ppid rss_KiB vsz_KiB cpu_percent command_name", "largest_processes": [" 680588  680539 7278640 7620204 99.9 palace-x86_64.b", " 680591  680539 6950828 7306108 99.9 palace-x86_64.b", "   2105    2102 125460 1431768 0.2 provjobd1430605", "   2297    2277 105960 274501996 0.4 Runner.Worker", " 680278  680275 83460 1295316 1.9 textlayout", "   2277    2089 76820 274411092 0.0 Runner.Listener", "   1387       1 60428 2045424 0.0 dockerd", "    218       1 43716 305388  0.0 multipathd", "   1009       1 43196 295288  0.0 php-fpm8.3", "   1083       1 36740 1960792 0.0 containerd", "   1390    1044 30832 454664  0.0 python3", " 680275  680273 26260 216752  0.0 uv"]}
palace	UNKNOWN STEP	2026-10-05T11:50:05.7064535Z {"schema": "textlayout.palace-ci-observation.v1", "timestamp": "2026-10-05T11:50:05.683127+00:00", "scope": "host/process diagnostics; not numerical validation", "meminfo": {"size_bytes": 1615, "head": "MemTotal:       16373452 kB\nMemFree:          366188 kB\nMemAvailable:     989016 kB\nBuffers:           13628 kB\nCached:           743992 kB\nSwapCached:          364 kB\nActive:          2074512 kB\nInactive:       13256820 kB\nActive(anon):    1973584 kB\nInactive(anon): 12679672 kB\nActive(file):     100928 kB\nInactive(file):   577148 kB\nUnevictable:       46780 kB\nMlocked:           43708 kB\nSwapTotal:       3145724 kB\nSwapFree:        3139408 kB\nZswap:                 0 kB\nZswapped:              0 kB\nDirty:             53512 kB\nWriteback:             0 kB\nAnonPages:      14616172 kB\nMapped:           262188 kB\nShmem:             70792 kB\nKReclaimable:     290704 kB\nSlab:             393812 kB\nSReclaimable:     290704 kB\nSUnreclaim:       103108 kB\nKernelStack:        4300 kB\nPageTables:        36480 kB\nSecPageTables:         0 kB\nNFS_Unstable:          0 kB\nBounce:                0 kB\nWritebackTmp:          0 kB\nCommitLimit:    11332448 kB\nCommitted_AS:   17413596 kB\nVmallocTotal:   34359738367 kB\nVmallocUsed:       39680 kB\nVmallocChunk:          0 kB\nPercpu:             2400 kB\nHardwareCorrupted:     0 kB\nAnonHugePages:   6238208 kB\nShmemHugePages:        0 kB\nShmemPmdMapped:        0 kB\nFileHugePages:         0 kB\nFilePmdMapped:         0 kB\nCmaTotal:              0 kB\nCmaFree:               0 kB\nUnaccepted:            0 kB\nBalloon:               0 kB\nHugePages_Total:       0\nHugePages_Free:        0\nHugePages_Rsvd:        0\nHugePages_Surp:        0\nHugepagesize:       2048 kB\nHugetlb:               0 kB\nDirectMap4k:      109696 kB\nDirectMap2M:     4079616 kB\nDirectMap1G:    14680064 kB\n", "truncated": false, "read_mode": "bounded_prefix"}, "files": {"toolchain.json": {"size_bytes": 3922, "tail": "{\n  \"capability\": {\n    \"available\": true,\n    \"container_digest\": null,\n    \"container_engine\": null,\n    \"container_image\": null,\n    \"executable\": \"/home/runner/.cache/textlayout-palace/spack-opt/linux-x86_64_v3/palace-0.17.0-737ugntl33fa5wjglayhp7ojkezkti5s/bin/palace\",\n    \"executable_sha256\": \"ad43ec030f51435f32150a5c72cb324ca03083d2ffc2f91405bbf41c6bc2240f\",\n    \"execution_kind\": \"executable\",\n    \"identified\": true,\n    \"mpi_launcher\": \"/usr/bin/mpirun\",\n    \"status\": \"AVAILABLE\",\n    \"unavailable_reason\": null,\n    \"version\": \"0.17.0\"\n  },\n  \"generated_at\": \"2026-10-05T11:41:06+00:00\",\n  \"git_commit\": \"7b435483afaa5a8cdbfec25c9f6de030605eff13\",\n  \"gmsh\": {\n    \"available\": true,\n    \"expected_version\": \"4.15.2\",\n    \"module\": \"/home/runner/work/Text-to-Layout/Text-to-Layout/.venv/lib/python3.12/site-packages/gmsh.py\",\n    \"module_sha256\": \"f4b0935cebde899750293d87a643090e5ea33c9b18d249267f507db68a0e01c3\",\n    \"version\": \"4.15.2\"\n  },\n  \"install_record\": {\n    \"build_stage\": \"/home/runner/.cache/textlayout-palace/build-stage\",\n    \"compiler_and_mpi_tail\": [\n      \"[+] /home/runner/.cache/textlayout-palace/spack-opt/linux-x86_64_v3/palace-0.17.0-737ugntl33fa5wjglayhp7ojkezkti5s\",\n      \"==> Installing palace-0.17.0-737ugntl33fa5wjglayhp7ojkezkti5s [63/63]\",\n      \"==> Updating view at /home/runner/.cache/textlayout-palace/environment/.spack-env/view\",\n      \"gcc (Ubuntu 13.3.0-6ubuntu2~24.04.1) 13.3.0\",\n      \"g++ (Ubuntu 13.3.0-6ubuntu2~24.04.1) 13.3.0\",\n      \"GNU Fortran (Ubuntu 13.3.0-6ubuntu2~24.04.1) 13.3.0\",\n      \"mpirun (Open MPI) 4.1.6\",\n      \"\"\n    ],\n    \"compiler_versions\": {\n      \"gcc\": \"gcc (Ubuntu 13.3.0-6ubuntu2~24.04.1) 13.3.0\",\n      \"gfortran\": \"GNU Fortran (Ubuntu 13.3.0-6ubuntu2~24.04.1) 13.3.0\",\n      \"gxx\": \"g++ (Ubuntu 13.3.0-6ubuntu2~24.04.1) 13.3.0\"\n    },\n    \"git_commit\": \"7b435483afaa5a8cdbfec25c9f6de030605eff13\",\n    \"gmsh\": {\n      \"available\": true,\n      \"expected_version\": \"4.15.2\",\n      \"module\": \"/home/runner/work/Text-to-Layout/Text-to-Layout/.venv/lib/python3.12/site-packages/gmsh.py\",\n      \"module_sha256\": \"f4b0935cebde899750293d87a643090e5ea33c9b18d249267f507db68a0e01c3\",\n      \"version\": \"4.15.2\"\n    },\n    \"gmsh_version\": \"4.15.2\",\n    \"install_tree\": \"/home/runner/.cache/textlayout-palace/spack-opt\",\n    \"installed_at\": \"2026-10-05T11:40:47.866958+00:00\",\n    \"mpi_version\": \"mpirun (Open MPI) 4.1.6\",\n    \"native_root\": \"/home/runner/.cache/textlayout-palace\",\n    \"palace_commit\": \"12d8069afb5aa9e169a17e303d735e120968e9f2\",\n    \"palace_executable\": \"/home/runner/.cache/textlayout-palace/spack-opt/linux-x86_64_v3/palace-0.17.0-737ugntl33fa5wjglayhp7ojkezkti5s/bin/palace\",\n    \"palace_executable_sha256\": \"ad43ec030f51435f32150a5c72cb324ca03083d2ffc2f91405bbf41c6bc2240f\",\n    \"palace_version\": \"0.17.0\",\n    \"requested_version\": \"0.17.0\",\n    \"reused\": false,\n    \"schema\": \"textlayout.palace-install.v1\",\n    \"source_archive\": {\n      \"available\": true,\n      \"path\": \"/home/runner/work/Text-to-Layout/Text-to-Layout/.tools/external/sources/palace-12d8069afb5aa9e169a17e303d735e120968e9f2.tar.gz\",\n      \"sha256\": \"169f7fe210ea6e771a29bfe0803dd84a774b25b00d2aa3a1f33b9d97a510ff9d\",\n      \"size_bytes\": 47331791\n    },\n    \"source_archive_path\": \"/home/runner/work/Text-to-Layout/Text-to-Layout/.tools/external/sources/palace-12d8069afb5aa9e169a17e303d735e120968e9f2.tar.gz\",\n    \"source_archive_sha256\": \"169f7fe210ea6e771a29bfe0803dd84a774b25b00d2aa3a1f33b9d97a510ff9d\",\n    \"spack_commit\": \"0c2be44e4ece21eb091ad5de4c97716b7c6d4c87\",\n    \"spack_environment\": \"external_tools/palace/spack.yaml\",\n    \"spack_packages_commit\": \"a2928a3376d286ddbf07da62847d5ba5b0fa3c67\",\n    \"spack_runtime_cache\": \"/home/runner/.cache/textlayout-palace\",\n    \"spack_version\": \"1.1.0\",\n    \"status\": \"INSTALLED\",\n    \"strategy\": \"pinned_spack_wsl\"\n  },\n  \"required_palace_version\": \"0.17.0\",\n  \"schema\": \"textlayout.palace-toolchain.v1\"\n}\n", "truncated": false}, "resource_decision.json": {"size_bytes": 288, "tail": "{\n  \"accepted_processes\": 2,\n  \"available_mb\": 14815,\n  \"memory_tier\": \"unknown\",\n  \"preflight_peak_mb\": null,\n  \"rationale\": \"no peak-memory estimate available; honouring the requested count\",\n  \"requested_processes\": 2,\n  \"timestamp\": \"2026-10-05T11:41:06+00:00\",\n  \"total_mb\": 15989\n}\n", "truncated": false}, "run_manifest.json": {"unavailable": "FileNotFoundError"}, "base_mesh/mesh_metrics.json": {"size_bytes": 403, "tail": "{\n  \"element_count\": 206137,\n  \"extents\": {\n    \"lateral_margin_um\": 100.0,\n    \"lid_height_um\": 450.0,\n    \"substrate_thickness_um\": 300.0,\n    \"vacuum_height_um\": 300.0\n  },\n  \"mean_quality\": 0.7263143756565194,\n  \"mesh_scale\": 4.0,\n  \"mesh_sha256\": \"d2c7eee442ccec0b5acf7a37a98b61dd305b53bafb68f0d43dab3ba0dc2b069e\",\n  \"minimum_quality\": 0.15838171066132758,\n  \"runtime_seconds\": 7.345174475000022\n}\n", "truncated": false}, "base_mesh/palace_amr.json": {"size_bytes": 2038, "tail": "{\n  \"Boundaries\": {\n    \"PEC\": {\n      \"Attributes\": [\n        10,\n        11,\n        12,\n        30,\n        31\n      ]\n    }\n  },\n  \"Domains\": {\n    \"Materials\": [\n      {\n        \"Attributes\": [\n          1\n        ],\n        \"LossTan\": 1e-06,\n        \"Permeability\": 1.0,\n        \"Permittivity\": 11.45\n      },\n      {\n        \"Attributes\": [\n          2\n        ],\n        \"LossTan\": 1e-06,\n        \"Permeability\": 1.0,\n        \"Permittivity\": 11.45\n      },\n      {\n        \"Attributes\": [\n          3\n        ],\n        \"Permeability\": 1.0,\n        \"Permittivity\": 1.0\n      },\n      {\n        \"Attributes\": [\n          4\n        ],\n        \"Permeability\": 1.0,\n        \"Permittivity\": 1.0\n      },\n      {\n        \"Attributes\": [\n          5\n        ],\n        \"Permeability\": 1.0,\n        \"Permittivity\": 1.0\n      }\n    ],\n    \"Postprocessing\": {\n      \"Energy\": [\n        {\n          \"Attributes\": [\n            1\n          ],\n          \"Index\": 1\n        },\n        {\n          \"Attributes\": [\n            2\n          ],\n          \"Index\": 2\n        },\n        {\n          \"Attributes\": [\n            3\n          ],\n          \"Index\": 3\n        },\n        {\n          \"Attributes\": [\n            4\n          ],\n          \"Index\": 4\n        },\n        {\n          \"Attributes\": [\n            5\n          ],\n          \"Index\": 5\n        }\n      ]\n    }\n  },\n  \"Model\": {\n    \"L0\": 1e-06,\n    \"Mesh\": \"quarter_wave_base.msh\",\n    \"Refinement\": {\n      \"MaxIts\": 4,\n      \"Nonconformal\": false,\n      \"SaveAdaptIterations\": true,\n      \"SaveAdaptMesh\": true,\n      \"Tol\": 0.0001,\n      \"UpdateFraction\": 0.7\n    }\n  },\n  \"Problem\": {\n    \"Output\": \"postpro\",\n    \"OutputFormats\": {\n      \"GridFunction\": true,\n      \"Paraview\": true\n    },\n    \"Type\": \"Eigenmode\",\n    \"Verbose\": 2\n  },\n  \"Solver\": {\n    \"Device\": \"CPU\",\n    \"Eigenmode\": {\n      \"N\": 4,\n      \"Save\": 4,\n      \"Target\": 2.7,\n      \"Tol\": 1e-09\n    },\n    \"Linear\": {\n      \"MaxIts\": 1000,\n      \"Tol\": 1e-09,\n      \"Type\": \"Default\"\n    },\n    \"Order\": 1\n  }\n}\n", "truncated": false}, "base_mesh/palace.stdout.txt": {"size_bytes": 18044, "tail": "5\nGMRES solver converged in 2 iterations (avg. reduction factor: 1.251e-07)\n   Residual norms for GMRES solve\n   0 (restart 0) KSP residual norm 2.534717e-01\n   1 (restart 0) KSP residual norm 3.825368e-08\n   2 (restart 0) KSP residual norm 5.962386e-15\nGMRES solver converged in 2 iterations (avg. reduction factor: 1.534e-07)\n   Residual norms for GMRES solve\n   0 (restart 0) KSP residual norm 1.564640e-01\n   1 (restart 0) KSP residual norm 2.762412e-08\n   2 (restart 0) KSP residual norm 2.384405e-15\nGMRES solver converged in 2 iterations (avg. reduction factor: 1.234e-07)\n   Residual norms for GMRES solve\n   0 (restart 0) KSP residual norm 2.928574e-01\n   1 (restart 0) KSP residual norm 4.974394e-08\n   2 (restart 0) KSP residual norm 5.135107e-15\nGMRES solver converged in 2 iterations (avg. reduction factor: 1.324e-07)\n   Residual norms for GMRES solve\n   0 (restart 0) KSP residual norm 2.969997e-01\n   1 (restart 0) KSP residual norm 5.144795e-08\n   2 (restart 0) KSP residual norm 6.999328e-15\nGMRES solver converged in 2 iterations (avg. reduction factor: 1.535e-07)\n   Residual norms for GMRES solve\n   0 (restart 0) KSP residual norm 3.002090e-01\n   1 (restart 0) KSP residual norm 3.036601e-08\n   2 (restart 0) KSP residual norm 6.804588e-15\nGMRES solver converged in 2 iterations (avg. reduction factor: 1.506e-07)\n   Residual norms for GMRES solve\n   0 (restart 0) KSP residual norm 3.902644e-01\n   1 (restart 0) KSP residual norm 3.887151e-08\n   2 (restart 0) KSP residual norm 6.790453e-15\nGMRES solver converged in 2 iterations (avg. reduction factor: 1.319e-07)\n   Residual norms for GMRES solve\n   0 (restart 0) KSP residual norm 3.406004e-01\n   1 (restart 0) KSP residual norm 3.751601e-08\n   2 (restart 0) KSP residual norm 6.532816e-15\nGMRES solver converged in 2 iterations (avg. reduction factor: 1.385e-07)\n   Residual norms for GMRES solve\n   0 (restart 0) KSP residual norm 2.362821e-01\n   1 (restart 0) KSP residual norm 3.054276e-08\n   2 (restart 0) KSP residual norm 5.255484e-15\nGMRES solver converged in 2 iterations (avg. reduction factor: 1.491e-07)\n   Residual norms for GMRES solve\n   0 (restart 0) KSP residual norm 3.602671e-01\n   1 (restart 0) KSP residual norm 2.791419e-08\n   2 (restart 0) KSP residual norm 1.033499e-14\nGMRES solver converged in 2 iterations (avg. reduction factor: 1.694e-07)\n   Residual norms for GMRES solve\n   0 (restart 0) KSP residual norm 9.791528e-02\n   1 (restart 0) KSP residual norm 1.677002e-08\n   2 (restart 0) KSP residual norm 1.948846e-15\nGMRES solver converged in 2 iterations (avg. reduction factor: 1.411e-07)\n   Residual norms for GMRES solve\n   0 (restart 0) KSP residual norm 1.832125e-01\n   1 (restart 0) KSP residual norm 2.127494e-08\n   2 (restart 0) KSP residual norm 5.024997e-15\nGMRES solver converged in 2 iterations (avg. reduction factor: 1.656e-07)\n   Residual norms for GMRES solve\n   0 (restart 0) KSP residual norm 4.632115e-02\n   1 (restart 0) KSP residual norm 6.822281e-09\n   2 (restart 0) KSP residual norm 1.147969e-15\nGMRES solver converged in 2 iterations (avg. reduction factor: 1.574e-07)\n   Residual norms for GMRES solve\n   0 (restart 0) KSP residual norm 5.955412e-02\n   1 (restart 0) KSP residual norm 7.933897e-09\n   2 (restart 0) KSP residual norm 1.025996e-15\nGMRES solver converged in 2 iterations (avg. reduction factor: 1.313e-07)\n\n ARPACK EPS eigensolve converged (4 eigenpairs); iterations 1\n Total number of linear systems solved: 19\n Total number of linear solver iterations: 38\n Found 4 converged eigenvalues (first = 3.731e-01+3.434e-07i)\n\nComputing solution error estimates and performing postprocessing\n\n     m,        Re{f} (GHz),        Im{f} (GHz),                  Q,      Error (Bkwd.),       Error (Abs.)\n     1,      +5.617129e+00,      +2.584731e-06,      +1.086598e+06,      +5.843047e-17,      +6.148347e-12\n Wrote mode 1 to disk (Paraview)\n Wrote mode 1 to disk (grid function)\n     2,      +6.109230e+00,      +2.810907e-06,      +1.086701e+06,      +6.727587e-17,      +7.079106e-12\n Wrote mode 2 to disk (Paraview)\n Wrote mode 2 to disk (grid function)\n", "truncated": true}, "base_mesh/palace.stderr.txt": {"size_bytes": 0, "tail": "", "truncated": false}, "base_mesh/resource_summary.json": {"unavailable": "FileNotFoundError"}, "base_mesh/resource_samples.json": {"unavailable": "FileNotFoundError"}}, "cgroup_path": "/system.slice/hosted-compute-agent.service", "cgroup_memory": {"memory.current": {"size_bytes": 0, "tail": "15625326592\n", "truncated": false}, "memory.peak": {"size_bytes": 0, "tail": "15823683584\n", "truncated": false}, "memory.max": {"size_bytes": 0, "tail": "max\n", "truncated": false}, "memory.events": {"size_bytes": 0, "tail": "low 0\nhigh 0\nmax 0\noom 0\noom_kill 0\noom_group_kill 0\n", "truncated": false}}, "process_columns": "pid ppid rss_KiB vsz_KiB cpu_percent command_name", "largest_processes": [" 680588  680539 7278640 7620204 99.9 palace-x86_64.b", " 680591  680539 6950828 7306108 99.9 palace-x86_64.b", "   2105    2102 125520 1431768 0.2 provjobd1430605", "   2297    2277 111412 274502000 0.4 Runner.Worker", " 680278  680275 83460 1295316 1.8 textlayout", "   2277    2089 77196 274411108 0.0 Runner.Listener", "   1387       1 60428 2045424 0.0 dockerd", "    218       1 43716 305388  0.0 multipathd", "   1009       1 43196 295288  0.0 php-fpm8.3", "   1083       1 36740 1960792 0.0 containerd", "   1390    1044 30832 454664  0.0 python3", " 680275  680273 26260 216752  0.0 uv"]}
palace	UNKNOWN STEP	2026-10-05T11:50:35.7219462Z {"schema": "textlayout.palace-ci-observation.v1", "timestamp": "2026-10-05T11:50:35.698335+00:00", "scope": "host/process diagnostics; not numerical validation", "meminfo": {"size_bytes": 1615, "head": "MemTotal:       16373452 kB\nMemFree:          292164 kB\nMemAvailable:     983828 kB\nBuffers:           13768 kB\nCached:           808628 kB\nSwapCached:          772 kB\nActive:          2100392 kB\nInactive:       13294872 kB\nActive(anon):    1992604 kB\nInactive(anon): 12660072 kB\nActive(file):     107788 kB\nInactive(file):   634800 kB\nUnevictable:       46780 kB\nMlocked:           43708 kB\nSwapTotal:       3145724 kB\nSwapFree:        3138764 kB\nZswap:                 0 kB\nZswapped:              0 kB\nDirty:             63824 kB\nWriteback:             0 kB\nAnonPages:      14615100 kB\nMapped:           264316 kB\nShmem:             70792 kB\nKReclaimable:     295028 kB\nSlab:             398100 kB\nSReclaimable:     295028 kB\nSUnreclaim:       103072 kB\nKernelStack:        4228 kB\nPageTables:        36104 kB\nSecPageTables:         0 kB\nNFS_Unstable:          0 kB\nBounce:                0 kB\nWritebackTmp:          0 kB\nCommitLimit:    11332448 kB\nCommitted_AS:   17397328 kB\nVmallocTotal:   34359738367 kB\nVmallocUsed:       39632 kB\nVmallocChunk:          0 kB\nPercpu:             2400 kB\nHardwareCorrupted:     0 kB\nAnonHugePages:   6250496 kB\nShmemHugePages:        0 kB\nShmemPmdMapped:        0 kB\nFileHugePages:         0 kB\nFilePmdMapped:         0 kB\nCmaTotal:              0 kB\nCmaFree:               0 kB\nUnaccepted:            0 kB\nBalloon:               0 kB\nHugePages_Total:       0\nHugePages_Free:        0\nHugePages_Rsvd:        0\nHugePages_Surp:        0\nHugepagesize:       2048 kB\nHugetlb:               0 kB\nDirectMap4k:      109696 kB\nDirectMap2M:     4079616 kB\nDirectMap1G:    14680064 kB\n", "truncated": false, "read_mode": "bounded_prefix"}, "files": {"toolchain.json": {"size_bytes": 3922, "tail": "{\n  \"capability\": {\n    \"available\": true,\n    \"container_digest\": null,\n    \"container_engine\": null,\n    \"container_image\": null,\n    \"executable\": \"/home/runner/.cache/textlayout-palace/spack-opt/linux-x86_64_v3/palace-0.17.0-737ugntl33fa5wjglayhp7ojkezkti5s/bin/palace\",\n    \"executable_sha256\": \"ad43ec030f51435f32150a5c72cb324ca03083d2ffc2f91405bbf41c6bc2240f\",\n    \"execution_kind\": \"executable\",\n    \"identified\": true,\n    \"mpi_launcher\": \"/usr/bin/mpirun\",\n    \"status\": \"AVAILABLE\",\n    \"unavailable_reason\": null,\n    \"version\": \"0.17.0\"\n  },\n  \"generated_at\": \"2026-10-05T11:41:06+00:00\",\n  \"git_commit\": \"7b435483afaa5a8cdbfec25c9f6de030605eff13\",\n  \"gmsh\": {\n    \"available\": true,\n    \"expected_version\": \"4.15.2\",\n    \"module\": \"/home/runner/work/Text-to-Layout/Text-to-Layout/.venv/lib/python3.12/site-packages/gmsh.py\",\n    \"module_sha256\": \"f4b0935cebde899750293d87a643090e5ea33c9b18d249267f507db68a0e01c3\",\n    \"version\": \"4.15.2\"\n  },\n  \"install_record\": {\n    \"build_stage\": \"/home/runner/.cache/textlayout-palace/build-stage\",\n    \"compiler_and_mpi_tail\": [\n      \"[+] /home/runner/.cache/textlayout-palace/spack-opt/linux-x86_64_v3/palace-0.17.0-737ugntl33fa5wjglayhp7ojkezkti5s\",\n      \"==> Installing palace-0.17.0-737ugntl33fa5wjglayhp7ojkezkti5s [63/63]\",\n      \"==> Updating view at /home/runner/.cache/textlayout-palace/environment/.spack-env/view\",\n      \"gcc (Ubuntu 13.3.0-6ubuntu2~24.04.1) 13.3.0\",\n      \"g++ (Ubuntu 13.3.0-6ubuntu2~24.04.1) 13.3.0\",\n      \"GNU Fortran (Ubuntu 13.3.0-6ubuntu2~24.04.1) 13.3.0\",\n      \"mpirun (Open MPI) 4.1.6\",\n      \"\"\n    ],\n    \"compiler_versions\": {\n      \"gcc\": \"gcc (Ubuntu 13.3.0-6ubuntu2~24.04.1) 13.3.0\",\n      \"gfortran\": \"GNU Fortran (Ubuntu 13.3.0-6ubuntu2~24.04.1) 13.3.0\",\n      \"gxx\": \"g++ (Ubuntu 13.3.0-6ubuntu2~24.04.1) 13.3.0\"\n    },\n    \"git_commit\": \"7b435483afaa5a8cdbfec25c9f6de030605eff13\",\n    \"gmsh\": {\n      \"available\": true,\n      \"expected_version\": \"4.15.2\",\n      \"module\": \"/home/runner/work/Text-to-Layout/Text-to-Layout/.venv/lib/python3.12/site-packages/gmsh.py\",\n      \"module_sha256\": \"f4b0935cebde899750293d87a643090e5ea33c9b18d249267f507db68a0e01c3\",\n      \"version\": \"4.15.2\"\n    },\n    \"gmsh_version\": \"4.15.2\",\n    \"install_tree\": \"/home/runner/.cache/textlayout-palace/spack-opt\",\n    \"installed_at\": \"2026-10-05T11:40:47.866958+00:00\",\n    \"mpi_version\": \"mpirun (Open MPI) 4.1.6\",\n    \"native_root\": \"/home/runner/.cache/textlayout-palace\",\n    \"palace_commit\": \"12d8069afb5aa9e169a17e303d735e120968e9f2\",\n    \"palace_executable\": \"/home/runner/.cache/textlayout-palace/spack-opt/linux-x86_64_v3/palace-0.17.0-737ugntl33fa5wjglayhp7ojkezkti5s/bin/palace\",\n    \"palace_executable_sha256\": \"ad43ec030f51435f32150a5c72cb324ca03083d2ffc2f91405bbf41c6bc2240f\",\n    \"palace_version\": \"0.17.0\",\n    \"requested_version\": \"0.17.0\",\n    \"reused\": false,\n    \"schema\": \"textlayout.palace-install.v1\",\n    \"source_archive\": {\n      \"available\": true,\n      \"path\": \"/home/runner/work/Text-to-Layout/Text-to-Layout/.tools/external/sources/palace-12d8069afb5aa9e169a17e303d735e120968e9f2.tar.gz\",\n      \"sha256\": \"169f7fe210ea6e771a29bfe0803dd84a774b25b00d2aa3a1f33b9d97a510ff9d\",\n      \"size_bytes\": 47331791\n    },\n    \"source_archive_path\": \"/home/runner/work/Text-to-Layout/Text-to-Layout/.tools/external/sources/palace-12d8069afb5aa9e169a17e303d735e120968e9f2.tar.gz\",\n    \"source_archive_sha256\": \"169f7fe210ea6e771a29bfe0803dd84a774b25b00d2aa3a1f33b9d97a510ff9d\",\n    \"spack_commit\": \"0c2be44e4ece21eb091ad5de4c97716b7c6d4c87\",\n    \"spack_environment\": \"external_tools/palace/spack.yaml\",\n    \"spack_packages_commit\": \"a2928a3376d286ddbf07da62847d5ba5b0fa3c67\",\n    \"spack_runtime_cache\": \"/home/runner/.cache/textlayout-palace\",\n    \"spack_version\": \"1.1.0\",\n    \"status\": \"INSTALLED\",\n    \"strategy\": \"pinned_spack_wsl\"\n  },\n  \"required_palace_version\": \"0.17.0\",\n  \"schema\": \"textlayout.palace-toolchain.v1\"\n}\n", "truncated": false}, "resource_decision.json": {"size_bytes": 288, "tail": "{\n  \"accepted_processes\": 2,\n  \"available_mb\": 14815,\n  \"memory_tier\": \"unknown\",\n  \"preflight_peak_mb\": null,\n  \"rationale\": \"no peak-memory estimate available; honouring the requested count\",\n  \"requested_processes\": 2,\n  \"timestamp\": \"2026-10-05T11:41:06+00:00\",\n  \"total_mb\": 15989\n}\n", "truncated": false}, "run_manifest.json": {"unavailable": "FileNotFoundError"}, "base_mesh/mesh_metrics.json": {"size_bytes": 403, "tail": "{\n  \"element_count\": 206137,\n  \"extents\": {\n    \"lateral_margin_um\": 100.0,\n    \"lid_height_um\": 450.0,\n    \"substrate_thickness_um\": 300.0,\n    \"vacuum_height_um\": 300.0\n  },\n  \"mean_quality\": 0.7263143756565194,\n  \"mesh_scale\": 4.0,\n  \"mesh_sha256\": \"d2c7eee442ccec0b5acf7a37a98b61dd305b53bafb68f0d43dab3ba0dc2b069e\",\n  \"minimum_quality\": 0.15838171066132758,\n  \"runtime_seconds\": 7.345174475000022\n}\n", "truncated": false}, "base_mesh/palace_amr.json": {"size_bytes": 2038, "tail": "{\n  \"Boundaries\": {\n    \"PEC\": {\n      \"Attributes\": [\n        10,\n        11,\n        12,\n        30,\n        31\n      ]\n    }\n  },\n  \"Domains\": {\n    \"Materials\": [\n      {\n        \"Attributes\": [\n          1\n        ],\n        \"LossTan\": 1e-06,\n        \"Permeability\": 1.0,\n        \"Permittivity\": 11.45\n      },\n      {\n        \"Attributes\": [\n          2\n        ],\n        \"LossTan\": 1e-06,\n        \"Permeability\": 1.0,\n        \"Permittivity\": 11.45\n      },\n      {\n        \"Attributes\": [\n          3\n        ],\n        \"Permeability\": 1.0,\n        \"Permittivity\": 1.0\n      },\n      {\n        \"Attributes\": [\n          4\n        ],\n        \"Permeability\": 1.0,\n        \"Permittivity\": 1.0\n      },\n      {\n        \"Attributes\": [\n          5\n        ],\n        \"Permeability\": 1.0,\n        \"Permittivity\": 1.0\n      }\n    ],\n    \"Postprocessing\": {\n      \"Energy\": [\n        {\n          \"Attributes\": [\n            1\n          ],\n          \"Index\": 1\n        },\n        {\n          \"Attributes\": [\n            2\n          ],\n          \"Index\": 2\n        },\n        {\n          \"Attributes\": [\n            3\n          ],\n          \"Index\": 3\n        },\n        {\n          \"Attributes\": [\n            4\n          ],\n          \"Index\": 4\n        },\n        {\n          \"Attributes\": [\n            5\n          ],\n          \"Index\": 5\n        }\n      ]\n    }\n  },\n  \"Model\": {\n    \"L0\": 1e-06,\n    \"Mesh\": \"quarter_wave_base.msh\",\n    \"Refinement\": {\n      \"MaxIts\": 4,\n      \"Nonconformal\": false,\n      \"SaveAdaptIterations\": true,\n      \"SaveAdaptMesh\": true,\n      \"Tol\": 0.0001,\n      \"UpdateFraction\": 0.7\n    }\n  },\n  \"Problem\": {\n    \"Output\": \"postpro\",\n    \"OutputFormats\": {\n      \"GridFunction\": true,\n      \"Paraview\": true\n    },\n    \"Type\": \"Eigenmode\",\n    \"Verbose\": 2\n  },\n  \"Solver\": {\n    \"Device\": \"CPU\",\n    \"Eigenmode\": {\n      \"N\": 4,\n      \"Save\": 4,\n      \"Target\": 2.7,\n      \"Tol\": 1e-09\n    },\n    \"Linear\": {\n      \"MaxIts\": 1000,\n      \"Tol\": 1e-09,\n      \"Type\": \"Default\"\n    },\n    \"Order\": 1\n  }\n}\n", "truncated": false}, "base_mesh/palace.stdout.txt": {"size_bytes": 18151, "tail": "ve\n   0 (restart 0) KSP residual norm 2.534717e-01\n   1 (restart 0) KSP residual norm 3.825368e-08\n   2 (restart 0) KSP residual norm 5.962386e-15\nGMRES solver converged in 2 iterations (avg. reduction factor: 1.534e-07)\n   Residual norms for GMRES solve\n   0 (restart 0) KSP residual norm 1.564640e-01\n   1 (restart 0) KSP residual norm 2.762412e-08\n   2 (restart 0) KSP residual norm 2.384405e-15\nGMRES solver converged in 2 iterations (avg. reduction factor: 1.234e-07)\n   Residual norms for GMRES solve\n   0 (restart 0) KSP residual norm 2.928574e-01\n   1 (restart 0) KSP residual norm 4.974394e-08\n   2 (restart 0) KSP residual norm 5.135107e-15\nGMRES solver converged in 2 iterations (avg. reduction factor: 1.324e-07)\n   Residual norms for GMRES solve\n   0 (restart 0) KSP residual norm 2.969997e-01\n   1 (restart 0) KSP residual norm 5.144795e-08\n   2 (restart 0) KSP residual norm 6.999328e-15\nGMRES solver converged in 2 iterations (avg. reduction factor: 1.535e-07)\n   Residual norms for GMRES solve\n   0 (restart 0) KSP residual norm 3.002090e-01\n   1 (restart 0) KSP residual norm 3.036601e-08\n   2 (restart 0) KSP residual norm 6.804588e-15\nGMRES solver converged in 2 iterations (avg. reduction factor: 1.506e-07)\n   Residual norms for GMRES solve\n   0 (restart 0) KSP residual norm 3.902644e-01\n   1 (restart 0) KSP residual norm 3.887151e-08\n   2 (restart 0) KSP residual norm 6.790453e-15\nGMRES solver converged in 2 iterations (avg. reduction factor: 1.319e-07)\n   Residual norms for GMRES solve\n   0 (restart 0) KSP residual norm 3.406004e-01\n   1 (restart 0) KSP residual norm 3.751601e-08\n   2 (restart 0) KSP residual norm 6.532816e-15\nGMRES solver converged in 2 iterations (avg. reduction factor: 1.385e-07)\n   Residual norms for GMRES solve\n   0 (restart 0) KSP residual norm 2.362821e-01\n   1 (restart 0) KSP residual norm 3.054276e-08\n   2 (restart 0) KSP residual norm 5.255484e-15\nGMRES solver converged in 2 iterations (avg. reduction factor: 1.491e-07)\n   Residual norms for GMRES solve\n   0 (restart 0) KSP residual norm 3.602671e-01\n   1 (restart 0) KSP residual norm 2.791419e-08\n   2 (restart 0) KSP residual norm 1.033499e-14\nGMRES solver converged in 2 iterations (avg. reduction factor: 1.694e-07)\n   Residual norms for GMRES solve\n   0 (restart 0) KSP residual norm 9.791528e-02\n   1 (restart 0) KSP residual norm 1.677002e-08\n   2 (restart 0) KSP residual norm 1.948846e-15\nGMRES solver converged in 2 iterations (avg. reduction factor: 1.411e-07)\n   Residual norms for GMRES solve\n   0 (restart 0) KSP residual norm 1.832125e-01\n   1 (restart 0) KSP residual norm 2.127494e-08\n   2 (restart 0) KSP residual norm 5.024997e-15\nGMRES solver converged in 2 iterations (avg. reduction factor: 1.656e-07)\n   Residual norms for GMRES solve\n   0 (restart 0) KSP residual norm 4.632115e-02\n   1 (restart 0) KSP residual norm 6.822281e-09\n   2 (restart 0) KSP residual norm 1.147969e-15\nGMRES solver converged in 2 iterations (avg. reduction factor: 1.574e-07)\n   Residual norms for GMRES solve\n   0 (restart 0) KSP residual norm 5.955412e-02\n   1 (restart 0) KSP residual norm 7.933897e-09\n   2 (restart 0) KSP residual norm 1.025996e-15\nGMRES solver converged in 2 iterations (avg. reduction factor: 1.313e-07)\n\n ARPACK EPS eigensolve converged (4 eigenpairs); iterations 1\n Total number of linear systems solved: 19\n Total number of linear solver iterations: 38\n Found 4 converged eigenvalues (first = 3.731e-01+3.434e-07i)\n\nComputing solution error estimates and performing postprocessing\n\n     m,        Re{f} (GHz),        Im{f} (GHz),                  Q,      Error (Bkwd.),       Error (Abs.)\n     1,      +5.617129e+00,      +2.584731e-06,      +1.086598e+06,      +5.843047e-17,      +6.148347e-12\n Wrote mode 1 to disk (Paraview)\n Wrote mode 1 to disk (grid function)\n     2,      +6.109230e+00,      +2.810907e-06,      +1.086701e+06,      +6.727587e-17,      +7.079106e-12\n Wrote mode 2 to disk (Paraview)\n Wrote mode 2 to disk (grid function)\n     3,      +1.140031e+01,      +5.240650e-06,      +1.087681e+06,      +1.882828e-16,      +1.981212e-11\n", "truncated": true}, "base_mesh/palace.stderr.txt": {"size_bytes": 0, "tail": "", "truncated": false}, "base_mesh/resource_summary.json": {"unavailable": "FileNotFoundError"}, "base_mesh/resource_samples.json": {"unavailable": "FileNotFoundError"}}, "cgroup_path": "/system.slice/hosted-compute-agent.service", "cgroup_memory": {"memory.current": {"size_bytes": 0, "tail": "15693135872\n", "truncated": false}, "memory.peak": {"size_bytes": 0, "tail": "15823683584\n", "truncated": false}, "memory.max": {"size_bytes": 0, "tail": "max\n", "truncated": false}, "memory.events": {"size_bytes": 0, "tail": "low 0\nhigh 0\nmax 0\noom 0\noom_kill 0\noom_group_kill 0\n", "truncated": false}}, "process_columns": "pid ppid rss_KiB vsz_KiB cpu_percent command_name", "largest_processes": [" 680588  680539 7278640 7620204 99.9 palace-x86_64.b", " 680591  680539 6950828 7306108 99.9 palace-x86_64.b", "   2105    2102 125368 1431768 0.2 provjobd1430605", "   2297    2277 113280 274485612 0.4 Runner.Worker", " 680278  680275 83596 1295316 1.7 textlayout", "   2277    2089 75776 274411092 0.0 Runner.Listener", "   1387       1 60460 2045424 0.0 dockerd", "    218       1 43716 305388  0.0 multipathd", "   1009       1 43124 295288  0.0 php-fpm8.3", "   1083       1 36740 1960792 0.0 containerd", "   1390    1044 30188 454664  0.0 python3", " 680275  680273 26260 216752  0.0 uv"]}
palace	UNKNOWN STEP	2026-10-05T11:51:05.7371108Z {"schema": "textlayout.palace-ci-observation.v1", "timestamp": "2026-10-05T11:51:05.714260+00:00", "scope": "host/process diagnostics; not numerical validation", "meminfo": {"size_bytes": 1615, "head": "MemTotal:       16373452 kB\nMemFree:          268464 kB\nMemAvailable:    1001104 kB\nBuffers:           13744 kB\nCached:           847704 kB\nSwapCached:          708 kB\nActive:          2157176 kB\nInactive:       13278792 kB\nActive(anon):    2048940 kB\nInactive(anon): 12605124 kB\nActive(file):     108236 kB\nInactive(file):   673668 kB\nUnevictable:       46780 kB\nMlocked:           43708 kB\nSwapTotal:       3145724 kB\nSwapFree:        3138764 kB\nZswap:                 0 kB\nZswapped:              0 kB\nDirty:             46116 kB\nWriteback:             0 kB\nAnonPages:      14616544 kB\nMapped:           264468 kB\nShmem:             70792 kB\nKReclaimable:     296688 kB\nSlab:             399812 kB\nSReclaimable:     296688 kB\nSUnreclaim:       103124 kB\nKernelStack:        4272 kB\nPageTables:        36212 kB\nSecPageTables:         0 kB\nNFS_Unstable:          0 kB\nBounce:                0 kB\nWritebackTmp:          0 kB\nCommitLimit:    11332448 kB\nCommitted_AS:   17397328 kB\nVmallocTotal:   34359738367 kB\nVmallocUsed:       39648 kB\nVmallocChunk:          0 kB\nPercpu:             2400 kB\nHardwareCorrupted:     0 kB\nAnonHugePages:   6299648 kB\nShmemHugePages:        0 kB\nShmemPmdMapped:        0 kB\nFileHugePages:         0 kB\nFilePmdMapped:         0 kB\nCmaTotal:              0 kB\nCmaFree:               0 kB\nUnaccepted:            0 kB\nBalloon:               0 kB\nHugePages_Total:       0\nHugePages_Free:        0\nHugePages_Rsvd:        0\nHugePages_Surp:        0\nHugepagesize:       2048 kB\nHugetlb:               0 kB\nDirectMap4k:      109696 kB\nDirectMap2M:     4079616 kB\nDirectMap1G:    14680064 kB\n", "truncated": false, "read_mode": "bounded_prefix"}, "files": {"toolchain.json": {"size_bytes": 3922, "tail": "{\n  \"capability\": {\n    \"available\": true,\n    \"container_digest\": null,\n    \"container_engine\": null,\n    \"container_image\": null,\n    \"executable\": \"/home/runner/.cache/textlayout-palace/spack-opt/linux-x86_64_v3/palace-0.17.0-737ugntl33fa5wjglayhp7ojkezkti5s/bin/palace\",\n    \"executable_sha256\": \"ad43ec030f51435f32150a5c72cb324ca03083d2ffc2f91405bbf41c6bc2240f\",\n    \"execution_kind\": \"executable\",\n    \"identified\": true,\n    \"mpi_launcher\": \"/usr/bin/mpirun\",\n    \"status\": \"AVAILABLE\",\n    \"unavailable_reason\": null,\n    \"version\": \"0.17.0\"\n  },\n  \"generated_at\": \"2026-10-05T11:41:06+00:00\",\n  \"git_commit\": \"7b435483afaa5a8cdbfec25c9f6de030605eff13\",\n  \"gmsh\": {\n    \"available\": true,\n    \"expected_version\": \"4.15.2\",\n    \"module\": \"/home/runner/work/Text-to-Layout/Text-to-Layout/.venv/lib/python3.12/site-packages/gmsh.py\",\n    \"module_sha256\": \"f4b0935cebde899750293d87a643090e5ea33c9b18d249267f507db68a0e01c3\",\n    \"version\": \"4.15.2\"\n  },\n  \"install_record\": {\n    \"build_stage\": \"/home/runner/.cache/textlayout-palace/build-stage\",\n    \"compiler_and_mpi_tail\": [\n      \"[+] /home/runner/.cache/textlayout-palace/spack-opt/linux-x86_64_v3/palace-0.17.0-737ugntl33fa5wjglayhp7ojkezkti5s\",\n      \"==> Installing palace-0.17.0-737ugntl33fa5wjglayhp7ojkezkti5s [63/63]\",\n      \"==> Updating view at /home/runner/.cache/textlayout-palace/environment/.spack-env/view\",\n      \"gcc (Ubuntu 13.3.0-6ubuntu2~24.04.1) 13.3.0\",\n      \"g++ (Ubuntu 13.3.0-6ubuntu2~24.04.1) 13.3.0\",\n      \"GNU Fortran (Ubuntu 13.3.0-6ubuntu2~24.04.1) 13.3.0\",\n      \"mpirun (Open MPI) 4.1.6\",\n      \"\"\n    ],\n    \"compiler_versions\": {\n      \"gcc\": \"gcc (Ubuntu 13.3.0-6ubuntu2~24.04.1) 13.3.0\",\n      \"gfortran\": \"GNU Fortran (Ubuntu 13.3.0-6ubuntu2~24.04.1) 13.3.0\",\n      \"gxx\": \"g++ (Ubuntu 13.3.0-6ubuntu2~24.04.1) 13.3.0\"\n    },\n    \"git_commit\": \"7b435483afaa5a8cdbfec25c9f6de030605eff13\",\n    \"gmsh\": {\n      \"available\": true,\n      \"expected_version\": \"4.15.2\",\n      \"module\": \"/home/runner/work/Text-to-Layout/Text-to-Layout/.venv/lib/python3.12/site-packages/gmsh.py\",\n      \"module_sha256\": \"f4b0935cebde899750293d87a643090e5ea33c9b18d249267f507db68a0e01c3\",\n      \"version\": \"4.15.2\"\n    },\n    \"gmsh_version\": \"4.15.2\",\n    \"install_tree\": \"/home/runner/.cache/textlayout-palace/spack-opt\",\n    \"installed_at\": \"2026-10-05T11:40:47.866958+00:00\",\n    \"mpi_version\": \"mpirun (Open MPI) 4.1.6\",\n    \"native_root\": \"/home/runner/.cache/textlayout-palace\",\n    \"palace_commit\": \"12d8069afb5aa9e169a17e303d735e120968e9f2\",\n    \"palace_executable\": \"/home/runner/.cache/textlayout-palace/spack-opt/linux-x86_64_v3/palace-0.17.0-737ugntl33fa5wjglayhp7ojkezkti5s/bin/palace\",\n    \"palace_executable_sha256\": \"ad43ec030f51435f32150a5c72cb324ca03083d2ffc2f91405bbf41c6bc2240f\",\n    \"palace_version\": \"0.17.0\",\n    \"requested_version\": \"0.17.0\",\n    \"reused\": false,\n    \"schema\": \"textlayout.palace-install.v1\",\n    \"source_archive\": {\n      \"available\": true,\n      \"path\": \"/home/runner/work/Text-to-Layout/Text-to-Layout/.tools/external/sources/palace-12d8069afb5aa9e169a17e303d735e120968e9f2.tar.gz\",\n      \"sha256\": \"169f7fe210ea6e771a29bfe0803dd84a774b25b00d2aa3a1f33b9d97a510ff9d\",\n      \"size_bytes\": 47331791\n    },\n    \"source_archive_path\": \"/home/runner/work/Text-to-Layout/Text-to-Layout/.tools/external/sources/palace-12d8069afb5aa9e169a17e303d735e120968e9f2.tar.gz\",\n    \"source_archive_sha256\": \"169f7fe210ea6e771a29bfe0803dd84a774b25b00d2aa3a1f33b9d97a510ff9d\",\n    \"spack_commit\": \"0c2be44e4ece21eb091ad5de4c97716b7c6d4c87\",\n    \"spack_environment\": \"external_tools/palace/spack.yaml\",\n    \"spack_packages_commit\": \"a2928a3376d286ddbf07da62847d5ba5b0fa3c67\",\n    \"spack_runtime_cache\": \"/home/runner/.cache/textlayout-palace\",\n    \"spack_version\": \"1.1.0\",\n    \"status\": \"INSTALLED\",\n    \"strategy\": \"pinned_spack_wsl\"\n  },\n  \"required_palace_version\": \"0.17.0\",\n  \"schema\": \"textlayout.palace-toolchain.v1\"\n}\n", "truncated": false}, "resource_decision.json": {"size_bytes": 288, "tail": "{\n  \"accepted_processes\": 2,\n  \"available_mb\": 14815,\n  \"memory_tier\": \"unknown\",\n  \"preflight_peak_mb\": null,\n  \"rationale\": \"no peak-memory estimate available; honouring the requested count\",\n  \"requested_processes\": 2,\n  \"timestamp\": \"2026-10-05T11:41:06+00:00\",\n  \"total_mb\": 15989\n}\n", "truncated": false}, "run_manifest.json": {"unavailable": "FileNotFoundError"}, "base_mesh/mesh_metrics.json": {"size_bytes": 403, "tail": "{\n  \"element_count\": 206137,\n  \"extents\": {\n    \"lateral_margin_um\": 100.0,\n    \"lid_height_um\": 450.0,\n    \"substrate_thickness_um\": 300.0,\n    \"vacuum_height_um\": 300.0\n  },\n  \"mean_quality\": 0.7263143756565194,\n  \"mesh_scale\": 4.0,\n  \"mesh_sha256\": \"d2c7eee442ccec0b5acf7a37a98b61dd305b53bafb68f0d43dab3ba0dc2b069e\",\n  \"minimum_quality\": 0.15838171066132758,\n  \"runtime_seconds\": 7.345174475000022\n}\n", "truncated": false}, "base_mesh/palace_amr.json": {"size_bytes": 2038, "tail": "{\n  \"Boundaries\": {\n    \"PEC\": {\n      \"Attributes\": [\n        10,\n        11,\n        12,\n        30,\n        31\n      ]\n    }\n  },\n  \"Domains\": {\n    \"Materials\": [\n      {\n        \"Attributes\": [\n          1\n        ],\n        \"LossTan\": 1e-06,\n        \"Permeability\": 1.0,\n        \"Permittivity\": 11.45\n      },\n      {\n        \"Attributes\": [\n          2\n        ],\n        \"LossTan\": 1e-06,\n        \"Permeability\": 1.0,\n        \"Permittivity\": 11.45\n      },\n      {\n        \"Attributes\": [\n          3\n        ],\n        \"Permeability\": 1.0,\n        \"Permittivity\": 1.0\n      },\n      {\n        \"Attributes\": [\n          4\n        ],\n        \"Permeability\": 1.0,\n        \"Permittivity\": 1.0\n      },\n      {\n        \"Attributes\": [\n          5\n        ],\n        \"Permeability\": 1.0,\n        \"Permittivity\": 1.0\n      }\n    ],\n    \"Postprocessing\": {\n      \"Energy\": [\n        {\n          \"Attributes\": [\n            1\n          ],\n          \"Index\": 1\n        },\n        {\n          \"Attributes\": [\n            2\n          ],\n          \"Index\": 2\n        },\n        {\n          \"Attributes\": [\n            3\n          ],\n          \"Index\": 3\n        },\n        {\n          \"Attributes\": [\n            4\n          ],\n          \"Index\": 4\n        },\n        {\n          \"Attributes\": [\n            5\n          ],\n          \"Index\": 5\n        }\n      ]\n    }\n  },\n  \"Model\": {\n    \"L0\": 1e-06,\n    \"Mesh\": \"quarter_wave_base.msh\",\n    \"Refinement\": {\n      \"MaxIts\": 4,\n      \"Nonconformal\": false,\n      \"SaveAdaptIterations\": true,\n      \"SaveAdaptMesh\": true,\n      \"Tol\": 0.0001,\n      \"UpdateFraction\": 0.7\n    }\n  },\n  \"Problem\": {\n    \"Output\": \"postpro\",\n    \"OutputFormats\": {\n      \"GridFunction\": true,\n      \"Paraview\": true\n    },\n    \"Type\": \"Eigenmode\",\n    \"Verbose\": 2\n  },\n  \"Solver\": {\n    \"Device\": \"CPU\",\n    \"Eigenmode\": {\n      \"N\": 4,\n      \"Save\": 4,\n      \"Target\": 2.7,\n      \"Tol\": 1e-09\n    },\n    \"Linear\": {\n      \"MaxIts\": 1000,\n      \"Tol\": 1e-09,\n      \"Type\": \"Default\"\n    },\n    \"Order\": 1\n  }\n}\n", "truncated": false}, "base_mesh/palace.stdout.txt": {"size_bytes": 18222, "tail": " residual norm 3.825368e-08\n   2 (restart 0) KSP residual norm 5.962386e-15\nGMRES solver converged in 2 iterations (avg. reduction factor: 1.534e-07)\n   Residual norms for GMRES solve\n   0 (restart 0) KSP residual norm 1.564640e-01\n   1 (restart 0) KSP residual norm 2.762412e-08\n   2 (restart 0) KSP residual norm 2.384405e-15\nGMRES solver converged in 2 iterations (avg. reduction factor: 1.234e-07)\n   Residual norms for GMRES solve\n   0 (restart 0) KSP residual norm 2.928574e-01\n   1 (restart 0) KSP residual norm 4.974394e-08\n   2 (restart 0) KSP residual norm 5.135107e-15\nGMRES solver converged in 2 iterations (avg. reduction factor: 1.324e-07)\n   Residual norms for GMRES solve\n   0 (restart 0) KSP residual norm 2.969997e-01\n   1 (restart 0) KSP residual norm 5.144795e-08\n   2 (restart 0) KSP residual norm 6.999328e-15\nGMRES solver converged in 2 iterations (avg. reduction factor: 1.535e-07)\n   Residual norms for GMRES solve\n   0 (restart 0) KSP residual norm 3.002090e-01\n   1 (restart 0) KSP residual norm 3.036601e-08\n   2 (restart 0) KSP residual norm 6.804588e-15\nGMRES solver converged in 2 iterations (avg. reduction factor: 1.506e-07)\n   Residual norms for GMRES solve\n   0 (restart 0) KSP residual norm 3.902644e-01\n   1 (restart 0) KSP residual norm 3.887151e-08\n   2 (restart 0) KSP residual norm 6.790453e-15\nGMRES solver converged in 2 iterations (avg. reduction factor: 1.319e-07)\n   Residual norms for GMRES solve\n   0 (restart 0) KSP residual norm 3.406004e-01\n   1 (restart 0) KSP residual norm 3.751601e-08\n   2 (restart 0) KSP residual norm 6.532816e-15\nGMRES solver converged in 2 iterations (avg. reduction factor: 1.385e-07)\n   Residual norms for GMRES solve\n   0 (restart 0) KSP residual norm 2.362821e-01\n   1 (restart 0) KSP residual norm 3.054276e-08\n   2 (restart 0) KSP residual norm 5.255484e-15\nGMRES solver converged in 2 iterations (avg. reduction factor: 1.491e-07)\n   Residual norms for GMRES solve\n   0 (restart 0) KSP residual norm 3.602671e-01\n   1 (restart 0) KSP residual norm 2.791419e-08\n   2 (restart 0) KSP residual norm 1.033499e-14\nGMRES solver converged in 2 iterations (avg. reduction factor: 1.694e-07)\n   Residual norms for GMRES solve\n   0 (restart 0) KSP residual norm 9.791528e-02\n   1 (restart 0) KSP residual norm 1.677002e-08\n   2 (restart 0) KSP residual norm 1.948846e-15\nGMRES solver converged in 2 iterations (avg. reduction factor: 1.411e-07)\n   Residual norms for GMRES solve\n   0 (restart 0) KSP residual norm 1.832125e-01\n   1 (restart 0) KSP residual norm 2.127494e-08\n   2 (restart 0) KSP residual norm 5.024997e-15\nGMRES solver converged in 2 iterations (avg. reduction factor: 1.656e-07)\n   Residual norms for GMRES solve\n   0 (restart 0) KSP residual norm 4.632115e-02\n   1 (restart 0) KSP residual norm 6.822281e-09\n   2 (restart 0) KSP residual norm 1.147969e-15\nGMRES solver converged in 2 iterations (avg. reduction factor: 1.574e-07)\n   Residual norms for GMRES solve\n   0 (restart 0) KSP residual norm 5.955412e-02\n   1 (restart 0) KSP residual norm 7.933897e-09\n   2 (restart 0) KSP residual norm 1.025996e-15\nGMRES solver converged in 2 iterations (avg. reduction factor: 1.313e-07)\n\n ARPACK EPS eigensolve converged (4 eigenpairs); iterations 1\n Total number of linear systems solved: 19\n Total number of linear solver iterations: 38\n Found 4 converged eigenvalues (first = 3.731e-01+3.434e-07i)\n\nComputing solution error estimates and performing postprocessing\n\n     m,        Re{f} (GHz),        Im{f} (GHz),                  Q,      Error (Bkwd.),       Error (Abs.)\n     1,      +5.617129e+00,      +2.584731e-06,      +1.086598e+06,      +5.843047e-17,      +6.148347e-12\n Wrote mode 1 to disk (Paraview)\n Wrote mode 1 to disk (grid function)\n     2,      +6.109230e+00,      +2.810907e-06,      +1.086701e+06,      +6.727587e-17,      +7.079106e-12\n Wrote mode 2 to disk (Paraview)\n Wrote mode 2 to disk (grid function)\n     3,      +1.140031e+01,      +5.240650e-06,      +1.087681e+06,      +1.882828e-16,      +1.981212e-11\n Wrote mode 3 to disk (Paraview)\n Wrote mode 3 to disk (grid function)\n", "truncated": true}, "base_mesh/palace.stderr.txt": {"size_bytes": 0, "tail": "", "truncated": false}, "base_mesh/resource_summary.json": {"unavailable": "FileNotFoundError"}, "base_mesh/resource_samples.json": {"unavailable": "FileNotFoundError"}}, "cgroup_path": "/system.slice/hosted-compute-agent.service", "cgroup_memory": {"memory.current": {"size_bytes": 0, "tail": "15736324096\n", "truncated": false}, "memory.peak": {"size_bytes": 0, "tail": "15823683584\n", "truncated": false}, "memory.max": {"size_bytes": 0, "tail": "max\n", "truncated": false}, "memory.events": {"size_bytes": 0, "tail": "low 0\nhigh 0\nmax 0\noom 0\noom_kill 0\noom_group_kill 0\n", "truncated": false}}, "process_columns": "pid ppid rss_KiB vsz_KiB cpu_percent command_name", "largest_processes": [" 680588  680539 7278640 7620204 99.9 palace-x86_64.b", " 680591  680539 6950828 7306108 99.9 palace-x86_64.b", "   2105    2102 126200 1431768 0.2 provjobd1430605", "   2297    2277 113648 274485612 0.4 Runner.Worker", " 680278  680275 83596 1295316 1.6 textlayout", "   2277    2089 75852 274411092 0.0 Runner.Listener", "   1387       1 60236 2045424 0.0 dockerd", "    218       1 43716 305388  0.0 multipathd", "   1009       1 43124 295288  0.0 php-fpm8.3", "   1083       1 36704 1960792 0.0 containerd", "   1390    1044 30188 454664  0.0 python3", " 680275  680273 26260 216752  0.0 uv"]}
palace	UNKNOWN STEP	2026-10-05T11:51:35.7532785Z {"schema": "textlayout.palace-ci-observation.v1", "timestamp": "2026-10-05T11:51:35.729218+00:00", "scope": "host/process diagnostics; not numerical validation", "meminfo": {"size_bytes": 1615, "head": "MemTotal:       16373452 kB\nMemFree:          242084 kB\nMemAvailable:     984264 kB\nBuffers:           13600 kB\nCached:           858852 kB\nSwapCached:          324 kB\nActive:          2180156 kB\nInactive:       13265700 kB\nActive(anon):    2063776 kB\nInactive(anon): 12589328 kB\nActive(file):     116380 kB\nInactive(file):   676372 kB\nUnevictable:       46780 kB\nMlocked:           43708 kB\nSwapTotal:       3145724 kB\nSwapFree:        3138696 kB\nZswap:                 0 kB\nZswapped:              0 kB\nDirty:             49480 kB\nWriteback:             0 kB\nAnonPages:      14615908 kB\nMapped:           270684 kB\nShmem:             70856 kB\nKReclaimable:     295380 kB\nSlab:             398308 kB\nSReclaimable:     295380 kB\nSUnreclaim:       102928 kB\nKernelStack:        4272 kB\nPageTables:        36212 kB\nSecPageTables:         0 kB\nNFS_Unstable:          0 kB\nBounce:                0 kB\nWritebackTmp:          0 kB\nCommitLimit:    11332448 kB\nCommitted_AS:   17399172 kB\nVmallocTotal:   34359738367 kB\nVmallocUsed:       39680 kB\nVmallocChunk:          0 kB\nPercpu:             2400 kB\nHardwareCorrupted:     0 kB\nAnonHugePages:   6316032 kB\nShmemHugePages:        0 kB\nShmemPmdMapped:        0 kB\nFileHugePages:         0 kB\nFilePmdMapped:         0 kB\nCmaTotal:              0 kB\nCmaFree:               0 kB\nUnaccepted:            0 kB\nBalloon:               0 kB\nHugePages_Total:       0\nHugePages_Free:        0\nHugePages_Rsvd:        0\nHugePages_Surp:        0\nHugepagesize:       2048 kB\nHugetlb:               0 kB\nDirectMap4k:      109696 kB\nDirectMap2M:     4079616 kB\nDirectMap1G:    14680064 kB\n", "truncated": false, "read_mode": "bounded_prefix"}, "files": {"toolchain.json": {"size_bytes": 3922, "tail": "{\n  \"capability\": {\n    \"available\": true,\n    \"container_digest\": null,\n    \"container_engine\": null,\n    \"container_image\": null,\n    \"executable\": \"/home/runner/.cache/textlayout-palace/spack-opt/linux-x86_64_v3/palace-0.17.0-737ugntl33fa5wjglayhp7ojkezkti5s/bin/palace\",\n    \"executable_sha256\": \"ad43ec030f51435f32150a5c72cb324ca03083d2ffc2f91405bbf41c6bc2240f\",\n    \"execution_kind\": \"executable\",\n    \"identified\": true,\n    \"mpi_launcher\": \"/usr/bin/mpirun\",\n    \"status\": \"AVAILABLE\",\n    \"unavailable_reason\": null,\n    \"version\": \"0.17.0\"\n  },\n  \"generated_at\": \"2026-10-05T11:41:06+00:00\",\n  \"git_commit\": \"7b435483afaa5a8cdbfec25c9f6de030605eff13\",\n  \"gmsh\": {\n    \"available\": true,\n    \"expected_version\": \"4.15.2\",\n    \"module\": \"/home/runner/work/Text-to-Layout/Text-to-Layout/.venv/lib/python3.12/site-packages/gmsh.py\",\n    \"module_sha256\": \"f4b0935cebde899750293d87a643090e5ea33c9b18d249267f507db68a0e01c3\",\n    \"version\": \"4.15.2\"\n  },\n  \"install_record\": {\n    \"build_stage\": \"/home/runner/.cache/textlayout-palace/build-stage\",\n    \"compiler_and_mpi_tail\": [\n      \"[+] /home/runner/.cache/textlayout-palace/spack-opt/linux-x86_64_v3/palace-0.17.0-737ugntl33fa5wjglayhp7ojkezkti5s\",\n      \"==> Installing palace-0.17.0-737ugntl33fa5wjglayhp7ojkezkti5s [63/63]\",\n      \"==> Updating view at /home/runner/.cache/textlayout-palace/environment/.spack-env/view\",\n      \"gcc (Ubuntu 13.3.0-6ubuntu2~24.04.1) 13.3.0\",\n      \"g++ (Ubuntu 13.3.0-6ubuntu2~24.04.1) 13.3.0\",\n      \"GNU Fortran (Ubuntu 13.3.0-6ubuntu2~24.04.1) 13.3.0\",\n      \"mpirun (Open MPI) 4.1.6\",\n      \"\"\n    ],\n    \"compiler_versions\": {\n      \"gcc\": \"gcc (Ubuntu 13.3.0-6ubuntu2~24.04.1) 13.3.0\",\n      \"gfortran\": \"GNU Fortran (Ubuntu 13.3.0-6ubuntu2~24.04.1) 13.3.0\",\n      \"gxx\": \"g++ (Ubuntu 13.3.0-6ubuntu2~24.04.1) 13.3.0\"\n    },\n    \"git_commit\": \"7b435483afaa5a8cdbfec25c9f6de030605eff13\",\n    \"gmsh\": {\n      \"available\": true,\n      \"expected_version\": \"4.15.2\",\n      \"module\": \"/home/runner/work/Text-to-Layout/Text-to-Layout/.venv/lib/python3.12/site-packages/gmsh.py\",\n      \"module_sha256\": \"f4b0935cebde899750293d87a643090e5ea33c9b18d249267f507db68a0e01c3\",\n      \"version\": \"4.15.2\"\n    },\n    \"gmsh_version\": \"4.15.2\",\n    \"install_tree\": \"/home/runner/.cache/textlayout-palace/spack-opt\",\n    \"installed_at\": \"2026-10-05T11:40:47.866958+00:00\",\n    \"mpi_version\": \"mpirun (Open MPI) 4.1.6\",\n    \"native_root\": \"/home/runner/.cache/textlayout-palace\",\n    \"palace_commit\": \"12d8069afb5aa9e169a17e303d735e120968e9f2\",\n    \"palace_executable\": \"/home/runner/.cache/textlayout-palace/spack-opt/linux-x86_64_v3/palace-0.17.0-737ugntl33fa5wjglayhp7ojkezkti5s/bin/palace\",\n    \"palace_executable_sha256\": \"ad43ec030f51435f32150a5c72cb324ca03083d2ffc2f91405bbf41c6bc2240f\",\n    \"palace_version\": \"0.17.0\",\n    \"requested_version\": \"0.17.0\",\n    \"reused\": false,\n    \"schema\": \"textlayout.palace-install.v1\",\n    \"source_archive\": {\n      \"available\": true,\n      \"path\": \"/home/runner/work/Text-to-Layout/Text-to-Layout/.tools/external/sources/palace-12d8069afb5aa9e169a17e303d735e120968e9f2.tar.gz\",\n      \"sha256\": \"169f7fe210ea6e771a29bfe0803dd84a774b25b00d2aa3a1f33b9d97a510ff9d\",\n      \"size_bytes\": 47331791\n    },\n    \"source_archive_path\": \"/home/runner/work/Text-to-Layout/Text-to-Layout/.tools/external/sources/palace-12d8069afb5aa9e169a17e303d735e120968e9f2.tar.gz\",\n    \"source_archive_sha256\": \"169f7fe210ea6e771a29bfe0803dd84a774b25b00d2aa3a1f33b9d97a510ff9d\",\n    \"spack_commit\": \"0c2be44e4ece21eb091ad5de4c97716b7c6d4c87\",\n    \"spack_environment\": \"external_tools/palace/spack.yaml\",\n    \"spack_packages_commit\": \"a2928a3376d286ddbf07da62847d5ba5b0fa3c67\",\n    \"spack_runtime_cache\": \"/home/runner/.cache/textlayout-palace\",\n    \"spack_version\": \"1.1.0\",\n    \"status\": \"INSTALLED\",\n    \"strategy\": \"pinned_spack_wsl\"\n  },\n  \"required_palace_version\": \"0.17.0\",\n  \"schema\": \"textlayout.palace-toolchain.v1\"\n}\n", "truncated": false}, "resource_decision.json": {"size_bytes": 288, "tail": "{\n  \"accepted_processes\": 2,\n  \"available_mb\": 14815,\n  \"memory_tier\": \"unknown\",\n  \"preflight_peak_mb\": null,\n  \"rationale\": \"no peak-memory estimate available; honouring the requested count\",\n  \"requested_processes\": 2,\n  \"timestamp\": \"2026-10-05T11:41:06+00:00\",\n  \"total_mb\": 15989\n}\n", "truncated": false}, "run_manifest.json": {"unavailable": "FileNotFoundError"}, "base_mesh/mesh_metrics.json": {"size_bytes": 403, "tail": "{\n  \"element_count\": 206137,\n  \"extents\": {\n    \"lateral_margin_um\": 100.0,\n    \"lid_height_um\": 450.0,\n    \"substrate_thickness_um\": 300.0,\n    \"vacuum_height_um\": 300.0\n  },\n  \"mean_quality\": 0.7263143756565194,\n  \"mesh_scale\": 4.0,\n  \"mesh_sha256\": \"d2c7eee442ccec0b5acf7a37a98b61dd305b53bafb68f0d43dab3ba0dc2b069e\",\n  \"minimum_quality\": 0.15838171066132758,\n  \"runtime_seconds\": 7.345174475000022\n}\n", "truncated": false}, "base_mesh/palace_amr.json": {"size_bytes": 2038, "tail": "{\n  \"Boundaries\": {\n    \"PEC\": {\n      \"Attributes\": [\n        10,\n        11,\n        12,\n        30,\n        31\n      ]\n    }\n  },\n  \"Domains\": {\n    \"Materials\": [\n      {\n        \"Attributes\": [\n          1\n        ],\n        \"LossTan\": 1e-06,\n        \"Permeability\": 1.0,\n        \"Permittivity\": 11.45\n      },\n      {\n        \"Attributes\": [\n          2\n        ],\n        \"LossTan\": 1e-06,\n        \"Permeability\": 1.0,\n        \"Permittivity\": 11.45\n      },\n      {\n        \"Attributes\": [\n          3\n        ],\n        \"Permeability\": 1.0,\n        \"Permittivity\": 1.0\n      },\n      {\n        \"Attributes\": [\n          4\n        ],\n        \"Permeability\": 1.0,\n        \"Permittivity\": 1.0\n      },\n      {\n        \"Attributes\": [\n          5\n        ],\n        \"Permeability\": 1.0,\n        \"Permittivity\": 1.0\n      }\n    ],\n    \"Postprocessing\": {\n      \"Energy\": [\n        {\n          \"Attributes\": [\n            1\n          ],\n          \"Index\": 1\n        },\n        {\n          \"Attributes\": [\n            2\n          ],\n          \"Index\": 2\n        },\n        {\n          \"Attributes\": [\n            3\n          ],\n          \"Index\": 3\n        },\n        {\n          \"Attributes\": [\n            4\n          ],\n          \"Index\": 4\n        },\n        {\n          \"Attributes\": [\n            5\n          ],\n          \"Index\": 5\n        }\n      ]\n    }\n  },\n  \"Model\": {\n    \"L0\": 1e-06,\n    \"Mesh\": \"quarter_wave_base.msh\",\n    \"Refinement\": {\n      \"MaxIts\": 4,\n      \"Nonconformal\": false,\n      \"SaveAdaptIterations\": true,\n      \"SaveAdaptMesh\": true,\n      \"Tol\": 0.0001,\n      \"UpdateFraction\": 0.7\n    }\n  },\n  \"Problem\": {\n    \"Output\": \"postpro\",\n    \"OutputFormats\": {\n      \"GridFunction\": true,\n      \"Paraview\": true\n    },\n    \"Type\": \"Eigenmode\",\n    \"Verbose\": 2\n  },\n  \"Solver\": {\n    \"Device\": \"CPU\",\n    \"Eigenmode\": {\n      \"N\": 4,\n      \"Save\": 4,\n      \"Target\": 2.7,\n      \"Tol\": 1e-09\n    },\n    \"Linear\": {\n      \"MaxIts\": 1000,\n      \"Tol\": 1e-09,\n      \"Type\": \"Default\"\n    },\n    \"Order\": 1\n  }\n}\n", "truncated": false}, "base_mesh/palace.stdout.txt": {"size_bytes": 18329, "tail": "rations (avg. reduction factor: 1.534e-07)\n   Residual norms for GMRES solve\n   0 (restart 0) KSP residual norm 1.564640e-01\n   1 (restart 0) KSP residual norm 2.762412e-08\n   2 (restart 0) KSP residual norm 2.384405e-15\nGMRES solver converged in 2 iterations (avg. reduction factor: 1.234e-07)\n   Residual norms for GMRES solve\n   0 (restart 0) KSP residual norm 2.928574e-01\n   1 (restart 0) KSP residual norm 4.974394e-08\n   2 (restart 0) KSP residual norm 5.135107e-15\nGMRES solver converged in 2 iterations (avg. reduction factor: 1.324e-07)\n   Residual norms for GMRES solve\n   0 (restart 0) KSP residual norm 2.969997e-01\n   1 (restart 0) KSP residual norm 5.144795e-08\n   2 (restart 0) KSP residual norm 6.999328e-15\nGMRES solver converged in 2 iterations (avg. reduction factor: 1.535e-07)\n   Residual norms for GMRES solve\n   0 (restart 0) KSP residual norm 3.002090e-01\n   1 (restart 0) KSP residual norm 3.036601e-08\n   2 (restart 0) KSP residual norm 6.804588e-15\nGMRES solver converged in 2 iterations (avg. reduction factor: 1.506e-07)\n   Residual norms for GMRES solve\n   0 (restart 0) KSP residual norm 3.902644e-01\n   1 (restart 0) KSP residual norm 3.887151e-08\n   2 (restart 0) KSP residual norm 6.790453e-15\nGMRES solver converged in 2 iterations (avg. reduction factor: 1.319e-07)\n   Residual norms for GMRES solve\n   0 (restart 0) KSP residual norm 3.406004e-01\n   1 (restart 0) KSP residual norm 3.751601e-08\n   2 (restart 0) KSP residual norm 6.532816e-15\nGMRES solver converged in 2 iterations (avg. reduction factor: 1.385e-07)\n   Residual norms for GMRES solve\n   0 (restart 0) KSP residual norm 2.362821e-01\n   1 (restart 0) KSP residual norm 3.054276e-08\n   2 (restart 0) KSP residual norm 5.255484e-15\nGMRES solver converged in 2 iterations (avg. reduction factor: 1.491e-07)\n   Residual norms for GMRES solve\n   0 (restart 0) KSP residual norm 3.602671e-01\n   1 (restart 0) KSP residual norm 2.791419e-08\n   2 (restart 0) KSP residual norm 1.033499e-14\nGMRES solver converged in 2 iterations (avg. reduction factor: 1.694e-07)\n   Residual norms for GMRES solve\n   0 (restart 0) KSP residual norm 9.791528e-02\n   1 (restart 0) KSP residual norm 1.677002e-08\n   2 (restart 0) KSP residual norm 1.948846e-15\nGMRES solver converged in 2 iterations (avg. reduction factor: 1.411e-07)\n   Residual norms for GMRES solve\n   0 (restart 0) KSP residual norm 1.832125e-01\n   1 (restart 0) KSP residual norm 2.127494e-08\n   2 (restart 0) KSP residual norm 5.024997e-15\nGMRES solver converged in 2 iterations (avg. reduction factor: 1.656e-07)\n   Residual norms for GMRES solve\n   0 (restart 0) KSP residual norm 4.632115e-02\n   1 (restart 0) KSP residual norm 6.822281e-09\n   2 (restart 0) KSP residual norm 1.147969e-15\nGMRES solver converged in 2 iterations (avg. reduction factor: 1.574e-07)\n   Residual norms for GMRES solve\n   0 (restart 0) KSP residual norm 5.955412e-02\n   1 (restart 0) KSP residual norm 7.933897e-09\n   2 (restart 0) KSP residual norm 1.025996e-15\nGMRES solver converged in 2 iterations (avg. reduction factor: 1.313e-07)\n\n ARPACK EPS eigensolve converged (4 eigenpairs); iterations 1\n Total number of linear systems solved: 19\n Total number of linear solver iterations: 38\n Found 4 converged eigenvalues (first = 3.731e-01+3.434e-07i)\n\nComputing solution error estimates and performing postprocessing\n\n     m,        Re{f} (GHz),        Im{f} (GHz),                  Q,      Error (Bkwd.),       Error (Abs.)\n     1,      +5.617129e+00,      +2.584731e-06,      +1.086598e+06,      +5.843047e-17,      +6.148347e-12\n Wrote mode 1 to disk (Paraview)\n Wrote mode 1 to disk (grid function)\n     2,      +6.109230e+00,      +2.810907e-06,      +1.086701e+06,      +6.727587e-17,      +7.079106e-12\n Wrote mode 2 to disk (Paraview)\n Wrote mode 2 to disk (grid function)\n     3,      +1.140031e+01,      +5.240650e-06,      +1.087681e+06,      +1.882828e-16,      +1.981212e-11\n Wrote mode 3 to disk (Paraview)\n Wrote mode 3 to disk (grid function)\n     4,      +1.731335e+01,      +7.974160e-06,      +1.085591e+06,      +5.557182e-15,      +5.847594e-10\n", "truncated": true}, "base_mesh/palace.stderr.txt": {"size_bytes": 0, "tail": "", "truncated": false}, "base_mesh/resource_summary.json": {"unavailable": "FileNotFoundError"}, "base_mesh/resource_samples.json": {"unavailable": "FileNotFoundError"}}, "cgroup_path": "/system.slice/hosted-compute-agent.service", "cgroup_memory": {"memory.current": {"size_bytes": 0, "tail": "15746883584\n", "truncated": false}, "memory.peak": {"size_bytes": 0, "tail": "15823683584\n", "truncated": false}, "memory.max": {"size_bytes": 0, "tail": "max\n", "truncated": false}, "memory.events": {"size_bytes": 0, "tail": "low 0\nhigh 0\nmax 0\noom 0\noom_kill 0\noom_group_kill 0\n", "truncated": false}}, "process_columns": "pid ppid rss_KiB vsz_KiB cpu_percent command_name", "largest_processes": [" 680588  680539 7278640 7620204 99.9 palace-x86_64.b", " 680591  680539 6950828 7306108 99.9 palace-x86_64.b", "   2105    2102 125240 1431768 0.2 provjobd1430605", "   2297    2277 121164 274485608 0.4 Runner.Worker", " 680278  680275 83596 1295316 1.5 textlayout", "   2277    2089 75852 274411092 0.0 Runner.Listener", "   1387       1 60236 2045424 0.0 dockerd", "    218       1 43716 305388  0.0 multipathd", "   1009       1 43124 295288  0.0 php-fpm8.3", "   1083       1 36684 1960792 0.0 containerd", "   1390    1044 30124 454664  0.0 python3", " 680275  680273 26260 216752  0.0 uv"]}
palace	UNKNOWN STEP	2026-10-05T11:52:05.7686767Z {"schema": "textlayout.palace-ci-observation.v1", "timestamp": "2026-10-05T11:52:05.745584+00:00", "scope": "host/process diagnostics; not numerical validation", "meminfo": {"size_bytes": 1615, "head": "MemTotal:       16373452 kB\nMemFree:          367604 kB\nMemAvailable:    1003768 kB\nBuffers:           13620 kB\nCached:           756132 kB\nSwapCached:          420 kB\nActive:          2183720 kB\nInactive:       13159660 kB\nActive(anon):    2067328 kB\nInactive(anon): 12586016 kB\nActive(file):     116392 kB\nInactive(file):   573644 kB\nUnevictable:       46780 kB\nMlocked:           43708 kB\nSwapTotal:       3145724 kB\nSwapFree:        3138540 kB\nZswap:                 0 kB\nZswapped:              0 kB\nDirty:             11928 kB\nWriteback:             0 kB\nAnonPages:      14616136 kB\nMapped:           270428 kB\nShmem:             70856 kB\nKReclaimable:     292080 kB\nSlab:             394932 kB\nSReclaimable:     292080 kB\nSUnreclaim:       102852 kB\nKernelStack:        4272 kB\nPageTables:        36212 kB\nSecPageTables:         0 kB\nNFS_Unstable:          0 kB\nBounce:                0 kB\nWritebackTmp:          0 kB\nCommitLimit:    11332448 kB\nCommitted_AS:   17399172 kB\nVmallocTotal:   34359738367 kB\nVmallocUsed:       39648 kB\nVmallocChunk:          0 kB\nPercpu:             2400 kB\nHardwareCorrupted:     0 kB\nAnonHugePages:   6316032 kB\nShmemHugePages:        0 kB\nShmemPmdMapped:        0 kB\nFileHugePages:         0 kB\nFilePmdMapped:         0 kB\nCmaTotal:              0 kB\nCmaFree:               0 kB\nUnaccepted:            0 kB\nBalloon:               0 kB\nHugePages_Total:       0\nHugePages_Free:        0\nHugePages_Rsvd:        0\nHugePages_Surp:        0\nHugepagesize:       2048 kB\nHugetlb:               0 kB\nDirectMap4k:      109696 kB\nDirectMap2M:     4079616 kB\nDirectMap1G:    14680064 kB\n", "truncated": false, "read_mode": "bounded_prefix"}, "files": {"toolchain.json": {"size_bytes": 3922, "tail": "{\n  \"capability\": {\n    \"available\": true,\n    \"container_digest\": null,\n    \"container_engine\": null,\n    \"container_image\": null,\n    \"executable\": \"/home/runner/.cache/textlayout-palace/spack-opt/linux-x86_64_v3/palace-0.17.0-737ugntl33fa5wjglayhp7ojkezkti5s/bin/palace\",\n    \"executable_sha256\": \"ad43ec030f51435f32150a5c72cb324ca03083d2ffc2f91405bbf41c6bc2240f\",\n    \"execution_kind\": \"executable\",\n    \"identified\": true,\n    \"mpi_launcher\": \"/usr/bin/mpirun\",\n    \"status\": \"AVAILABLE\",\n    \"unavailable_reason\": null,\n    \"version\": \"0.17.0\"\n  },\n  \"generated_at\": \"2026-10-05T11:41:06+00:00\",\n  \"git_commit\": \"7b435483afaa5a8cdbfec25c9f6de030605eff13\",\n  \"gmsh\": {\n    \"available\": true,\n    \"expected_version\": \"4.15.2\",\n    \"module\": \"/home/runner/work/Text-to-Layout/Text-to-Layout/.venv/lib/python3.12/site-packages/gmsh.py\",\n    \"module_sha256\": \"f4b0935cebde899750293d87a643090e5ea33c9b18d249267f507db68a0e01c3\",\n    \"version\": \"4.15.2\"\n  },\n  \"install_record\": {\n    \"build_stage\": \"/home/runner/.cache/textlayout-palace/build-stage\",\n    \"compiler_and_mpi_tail\": [\n      \"[+] /home/runner/.cache/textlayout-palace/spack-opt/linux-x86_64_v3/palace-0.17.0-737ugntl33fa5wjglayhp7ojkezkti5s\",\n      \"==> Installing palace-0.17.0-737ugntl33fa5wjglayhp7ojkezkti5s [63/63]\",\n      \"==> Updating view at /home/runner/.cache/textlayout-palace/environment/.spack-env/view\",\n      \"gcc (Ubuntu 13.3.0-6ubuntu2~24.04.1) 13.3.0\",\n      \"g++ (Ubuntu 13.3.0-6ubuntu2~24.04.1) 13.3.0\",\n      \"GNU Fortran (Ubuntu 13.3.0-6ubuntu2~24.04.1) 13.3.0\",\n      \"mpirun (Open MPI) 4.1.6\",\n      \"\"\n    ],\n    \"compiler_versions\": {\n      \"gcc\": \"gcc (Ubuntu 13.3.0-6ubuntu2~24.04.1) 13.3.0\",\n      \"gfortran\": \"GNU Fortran (Ubuntu 13.3.0-6ubuntu2~24.04.1) 13.3.0\",\n      \"gxx\": \"g++ (Ubuntu 13.3.0-6ubuntu2~24.04.1) 13.3.0\"\n    },\n    \"git_commit\": \"7b435483afaa5a8cdbfec25c9f6de030605eff13\",\n    \"gmsh\": {\n      \"available\": true,\n      \"expected_version\": \"4.15.2\",\n      \"module\": \"/home/runner/work/Text-to-Layout/Text-to-Layout/.venv/lib/python3.12/site-packages/gmsh.py\",\n      \"module_sha256\": \"f4b0935cebde899750293d87a643090e5ea33c9b18d249267f507db68a0e01c3\",\n      \"version\": \"4.15.2\"\n    },\n    \"gmsh_version\": \"4.15.2\",\n    \"install_tree\": \"/home/runner/.cache/textlayout-palace/spack-opt\",\n    \"installed_at\": \"2026-10-05T11:40:47.866958+00:00\",\n    \"mpi_version\": \"mpirun (Open MPI) 4.1.6\",\n    \"native_root\": \"/home/runner/.cache/textlayout-palace\",\n    \"palace_commit\": \"12d8069afb5aa9e169a17e303d735e120968e9f2\",\n    \"palace_executable\": \"/home/runner/.cache/textlayout-palace/spack-opt/linux-x86_64_v3/palace-0.17.0-737ugntl33fa5wjglayhp7ojkezkti5s/bin/palace\",\n    \"palace_executable_sha256\": \"ad43ec030f51435f32150a5c72cb324ca03083d2ffc2f91405bbf41c6bc2240f\",\n    \"palace_version\": \"0.17.0\",\n    \"requested_version\": \"0.17.0\",\n    \"reused\": false,\n    \"schema\": \"textlayout.palace-install.v1\",\n    \"source_archive\": {\n      \"available\": true,\n      \"path\": \"/home/runner/work/Text-to-Layout/Text-to-Layout/.tools/external/sources/palace-12d8069afb5aa9e169a17e303d735e120968e9f2.tar.gz\",\n      \"sha256\": \"169f7fe210ea6e771a29bfe0803dd84a774b25b00d2aa3a1f33b9d97a510ff9d\",\n      \"size_bytes\": 47331791\n    },\n    \"source_archive_path\": \"/home/runner/work/Text-to-Layout/Text-to-Layout/.tools/external/sources/palace-12d8069afb5aa9e169a17e303d735e120968e9f2.tar.gz\",\n    \"source_archive_sha256\": \"169f7fe210ea6e771a29bfe0803dd84a774b25b00d2aa3a1f33b9d97a510ff9d\",\n    \"spack_commit\": \"0c2be44e4ece21eb091ad5de4c97716b7c6d4c87\",\n    \"spack_environment\": \"external_tools/palace/spack.yaml\",\n    \"spack_packages_commit\": \"a2928a3376d286ddbf07da62847d5ba5b0fa3c67\",\n    \"spack_runtime_cache\": \"/home/runner/.cache/textlayout-palace\",\n    \"spack_version\": \"1.1.0\",\n    \"status\": \"INSTALLED\",\n    \"strategy\": \"pinned_spack_wsl\"\n  },\n  \"required_palace_version\": \"0.17.0\",\n  \"schema\": \"textlayout.palace-toolchain.v1\"\n}\n", "truncated": false}, "resource_decision.json": {"size_bytes": 288, "tail": "{\n  \"accepted_processes\": 2,\n  \"available_mb\": 14815,\n  \"memory_tier\": \"unknown\",\n  \"preflight_peak_mb\": null,\n  \"rationale\": \"no peak-memory estimate available; honouring the requested count\",\n  \"requested_processes\": 2,\n  \"timestamp\": \"2026-10-05T11:41:06+00:00\",\n  \"total_mb\": 15989\n}\n", "truncated": false}, "run_manifest.json": {"unavailable": "FileNotFoundError"}, "base_mesh/mesh_metrics.json": {"size_bytes": 403, "tail": "{\n  \"element_count\": 206137,\n  \"extents\": {\n    \"lateral_margin_um\": 100.0,\n    \"lid_height_um\": 450.0,\n    \"substrate_thickness_um\": 300.0,\n    \"vacuum_height_um\": 300.0\n  },\n  \"mean_quality\": 0.7263143756565194,\n  \"mesh_scale\": 4.0,\n  \"mesh_sha256\": \"d2c7eee442ccec0b5acf7a37a98b61dd305b53bafb68f0d43dab3ba0dc2b069e\",\n  \"minimum_quality\": 0.15838171066132758,\n  \"runtime_seconds\": 7.345174475000022\n}\n", "truncated": false}, "base_mesh/palace_amr.json": {"size_bytes": 2038, "tail": "{\n  \"Boundaries\": {\n    \"PEC\": {\n      \"Attributes\": [\n        10,\n        11,\n        12,\n        30,\n        31\n      ]\n    }\n  },\n  \"Domains\": {\n    \"Materials\": [\n      {\n        \"Attributes\": [\n          1\n        ],\n        \"LossTan\": 1e-06,\n        \"Permeability\": 1.0,\n        \"Permittivity\": 11.45\n      },\n      {\n        \"Attributes\": [\n          2\n        ],\n        \"LossTan\": 1e-06,\n        \"Permeability\": 1.0,\n        \"Permittivity\": 11.45\n      },\n      {\n        \"Attributes\": [\n          3\n        ],\n        \"Permeability\": 1.0,\n        \"Permittivity\": 1.0\n      },\n      {\n        \"Attributes\": [\n          4\n        ],\n        \"Permeability\": 1.0,\n        \"Permittivity\": 1.0\n      },\n      {\n        \"Attributes\": [\n          5\n        ],\n        \"Permeability\": 1.0,\n        \"Permittivity\": 1.0\n      }\n    ],\n    \"Postprocessing\": {\n      \"Energy\": [\n        {\n          \"Attributes\": [\n            1\n          ],\n          \"Index\": 1\n        },\n        {\n          \"Attributes\": [\n            2\n          ],\n          \"Index\": 2\n        },\n        {\n          \"Attributes\": [\n            3\n          ],\n          \"Index\": 3\n        },\n        {\n          \"Attributes\": [\n            4\n          ],\n          \"Index\": 4\n        },\n        {\n          \"Attributes\": [\n            5\n          ],\n          \"Index\": 5\n        }\n      ]\n    }\n  },\n  \"Model\": {\n    \"L0\": 1e-06,\n    \"Mesh\": \"quarter_wave_base.msh\",\n    \"Refinement\": {\n      \"MaxIts\": 4,\n      \"Nonconformal\": false,\n      \"SaveAdaptIterations\": true,\n      \"SaveAdaptMesh\": true,\n      \"Tol\": 0.0001,\n      \"UpdateFraction\": 0.7\n    }\n  },\n  \"Problem\": {\n    \"Output\": \"postpro\",\n    \"OutputFormats\": {\n      \"GridFunction\": true,\n      \"Paraview\": true\n    },\n    \"Type\": \"Eigenmode\",\n    \"Verbose\": 2\n  },\n  \"Solver\": {\n    \"Device\": \"CPU\",\n    \"Eigenmode\": {\n      \"N\": 4,\n      \"Save\": 4,\n      \"Target\": 2.7,\n      \"Tol\": 1e-09\n    },\n    \"Linear\": {\n      \"MaxIts\": 1000,\n      \"Tol\": 1e-09,\n      \"Type\": \"Default\"\n    },\n    \"Order\": 1\n  }\n}\n", "truncated": false}, "base_mesh/palace.stdout.txt": {"size_bytes": 18400, "tail": "solve\n   0 (restart 0) KSP residual norm 1.564640e-01\n   1 (restart 0) KSP residual norm 2.762412e-08\n   2 (restart 0) KSP residual norm 2.384405e-15\nGMRES solver converged in 2 iterations (avg. reduction factor: 1.234e-07)\n   Residual norms for GMRES solve\n   0 (restart 0) KSP residual norm 2.928574e-01\n   1 (restart 0) KSP residual norm 4.974394e-08\n   2 (restart 0) KSP residual norm 5.135107e-15\nGMRES solver converged in 2 iterations (avg. reduction factor: 1.324e-07)\n   Residual norms for GMRES solve\n   0 (restart 0) KSP residual norm 2.969997e-01\n   1 (restart 0) KSP residual norm 5.144795e-08\n   2 (restart 0) KSP residual norm 6.999328e-15\nGMRES solver converged in 2 iterations (avg. reduction factor: 1.535e-07)\n   Residual norms for GMRES solve\n   0 (restart 0) KSP residual norm 3.002090e-01\n   1 (restart 0) KSP residual norm 3.036601e-08\n   2 (restart 0) KSP residual norm 6.804588e-15\nGMRES solver converged in 2 iterations (avg. reduction factor: 1.506e-07)\n   Residual norms for GMRES solve\n   0 (restart 0) KSP residual norm 3.902644e-01\n   1 (restart 0) KSP residual norm 3.887151e-08\n   2 (restart 0) KSP residual norm 6.790453e-15\nGMRES solver converged in 2 iterations (avg. reduction factor: 1.319e-07)\n   Residual norms for GMRES solve\n   0 (restart 0) KSP residual norm 3.406004e-01\n   1 (restart 0) KSP residual norm 3.751601e-08\n   2 (restart 0) KSP residual norm 6.532816e-15\nGMRES solver converged in 2 iterations (avg. reduction factor: 1.385e-07)\n   Residual norms for GMRES solve\n   0 (restart 0) KSP residual norm 2.362821e-01\n   1 (restart 0) KSP residual norm 3.054276e-08\n   2 (restart 0) KSP residual norm 5.255484e-15\nGMRES solver converged in 2 iterations (avg. reduction factor: 1.491e-07)\n   Residual norms for GMRES solve\n   0 (restart 0) KSP residual norm 3.602671e-01\n   1 (restart 0) KSP residual norm 2.791419e-08\n   2 (restart 0) KSP residual norm 1.033499e-14\nGMRES solver converged in 2 iterations (avg. reduction factor: 1.694e-07)\n   Residual norms for GMRES solve\n   0 (restart 0) KSP residual norm 9.791528e-02\n   1 (restart 0) KSP residual norm 1.677002e-08\n   2 (restart 0) KSP residual norm 1.948846e-15\nGMRES solver converged in 2 iterations (avg. reduction factor: 1.411e-07)\n   Residual norms for GMRES solve\n   0 (restart 0) KSP residual norm 1.832125e-01\n   1 (restart 0) KSP residual norm 2.127494e-08\n   2 (restart 0) KSP residual norm 5.024997e-15\nGMRES solver converged in 2 iterations (avg. reduction factor: 1.656e-07)\n   Residual norms for GMRES solve\n   0 (restart 0) KSP residual norm 4.632115e-02\n   1 (restart 0) KSP residual norm 6.822281e-09\n   2 (restart 0) KSP residual norm 1.147969e-15\nGMRES solver converged in 2 iterations (avg. reduction factor: 1.574e-07)\n   Residual norms for GMRES solve\n   0 (restart 0) KSP residual norm 5.955412e-02\n   1 (restart 0) KSP residual norm 7.933897e-09\n   2 (restart 0) KSP residual norm 1.025996e-15\nGMRES solver converged in 2 iterations (avg. reduction factor: 1.313e-07)\n\n ARPACK EPS eigensolve converged (4 eigenpairs); iterations 1\n Total number of linear systems solved: 19\n Total number of linear solver iterations: 38\n Found 4 converged eigenvalues (first = 3.731e-01+3.434e-07i)\n\nComputing solution error estimates and performing postprocessing\n\n     m,        Re{f} (GHz),        Im{f} (GHz),                  Q,      Error (Bkwd.),       Error (Abs.)\n     1,      +5.617129e+00,      +2.584731e-06,      +1.086598e+06,      +5.843047e-17,      +6.148347e-12\n Wrote mode 1 to disk (Paraview)\n Wrote mode 1 to disk (grid function)\n     2,      +6.109230e+00,      +2.810907e-06,      +1.086701e+06,      +6.727587e-17,      +7.079106e-12\n Wrote mode 2 to disk (Paraview)\n Wrote mode 2 to disk (grid function)\n     3,      +1.140031e+01,      +5.240650e-06,      +1.087681e+06,      +1.882828e-16,      +1.981212e-11\n Wrote mode 3 to disk (Paraview)\n Wrote mode 3 to disk (grid function)\n     4,      +1.731335e+01,      +7.974160e-06,      +1.085591e+06,      +5.557182e-15,      +5.847594e-10\n Wrote mode 4 to disk (Paraview)\n Wrote mode 4 to disk (grid function)\n", "truncated": true}, "base_mesh/palace.stderr.txt": {"size_bytes": 0, "tail": "", "truncated": false}, "base_mesh/resource_summary.json": {"unavailable": "FileNotFoundError"}, "base_mesh/resource_samples.json": {"unavailable": "FileNotFoundError"}}, "cgroup_path": "/system.slice/hosted-compute-agent.service", "cgroup_memory": {"memory.current": {"size_bytes": 0, "tail": "15637307392\n", "truncated": false}, "memory.peak": {"size_bytes": 0, "tail": "15823683584\n", "truncated": false}, "memory.max": {"size_bytes": 0, "tail": "max\n", "truncated": false}, "memory.events": {"size_bytes": 0, "tail": "low 0\nhigh 0\nmax 0\noom 0\noom_kill 0\noom_group_kill 0\n", "truncated": false}}, "process_columns": "pid ppid rss_KiB vsz_KiB cpu_percent command_name", "largest_processes": [" 680588  680539 7278640 7620204 99.9 palace-x86_64.b", " 680591  680539 6950828 7306108 99.9 palace-x86_64.b", "   2105    2102 125620 1431768 0.2 provjobd1430605", "   2297    2277 121164 274485608 0.4 Runner.Worker", " 680278  680275 83596 1295316 1.5 textlayout", "   2277    2089 75852 274411092 0.0 Runner.Listener", "   1387       1 60236 2045424 0.0 dockerd", "    218       1 43716 305388  0.0 multipathd", "   1009       1 43124 295288  0.0 php-fpm8.3", "   1083       1 36684 1960792 0.0 containerd", "   1390    1044 29972 454664  0.0 python3", " 680275  680273 26260 216752  0.0 uv"]}
palace	UNKNOWN STEP	2026-10-05T11:52:35.7822592Z {"schema": "textlayout.palace-ci-observation.v1", "timestamp": "2026-10-05T11:52:35.760875+00:00", "scope": "host/process diagnostics; not numerical validation", "meminfo": {"size_bytes": 1615, "head": "MemTotal:       16373452 kB\nMemFree:         7765392 kB\nMemAvailable:    8490620 kB\nBuffers:           13644 kB\nCached:           843008 kB\nSwapCached:          420 kB\nActive:          1319796 kB\nInactive:        6610724 kB\nActive(anon):    1196696 kB\nInactive(anon):  5956780 kB\nActive(file):     123100 kB\nInactive(file):   653944 kB\nUnevictable:       46780 kB\nMlocked:           43708 kB\nSwapTotal:       3145724 kB\nSwapFree:        3138540 kB\nZswap:                 0 kB\nZswapped:              0 kB\nDirty:              1432 kB\nWriteback:             0 kB\nAnonPages:       7116188 kB\nMapped:           274056 kB\nShmem:             70856 kB\nKReclaimable:     294136 kB\nSlab:             396964 kB\nSReclaimable:     294136 kB\nSUnreclaim:       102828 kB\nKernelStack:        4272 kB\nPageTables:        21492 kB\nSecPageTables:         0 kB\nNFS_Unstable:          0 kB\nBounce:                0 kB\nWritebackTmp:          0 kB\nCommitLimit:    11332448 kB\nCommitted_AS:    9896140 kB\nVmallocTotal:   34359738367 kB\nVmallocUsed:       39680 kB\nVmallocChunk:          0 kB\nPercpu:             2400 kB\nHardwareCorrupted:     0 kB\nAnonHugePages:   1581056 kB\nShmemHugePages:        0 kB\nShmemPmdMapped:        0 kB\nFileHugePages:         0 kB\nFilePmdMapped:         0 kB\nCmaTotal:              0 kB\nCmaFree:               0 kB\nUnaccepted:            0 kB\nBalloon:               0 kB\nHugePages_Total:       0\nHugePages_Free:        0\nHugePages_Rsvd:        0\nHugePages_Surp:        0\nHugepagesize:       2048 kB\nHugetlb:               0 kB\nDirectMap4k:      109696 kB\nDirectMap2M:     4079616 kB\nDirectMap1G:    14680064 kB\n", "truncated": false, "read_mode": "bounded_prefix"}, "files": {"toolchain.json": {"size_bytes": 3922, "tail": "{\n  \"capability\": {\n    \"available\": true,\n    \"container_digest\": null,\n    \"container_engine\": null,\n    \"container_image\": null,\n    \"executable\": \"/home/runner/.cache/textlayout-palace/spack-opt/linux-x86_64_v3/palace-0.17.0-737ugntl33fa5wjglayhp7ojkezkti5s/bin/palace\",\n    \"executable_sha256\": \"ad43ec030f51435f32150a5c72cb324ca03083d2ffc2f91405bbf41c6bc2240f\",\n    \"execution_kind\": \"executable\",\n    \"identified\": true,\n    \"mpi_launcher\": \"/usr/bin/mpirun\",\n    \"status\": \"AVAILABLE\",\n    \"unavailable_reason\": null,\n    \"version\": \"0.17.0\"\n  },\n  \"generated_at\": \"2026-10-05T11:41:06+00:00\",\n  \"git_commit\": \"7b435483afaa5a8cdbfec25c9f6de030605eff13\",\n  \"gmsh\": {\n    \"available\": true,\n    \"expected_version\": \"4.15.2\",\n    \"module\": \"/home/runner/work/Text-to-Layout/Text-to-Layout/.venv/lib/python3.12/site-packages/gmsh.py\",\n    \"module_sha256\": \"f4b0935cebde899750293d87a643090e5ea33c9b18d249267f507db68a0e01c3\",\n    \"version\": \"4.15.2\"\n  },\n  \"install_record\": {\n    \"build_stage\": \"/home/runner/.cache/textlayout-palace/build-stage\",\n    \"compiler_and_mpi_tail\": [\n      \"[+] /home/runner/.cache/textlayout-palace/spack-opt/linux-x86_64_v3/palace-0.17.0-737ugntl33fa5wjglayhp7ojkezkti5s\",\n      \"==> Installing palace-0.17.0-737ugntl33fa5wjglayhp7ojkezkti5s [63/63]\",\n      \"==> Updating view at /home/runner/.cache/textlayout-palace/environment/.spack-env/view\",\n      \"gcc (Ubuntu 13.3.0-6ubuntu2~24.04.1) 13.3.0\",\n      \"g++ (Ubuntu 13.3.0-6ubuntu2~24.04.1) 13.3.0\",\n      \"GNU Fortran (Ubuntu 13.3.0-6ubuntu2~24.04.1) 13.3.0\",\n      \"mpirun (Open MPI) 4.1.6\",\n      \"\"\n    ],\n    \"compiler_versions\": {\n      \"gcc\": \"gcc (Ubuntu 13.3.0-6ubuntu2~24.04.1) 13.3.0\",\n      \"gfortran\": \"GNU Fortran (Ubuntu 13.3.0-6ubuntu2~24.04.1) 13.3.0\",\n      \"gxx\": \"g++ (Ubuntu 13.3.0-6ubuntu2~24.04.1) 13.3.0\"\n    },\n    \"git_commit\": \"7b435483afaa5a8cdbfec25c9f6de030605eff13\",\n    \"gmsh\": {\n      \"available\": true,\n      \"expected_version\": \"4.15.2\",\n      \"module\": \"/home/runner/work/Text-to-Layout/Text-to-Layout/.venv/lib/python3.12/site-packages/gmsh.py\",\n      \"module_sha256\": \"f4b0935cebde899750293d87a643090e5ea33c9b18d249267f507db68a0e01c3\",\n      \"version\": \"4.15.2\"\n    },\n    \"gmsh_version\": \"4.15.2\",\n    \"install_tree\": \"/home/runner/.cache/textlayout-palace/spack-opt\",\n    \"installed_at\": \"2026-10-05T11:40:47.866958+00:00\",\n    \"mpi_version\": \"mpirun (Open MPI) 4.1.6\",\n    \"native_root\": \"/home/runner/.cache/textlayout-palace\",\n    \"palace_commit\": \"12d8069afb5aa9e169a17e303d735e120968e9f2\",\n    \"palace_executable\": \"/home/runner/.cache/textlayout-palace/spack-opt/linux-x86_64_v3/palace-0.17.0-737ugntl33fa5wjglayhp7ojkezkti5s/bin/palace\",\n    \"palace_executable_sha256\": \"ad43ec030f51435f32150a5c72cb324ca03083d2ffc2f91405bbf41c6bc2240f\",\n    \"palace_version\": \"0.17.0\",\n    \"requested_version\": \"0.17.0\",\n    \"reused\": false,\n    \"schema\": \"textlayout.palace-install.v1\",\n    \"source_archive\": {\n      \"available\": true,\n      \"path\": \"/home/runner/work/Text-to-Layout/Text-to-Layout/.tools/external/sources/palace-12d8069afb5aa9e169a17e303d735e120968e9f2.tar.gz\",\n      \"sha256\": \"169f7fe210ea6e771a29bfe0803dd84a774b25b00d2aa3a1f33b9d97a510ff9d\",\n      \"size_bytes\": 47331791\n    },\n    \"source_archive_path\": \"/home/runner/work/Text-to-Layout/Text-to-Layout/.tools/external/sources/palace-12d8069afb5aa9e169a17e303d735e120968e9f2.tar.gz\",\n    \"source_archive_sha256\": \"169f7fe210ea6e771a29bfe0803dd84a774b25b00d2aa3a1f33b9d97a510ff9d\",\n    \"spack_commit\": \"0c2be44e4ece21eb091ad5de4c97716b7c6d4c87\",\n    \"spack_environment\": \"external_tools/palace/spack.yaml\",\n    \"spack_packages_commit\": \"a2928a3376d286ddbf07da62847d5ba5b0fa3c67\",\n    \"spack_runtime_cache\": \"/home/runner/.cache/textlayout-palace\",\n    \"spack_version\": \"1.1.0\",\n    \"status\": \"INSTALLED\",\n    \"strategy\": \"pinned_spack_wsl\"\n  },\n  \"required_palace_version\": \"0.17.0\",\n  \"schema\": \"textlayout.palace-toolchain.v1\"\n}\n", "truncated": false}, "resource_decision.json": {"size_bytes": 288, "tail": "{\n  \"accepted_processes\": 2,\n  \"available_mb\": 14815,\n  \"memory_tier\": \"unknown\",\n  \"preflight_peak_mb\": null,\n  \"rationale\": \"no peak-memory estimate available; honouring the requested count\",\n  \"requested_processes\": 2,\n  \"timestamp\": \"2026-10-05T11:41:06+00:00\",\n  \"total_mb\": 15989\n}\n", "truncated": false}, "run_manifest.json": {"unavailable": "FileNotFoundError"}, "base_mesh/mesh_metrics.json": {"size_bytes": 403, "tail": "{\n  \"element_count\": 206137,\n  \"extents\": {\n    \"lateral_margin_um\": 100.0,\n    \"lid_height_um\": 450.0,\n    \"substrate_thickness_um\": 300.0,\n    \"vacuum_height_um\": 300.0\n  },\n  \"mean_quality\": 0.7263143756565194,\n  \"mesh_scale\": 4.0,\n  \"mesh_sha256\": \"d2c7eee442ccec0b5acf7a37a98b61dd305b53bafb68f0d43dab3ba0dc2b069e\",\n  \"minimum_quality\": 0.15838171066132758,\n  \"runtime_seconds\": 7.345174475000022\n}\n", "truncated": false}, "base_mesh/palace_amr.json": {"size_bytes": 2038, "tail": "{\n  \"Boundaries\": {\n    \"PEC\": {\n      \"Attributes\": [\n        10,\n        11,\n        12,\n        30,\n        31\n      ]\n    }\n  },\n  \"Domains\": {\n    \"Materials\": [\n      {\n        \"Attributes\": [\n          1\n        ],\n        \"LossTan\": 1e-06,\n        \"Permeability\": 1.0,\n        \"Permittivity\": 11.45\n      },\n      {\n        \"Attributes\": [\n          2\n        ],\n        \"LossTan\": 1e-06,\n        \"Permeability\": 1.0,\n        \"Permittivity\": 11.45\n      },\n      {\n        \"Attributes\": [\n          3\n        ],\n        \"Permeability\": 1.0,\n        \"Permittivity\": 1.0\n      },\n      {\n        \"Attributes\": [\n          4\n        ],\n        \"Permeability\": 1.0,\n        \"Permittivity\": 1.0\n      },\n      {\n        \"Attributes\": [\n          5\n        ],\n        \"Permeability\": 1.0,\n        \"Permittivity\": 1.0\n      }\n    ],\n    \"Postprocessing\": {\n      \"Energy\": [\n        {\n          \"Attributes\": [\n            1\n          ],\n          \"Index\": 1\n        },\n        {\n          \"Attributes\": [\n            2\n          ],\n          \"Index\": 2\n        },\n        {\n          \"Attributes\": [\n            3\n          ],\n          \"Index\": 3\n        },\n        {\n          \"Attributes\": [\n            4\n          ],\n          \"Index\": 4\n        },\n        {\n          \"Attributes\": [\n            5\n          ],\n          \"Index\": 5\n        }\n      ]\n    }\n  },\n  \"Model\": {\n    \"L0\": 1e-06,\n    \"Mesh\": \"quarter_wave_base.msh\",\n    \"Refinement\": {\n      \"MaxIts\": 4,\n      \"Nonconformal\": false,\n      \"SaveAdaptIterations\": true,\n      \"SaveAdaptMesh\": true,\n      \"Tol\": 0.0001,\n      \"UpdateFraction\": 0.7\n    }\n  },\n  \"Problem\": {\n    \"Output\": \"postpro\",\n    \"OutputFormats\": {\n      \"GridFunction\": true,\n      \"Paraview\": true\n    },\n    \"Type\": \"Eigenmode\",\n    \"Verbose\": 2\n  },\n  \"Solver\": {\n    \"Device\": \"CPU\",\n    \"Eigenmode\": {\n      \"N\": 4,\n      \"Save\": 4,\n      \"Target\": 2.7,\n      \"Tol\": 1e-09\n    },\n    \"Linear\": {\n      \"MaxIts\": 1000,\n      \"Tol\": 1e-09,\n      \"Type\": \"Default\"\n    },\n    \"Order\": 1\n  }\n}\n", "truncated": false}, "base_mesh/palace.stdout.txt": {"size_bytes": 21558, "tail": "onverged eigenvalues (first = 3.731e-01+3.434e-07i)\n\nComputing solution error estimates and performing postprocessing\n\n     m,        Re{f} (GHz),        Im{f} (GHz),                  Q,      Error (Bkwd.),       Error (Abs.)\n     1,      +5.617129e+00,      +2.584731e-06,      +1.086598e+06,      +5.843047e-17,      +6.148347e-12\n Wrote mode 1 to disk (Paraview)\n Wrote mode 1 to disk (grid function)\n     2,      +6.109230e+00,      +2.810907e-06,      +1.086701e+06,      +6.727587e-17,      +7.079106e-12\n Wrote mode 2 to disk (Paraview)\n Wrote mode 2 to disk (grid function)\n     3,      +1.140031e+01,      +5.240650e-06,      +1.087681e+06,      +1.882828e-16,      +1.981212e-11\n Wrote mode 3 to disk (Paraview)\n Wrote mode 3 to disk (grid function)\n     4,      +1.731335e+01,      +7.974160e-06,      +1.085591e+06,      +5.557182e-15,      +5.847594e-10\n Wrote mode 4 to disk (Paraview)\n Wrote mode 4 to disk (grid function)\n\nCumulative timing statistics:\n\nElapsed Time Report (s)           Min.        Max.        Avg.\n==============================================================\nInitialization                   0.569       2.868       1.719\n  Mesh Preprocessing             1.526       3.827       2.676\nOperator Construction           52.663      52.715      52.689\nLinear Solve                    32.980      32.989      32.984\n  Setup                          7.441       7.444       7.443\n  Preconditioner                80.341      80.356      80.348\nEigenvalue Solve                14.985      15.064      15.025\nDiv.-Free Projection            87.484      87.559      87.522\nEstimation                       2.699       2.804       2.751\n  Construction                  46.860      46.863      46.862\n  Solve                         67.726      67.784      67.755\nAdaptation                       3.697       3.746       3.721\n  Rebalancing                    1.667       1.667       1.667\nPostprocessing                  19.439      19.483      19.461\n  Paraview                     154.035     154.038     154.036\n  Grid function                 82.288      82.288      82.288\nDisk IO                          1.183       1.186       1.185\n--------------------------------------------------------------\nTotal                          660.156     660.157     660.157\n\nPeak Memory                   Per-Node       Total   Total HWM\n==============================================================\nInitialization                    3.9M        3.9M        3.9M\n  Mesh Preprocessing            152.9M      152.9M      156.8M\nOperator Construction           281.9M      281.9M      438.7M\nLinear Solve                      0.0K        0.0K      438.7M\n  Setup                           1.3G        1.3G        1.8G\n  Preconditioner                 10.4G       10.4G       12.2G\nEigenvalue Solve                  7.6M        7.6M       12.2G\nDiv.-Free Projection            180.0M      180.0M       12.3G\nEstimation                      640.8M      640.8M       13.0G\n  Construction                    0.0K        0.0K       13.0G\n  Solve                         440.4M      440.4M       13.4G\nAdaptation                        0.0K        0.0K       13.4G\n  Rebalancing                     0.0K        0.0K       13.4G\nPostprocessing                   93.0M       93.0M       13.5G\n  Paraview                        8.7M        8.7M       13.5G\n  Grid function                 512.0K      512.0K       13.5G\nDisk IO                          67.3M       67.3M       13.6G\n--------------------------------------------------------------\nTotal                            13.6G       13.6G       13.6G\nEstimated peak per-rank memory usage is: Min. 6.7G, Max. 7.0G, Avg. 6.8G, Total 13.6G\nEstimated peak per-node memory usage is: Min. 13.6G, Max. 13.6G, Avg. 13.6G, Total 13.6G\n\nAdaptive mesh refinement (AMR) iteration 2:\n Indicator norm = 3.846e-01, global unknowns = 924336\n Max. iterations = 4, tol. = 1.000e-04\n Marked 127539/759141 elements for refinement (70.00% of the error, \u03b8 = 0.70)\n Conforming mesh refinement added 2607704 elements (initial = 759141, final = 3366845)\n", "truncated": true}, "base_mesh/palace.stderr.txt": {"size_bytes": 0, "tail": "", "truncated": false}, "base_mesh/resource_summary.json": {"unavailable": "FileNotFoundError"}, "base_mesh/resource_samples.json": {"unavailable": "FileNotFoundError"}}, "cgroup_path": "/system.slice/hosted-compute-agent.service", "cgroup_memory": {"memory.current": {"size_bytes": 0, "tail": "8034185216\n", "truncated": false}, "memory.peak": {"size_bytes": 0, "tail": "15823683584\n", "truncated": false}, "memory.max": {"size_bytes": 0, "tail": "max\n", "truncated": false}, "memory.events": {"size_bytes": 0, "tail": "low 0\nhigh 0\nmax 0\noom 0\noom_kill 0\noom_group_kill 0\n", "truncated": false}}, "process_columns": "pid ppid rss_KiB vsz_KiB cpu_percent command_name", "largest_processes": [" 680588  680539 3431580 3767948 99.9 palace-x86_64.b", " 680591  680539 3304416 3655332 99.9 palace-x86_64.b", "   2105    2102 125704 1431768 0.2 provjobd1430605", "   2297    2277 121164 274485608 0.4 Runner.Worker", " 680278  680275 83596 1295316 1.4 textlayout", "   2277    2089 80112 274411092 0.0 Runner.Listener", "   1387       1 60236 2045424 0.0 dockerd", "    218       1 43716 305388  0.0 multipathd", "   1009       1 43124 295288  0.0 php-fpm8.3", "   1083       1 36684 1960792 0.0 containerd", "   1390    1044 29972 454664  0.0 python3", " 680275  680273 26260 216752  0.0 uv"]}
palace	UNKNOWN STEP	2026-10-05T11:53:05.7962737Z {"schema": "textlayout.palace-ci-observation.v1", "timestamp": "2026-10-05T11:53:05.774991+00:00", "scope": "host/process diagnostics; not numerical validation", "meminfo": {"size_bytes": 1615, "head": "MemTotal:       16373452 kB\nMemFree:         7607060 kB\nMemAvailable:    8489148 kB\nBuffers:           13656 kB\nCached:           996000 kB\nSwapCached:          420 kB\nActive:          1342472 kB\nInactive:        6741232 kB\nActive(anon):    1218380 kB\nInactive(anon):  5935276 kB\nActive(file):     124092 kB\nInactive(file):   805956 kB\nUnevictable:       46780 kB\nMlocked:           43708 kB\nSwapTotal:       3145724 kB\nSwapFree:        3138540 kB\nZswap:                 0 kB\nZswapped:              0 kB\nDirty:               252 kB\nWriteback:             4 kB\nAnonPages:       7116336 kB\nMapped:           274720 kB\nShmem:             70856 kB\nKReclaimable:     297992 kB\nSlab:             400768 kB\nSReclaimable:     297992 kB\nSUnreclaim:       102776 kB\nKernelStack:        4260 kB\nPageTables:        21612 kB\nSecPageTables:         0 kB\nNFS_Unstable:          0 kB\nBounce:                0 kB\nWritebackTmp:          0 kB\nCommitLimit:    11332448 kB\nCommitted_AS:    9896140 kB\nVmallocTotal:   34359738367 kB\nVmallocUsed:       39632 kB\nVmallocChunk:          0 kB\nPercpu:             2400 kB\nHardwareCorrupted:     0 kB\nAnonHugePages:   1628160 kB\nShmemHugePages:        0 kB\nShmemPmdMapped:        0 kB\nFileHugePages:         0 kB\nFilePmdMapped:         0 kB\nCmaTotal:              0 kB\nCmaFree:               0 kB\nUnaccepted:            0 kB\nBalloon:               0 kB\nHugePages_Total:       0\nHugePages_Free:        0\nHugePages_Rsvd:        0\nHugePages_Surp:        0\nHugepagesize:       2048 kB\nHugetlb:               0 kB\nDirectMap4k:      109696 kB\nDirectMap2M:     4079616 kB\nDirectMap1G:    14680064 kB\n", "truncated": false, "read_mode": "bounded_prefix"}, "files": {"toolchain.json": {"size_bytes": 3922, "tail": "{\n  \"capability\": {\n    \"available\": true,\n    \"container_digest\": null,\n    \"container_engine\": null,\n    \"container_image\": null,\n    \"executable\": \"/home/runner/.cache/textlayout-palace/spack-opt/linux-x86_64_v3/palace-0.17.0-737ugntl33fa5wjglayhp7ojkezkti5s/bin/palace\",\n    \"executable_sha256\": \"ad43ec030f51435f32150a5c72cb324ca03083d2ffc2f91405bbf41c6bc2240f\",\n    \"execution_kind\": \"executable\",\n    \"identified\": true,\n    \"mpi_launcher\": \"/usr/bin/mpirun\",\n    \"status\": \"AVAILABLE\",\n    \"unavailable_reason\": null,\n    \"version\": \"0.17.0\"\n  },\n  \"generated_at\": \"2026-10-05T11:41:06+00:00\",\n  \"git_commit\": \"7b435483afaa5a8cdbfec25c9f6de030605eff13\",\n  \"gmsh\": {\n    \"available\": true,\n    \"expected_version\": \"4.15.2\",\n    \"module\": \"/home/runner/work/Text-to-Layout/Text-to-Layout/.venv/lib/python3.12/site-packages/gmsh.py\",\n    \"module_sha256\": \"f4b0935cebde899750293d87a643090e5ea33c9b18d249267f507db68a0e01c3\",\n    \"version\": \"4.15.2\"\n  },\n  \"install_record\": {\n    \"build_stage\": \"/home/runner/.cache/textlayout-palace/build-stage\",\n    \"compiler_and_mpi_tail\": [\n      \"[+] /home/runner/.cache/textlayout-palace/spack-opt/linux-x86_64_v3/palace-0.17.0-737ugntl33fa5wjglayhp7ojkezkti5s\",\n      \"==> Installing palace-0.17.0-737ugntl33fa5wjglayhp7ojkezkti5s [63/63]\",\n      \"==> Updating view at /home/runner/.cache/textlayout-palace/environment/.spack-env/view\",\n      \"gcc (Ubuntu 13.3.0-6ubuntu2~24.04.1) 13.3.0\",\n      \"g++ (Ubuntu 13.3.0-6ubuntu2~24.04.1) 13.3.0\",\n      \"GNU Fortran (Ubuntu 13.3.0-6ubuntu2~24.04.1) 13.3.0\",\n      \"mpirun (Open MPI) 4.1.6\",\n      \"\"\n    ],\n    \"compiler_versions\": {\n      \"gcc\": \"gcc (Ubuntu 13.3.0-6ubuntu2~24.04.1) 13.3.0\",\n      \"gfortran\": \"GNU Fortran (Ubuntu 13.3.0-6ubuntu2~24.04.1) 13.3.0\",\n      \"gxx\": \"g++ (Ubuntu 13.3.0-6ubuntu2~24.04.1) 13.3.0\"\n    },\n    \"git_commit\": \"7b435483afaa5a8cdbfec25c9f6de030605eff13\",\n    \"gmsh\": {\n      \"available\": true,\n      \"expected_version\": \"4.15.2\",\n      \"module\": \"/home/runner/work/Text-to-Layout/Text-to-Layout/.venv/lib/python3.12/site-packages/gmsh.py\",\n      \"module_sha256\": \"f4b0935cebde899750293d87a643090e5ea33c9b18d249267f507db68a0e01c3\",\n      \"version\": \"4.15.2\"\n    },\n    \"gmsh_version\": \"4.15.2\",\n    \"install_tree\": \"/home/runner/.cache/textlayout-palace/spack-opt\",\n    \"installed_at\": \"2026-10-05T11:40:47.866958+00:00\",\n    \"mpi_version\": \"mpirun (Open MPI) 4.1.6\",\n    \"native_root\": \"/home/runner/.cache/textlayout-palace\",\n    \"palace_commit\": \"12d8069afb5aa9e169a17e303d735e120968e9f2\",\n    \"palace_executable\": \"/home/runner/.cache/textlayout-palace/spack-opt/linux-x86_64_v3/palace-0.17.0-737ugntl33fa5wjglayhp7ojkezkti5s/bin/palace\",\n    \"palace_executable_sha256\": \"ad43ec030f51435f32150a5c72cb324ca03083d2ffc2f91405bbf41c6bc2240f\",\n    \"palace_version\": \"0.17.0\",\n    \"requested_version\": \"0.17.0\",\n    \"reused\": false,\n    \"schema\": \"textlayout.palace-install.v1\",\n    \"source_archive\": {\n      \"available\": true,\n      \"path\": \"/home/runner/work/Text-to-Layout/Text-to-Layout/.tools/external/sources/palace-12d8069afb5aa9e169a17e303d735e120968e9f2.tar.gz\",\n      \"sha256\": \"169f7fe210ea6e771a29bfe0803dd84a774b25b00d2aa3a1f33b9d97a510ff9d\",\n      \"size_bytes\": 47331791\n    },\n    \"source_archive_path\": \"/home/runner/work/Text-to-Layout/Text-to-Layout/.tools/external/sources/palace-12d8069afb5aa9e169a17e303d735e120968e9f2.tar.gz\",\n    \"source_archive_sha256\": \"169f7fe210ea6e771a29bfe0803dd84a774b25b00d2aa3a1f33b9d97a510ff9d\",\n    \"spack_commit\": \"0c2be44e4ece21eb091ad5de4c97716b7c6d4c87\",\n    \"spack_environment\": \"external_tools/palace/spack.yaml\",\n    \"spack_packages_commit\": \"a2928a3376d286ddbf07da62847d5ba5b0fa3c67\",\n    \"spack_runtime_cache\": \"/home/runner/.cache/textlayout-palace\",\n    \"spack_version\": \"1.1.0\",\n    \"status\": \"INSTALLED\",\n    \"strategy\": \"pinned_spack_wsl\"\n  },\n  \"required_palace_version\": \"0.17.0\",\n  \"schema\": \"textlayout.palace-toolchain.v1\"\n}\n", "truncated": false}, "resource_decision.json": {"size_bytes": 288, "tail": "{\n  \"accepted_processes\": 2,\n  \"available_mb\": 14815,\n  \"memory_tier\": \"unknown\",\n  \"preflight_peak_mb\": null,\n  \"rationale\": \"no peak-memory estimate available; honouring the requested count\",\n  \"requested_processes\": 2,\n  \"timestamp\": \"2026-10-05T11:41:06+00:00\",\n  \"total_mb\": 15989\n}\n", "truncated": false}, "run_manifest.json": {"unavailable": "FileNotFoundError"}, "base_mesh/mesh_metrics.json": {"size_bytes": 403, "tail": "{\n  \"element_count\": 206137,\n  \"extents\": {\n    \"lateral_margin_um\": 100.0,\n    \"lid_height_um\": 450.0,\n    \"substrate_thickness_um\": 300.0,\n    \"vacuum_height_um\": 300.0\n  },\n  \"mean_quality\": 0.7263143756565194,\n  \"mesh_scale\": 4.0,\n  \"mesh_sha256\": \"d2c7eee442ccec0b5acf7a37a98b61dd305b53bafb68f0d43dab3ba0dc2b069e\",\n  \"minimum_quality\": 0.15838171066132758,\n  \"runtime_seconds\": 7.345174475000022\n}\n", "truncated": false}, "base_mesh/palace_amr.json": {"size_bytes": 2038, "tail": "{\n  \"Boundaries\": {\n    \"PEC\": {\n      \"Attributes\": [\n        10,\n        11,\n        12,\n        30,\n        31\n      ]\n    }\n  },\n  \"Domains\": {\n    \"Materials\": [\n      {\n        \"Attributes\": [\n          1\n        ],\n        \"LossTan\": 1e-06,\n        \"Permeability\": 1.0,\n        \"Permittivity\": 11.45\n      },\n      {\n        \"Attributes\": [\n          2\n        ],\n        \"LossTan\": 1e-06,\n        \"Permeability\": 1.0,\n        \"Permittivity\": 11.45\n      },\n      {\n        \"Attributes\": [\n          3\n        ],\n        \"Permeability\": 1.0,\n        \"Permittivity\": 1.0\n      },\n      {\n        \"Attributes\": [\n          4\n        ],\n        \"Permeability\": 1.0,\n        \"Permittivity\": 1.0\n      },\n      {\n        \"Attributes\": [\n          5\n        ],\n        \"Permeability\": 1.0,\n        \"Permittivity\": 1.0\n      }\n    ],\n    \"Postprocessing\": {\n      \"Energy\": [\n        {\n          \"Attributes\": [\n            1\n          ],\n          \"Index\": 1\n        },\n        {\n          \"Attributes\": [\n            2\n          ],\n          \"Index\": 2\n        },\n        {\n          \"Attributes\": [\n            3\n          ],\n          \"Index\": 3\n        },\n        {\n          \"Attributes\": [\n            4\n          ],\n          \"Index\": 4\n        },\n        {\n          \"Attributes\": [\n            5\n          ],\n          \"Index\": 5\n        }\n      ]\n    }\n  },\n  \"Model\": {\n    \"L0\": 1e-06,\n    \"Mesh\": \"quarter_wave_base.msh\",\n    \"Refinement\": {\n      \"MaxIts\": 4,\n      \"Nonconformal\": false,\n      \"SaveAdaptIterations\": true,\n      \"SaveAdaptMesh\": true,\n      \"Tol\": 0.0001,\n      \"UpdateFraction\": 0.7\n    }\n  },\n  \"Problem\": {\n    \"Output\": \"postpro\",\n    \"OutputFormats\": {\n      \"GridFunction\": true,\n      \"Paraview\": true\n    },\n    \"Type\": \"Eigenmode\",\n    \"Verbose\": 2\n  },\n  \"Solver\": {\n    \"Device\": \"CPU\",\n    \"Eigenmode\": {\n      \"N\": 4,\n      \"Save\": 4,\n      \"Target\": 2.7,\n      \"Tol\": 1e-09\n    },\n    \"Linear\": {\n      \"MaxIts\": 1000,\n      \"Tol\": 1e-09,\n      \"Type\": \"Default\"\n    },\n    \"Order\": 1\n  }\n}\n", "truncated": false}, "base_mesh/palace.stdout.txt": {"size_bytes": 21558, "tail": "onverged eigenvalues (first = 3.731e-01+3.434e-07i)\n\nComputing solution error estimates and performing postprocessing\n\n     m,        Re{f} (GHz),        Im{f} (GHz),                  Q,      Error (Bkwd.),       Error (Abs.)\n     1,      +5.617129e+00,      +2.584731e-06,      +1.086598e+06,      +5.843047e-17,      +6.148347e-12\n Wrote mode 1 to disk (Paraview)\n Wrote mode 1 to disk (grid function)\n     2,      +6.109230e+00,      +2.810907e-06,      +1.086701e+06,      +6.727587e-17,      +7.079106e-12\n Wrote mode 2 to disk (Paraview)\n Wrote mode 2 to disk (grid function)\n     3,      +1.140031e+01,      +5.240650e-06,      +1.087681e+06,      +1.882828e-16,      +1.981212e-11\n Wrote mode 3 to disk (Paraview)\n Wrote mode 3 to disk (grid function)\n     4,      +1.731335e+01,      +7.974160e-06,      +1.085591e+06,      +5.557182e-15,      +5.847594e-10\n Wrote mode 4 to disk (Paraview)\n Wrote mode 4 to disk (grid function)\n\nCumulative timing statistics:\n\nElapsed Time Report (s)           Min.        Max.        Avg.\n==============================================================\nInitialization                   0.569       2.868       1.719\n  Mesh Preprocessing             1.526       3.827       2.676\nOperator Construction           52.663      52.715      52.689\nLinear Solve                    32.980      32.989      32.984\n  Setup                          7.441       7.444       7.443\n  Preconditioner                80.341      80.356      80.348\nEigenvalue Solve                14.985      15.064      15.025\nDiv.-Free Projection            87.484      87.559      87.522\nEstimation                       2.699       2.804       2.751\n  Construction                  46.860      46.863      46.862\n  Solve                         67.726      67.784      67.755\nAdaptation                       3.697       3.746       3.721\n  Rebalancing                    1.667       1.667       1.667\nPostprocessing                  19.439      19.483      19.461\n  Paraview                     154.035     154.038     154.036\n  Grid function                 82.288      82.288      82.288\nDisk IO                          1.183       1.186       1.185\n--------------------------------------------------------------\nTotal                          660.156     660.157     660.157\n\nPeak Memory                   Per-Node       Total   Total HWM\n==============================================================\nInitialization                    3.9M        3.9M        3.9M\n  Mesh Preprocessing            152.9M      152.9M      156.8M\nOperator Construction           281.9M      281.9M      438.7M\nLinear Solve                      0.0K        0.0K      438.7M\n  Setup                           1.3G        1.3G        1.8G\n  Preconditioner                 10.4G       10.4G       12.2G\nEigenvalue Solve                  7.6M        7.6M       12.2G\nDiv.-Free Projection            180.0M      180.0M       12.3G\nEstimation                      640.8M      640.8M       13.0G\n  Construction                    0.0K        0.0K       13.0G\n  Solve                         440.4M      440.4M       13.4G\nAdaptation                        0.0K        0.0K       13.4G\n  Rebalancing                     0.0K        0.0K       13.4G\nPostprocessing                   93.0M       93.0M       13.5G\n  Paraview                        8.7M        8.7M       13.5G\n  Grid function                 512.0K      512.0K       13.5G\nDisk IO                          67.3M       67.3M       13.6G\n--------------------------------------------------------------\nTotal                            13.6G       13.6G       13.6G\nEstimated peak per-rank memory usage is: Min. 6.7G, Max. 7.0G, Avg. 6.8G, Total 13.6G\nEstimated peak per-node memory usage is: Min. 13.6G, Max. 13.6G, Avg. 13.6G, Total 13.6G\n\nAdaptive mesh refinement (AMR) iteration 2:\n Indicator norm = 3.846e-01, global unknowns = 924336\n Max. iterations = 4, tol. = 1.000e-04\n Marked 127539/759141 elements for refinement (70.00% of the error, \u03b8 = 0.70)\n Conforming mesh refinement added 2607704 elements (initial = 759141, final = 3366845)\n", "truncated": true}, "base_mesh/palace.stderr.txt": {"size_bytes": 0, "tail": "", "truncated": false}, "base_mesh/resource_summary.json": {"unavailable": "FileNotFoundError"}, "base_mesh/resource_samples.json": {"unavailable": "FileNotFoundError"}}, "cgroup_path": "/system.slice/hosted-compute-agent.service", "cgroup_memory": {"memory.current": {"size_bytes": 0, "tail": "8195899392\n", "truncated": false}, "memory.peak": {"size_bytes": 0, "tail": "15823683584\n", "truncated": false}, "memory.max": {"size_bytes": 0, "tail": "max\n", "truncated": false}, "memory.events": {"size_bytes": 0, "tail": "low 0\nhigh 0\nmax 0\noom 0\noom_kill 0\noom_group_kill 0\n", "truncated": false}}, "process_columns": "pid ppid rss_KiB vsz_KiB cpu_percent command_name", "largest_processes": [" 680588  680539 3432488 3767948 99.9 palace-x86_64.b", " 680591  680539 3304908 3655332 99.9 palace-x86_64.b", "   2105    2102 126192 1431768 0.2 provjobd1430605", "   2297    2277 121164 274485608 0.4 Runner.Worker", " 680278  680275 83596 1295316 1.4 textlayout", "   2277    2089 80112 274411092 0.0 Runner.Listener", "   1387       1 60236 2045424 0.0 dockerd", "    218       1 43716 305388  0.0 multipathd", "   1009       1 43124 295288  0.0 php-fpm8.3", "   1083       1 36684 1960792 0.0 containerd", "   1390    1044 29972 454664  0.0 python3", " 680275  680273 26260 216752  0.0 uv"]}
palace	UNKNOWN STEP	2026-10-05T11:53:35.8102098Z {"schema": "textlayout.palace-ci-observation.v1", "timestamp": "2026-10-05T11:53:35.789004+00:00", "scope": "host/process diagnostics; not numerical validation", "meminfo": {"size_bytes": 1615, "head": "MemTotal:       16373452 kB\nMemFree:         7603500 kB\nMemAvailable:    8488660 kB\nBuffers:           13668 kB\nCached:           999112 kB\nSwapCached:          456 kB\nActive:          1366132 kB\nInactive:        6735868 kB\nActive(anon):    1239196 kB\nInactive(anon):  5929688 kB\nActive(file):     126936 kB\nInactive(file):   806180 kB\nUnevictable:       46780 kB\nMlocked:           43708 kB\nSwapTotal:       3145724 kB\nSwapFree:        3138540 kB\nZswap:                 0 kB\nZswapped:              0 kB\nDirty:                 4 kB\nWriteback:             0 kB\nAnonPages:       7131576 kB\nMapped:           277200 kB\nShmem:             70912 kB\nKReclaimable:     297996 kB\nSlab:             400800 kB\nSReclaimable:     297996 kB\nSUnreclaim:       102804 kB\nKernelStack:        4404 kB\nPageTables:        21748 kB\nSecPageTables:         0 kB\nNFS_Unstable:          0 kB\nBounce:                0 kB\nWritebackTmp:          0 kB\nCommitLimit:    11332448 kB\nCommitted_AS:    9912604 kB\nVmallocTotal:   34359738367 kB\nVmallocUsed:       39680 kB\nVmallocChunk:          0 kB\nPercpu:             2400 kB\nHardwareCorrupted:     0 kB\nAnonHugePages:   1681408 kB\nShmemHugePages:        0 kB\nShmemPmdMapped:        0 kB\nFileHugePages:         0 kB\nFilePmdMapped:         0 kB\nCmaTotal:              0 kB\nCmaFree:               0 kB\nUnaccepted:            0 kB\nBalloon:               0 kB\nHugePages_Total:       0\nHugePages_Free:        0\nHugePages_Rsvd:        0\nHugePages_Surp:        0\nHugepagesize:       2048 kB\nHugetlb:               0 kB\nDirectMap4k:      109696 kB\nDirectMap2M:     4079616 kB\nDirectMap1G:    14680064 kB\n", "truncated": false, "read_mode": "bounded_prefix"}, "files": {"toolchain.json": {"size_bytes": 3922, "tail": "{\n  \"capability\": {\n    \"available\": true,\n    \"container_digest\": null,\n    \"container_engine\": null,\n    \"container_image\": null,\n    \"executable\": \"/home/runner/.cache/textlayout-palace/spack-opt/linux-x86_64_v3/palace-0.17.0-737ugntl33fa5wjglayhp7ojkezkti5s/bin/palace\",\n    \"executable_sha256\": \"ad43ec030f51435f32150a5c72cb324ca03083d2ffc2f91405bbf41c6bc2240f\",\n    \"execution_kind\": \"executable\",\n    \"identified\": true,\n    \"mpi_launcher\": \"/usr/bin/mpirun\",\n    \"status\": \"AVAILABLE\",\n    \"unavailable_reason\": null,\n    \"version\": \"0.17.0\"\n  },\n  \"generated_at\": \"2026-10-05T11:41:06+00:00\",\n  \"git_commit\": \"7b435483afaa5a8cdbfec25c9f6de030605eff13\",\n  \"gmsh\": {\n    \"available\": true,\n    \"expected_version\": \"4.15.2\",\n    \"module\": \"/home/runner/work/Text-to-Layout/Text-to-Layout/.venv/lib/python3.12/site-packages/gmsh.py\",\n    \"module_sha256\": \"f4b0935cebde899750293d87a643090e5ea33c9b18d249267f507db68a0e01c3\",\n    \"version\": \"4.15.2\"\n  },\n  \"install_record\": {\n    \"build_stage\": \"/home/runner/.cache/textlayout-palace/build-stage\",\n    \"compiler_and_mpi_tail\": [\n      \"[+] /home/runner/.cache/textlayout-palace/spack-opt/linux-x86_64_v3/palace-0.17.0-737ugntl33fa5wjglayhp7ojkezkti5s\",\n      \"==> Installing palace-0.17.0-737ugntl33fa5wjglayhp7ojkezkti5s [63/63]\",\n      \"==> Updating view at /home/runner/.cache/textlayout-palace/environment/.spack-env/view\",\n      \"gcc (Ubuntu 13.3.0-6ubuntu2~24.04.1) 13.3.0\",\n      \"g++ (Ubuntu 13.3.0-6ubuntu2~24.04.1) 13.3.0\",\n      \"GNU Fortran (Ubuntu 13.3.0-6ubuntu2~24.04.1) 13.3.0\",\n      \"mpirun (Open MPI) 4.1.6\",\n      \"\"\n    ],\n    \"compiler_versions\": {\n      \"gcc\": \"gcc (Ubuntu 13.3.0-6ubuntu2~24.04.1) 13.3.0\",\n      \"gfortran\": \"GNU Fortran (Ubuntu 13.3.0-6ubuntu2~24.04.1) 13.3.0\",\n      \"gxx\": \"g++ (Ubuntu 13.3.0-6ubuntu2~24.04.1) 13.3.0\"\n    },\n    \"git_commit\": \"7b435483afaa5a8cdbfec25c9f6de030605eff13\",\n    \"gmsh\": {\n      \"available\": true,\n      \"expected_version\": \"4.15.2\",\n      \"module\": \"/home/runner/work/Text-to-Layout/Text-to-Layout/.venv/lib/python3.12/site-packages/gmsh.py\",\n      \"module_sha256\": \"f4b0935cebde899750293d87a643090e5ea33c9b18d249267f507db68a0e01c3\",\n      \"version\": \"4.15.2\"\n    },\n    \"gmsh_version\": \"4.15.2\",\n    \"install_tree\": \"/home/runner/.cache/textlayout-palace/spack-opt\",\n    \"installed_at\": \"2026-10-05T11:40:47.866958+00:00\",\n    \"mpi_version\": \"mpirun (Open MPI) 4.1.6\",\n    \"native_root\": \"/home/runner/.cache/textlayout-palace\",\n    \"palace_commit\": \"12d8069afb5aa9e169a17e303d735e120968e9f2\",\n    \"palace_executable\": \"/home/runner/.cache/textlayout-palace/spack-opt/linux-x86_64_v3/palace-0.17.0-737ugntl33fa5wjglayhp7ojkezkti5s/bin/palace\",\n    \"palace_executable_sha256\": \"ad43ec030f51435f32150a5c72cb324ca03083d2ffc2f91405bbf41c6bc2240f\",\n    \"palace_version\": \"0.17.0\",\n    \"requested_version\": \"0.17.0\",\n    \"reused\": false,\n    \"schema\": \"textlayout.palace-install.v1\",\n    \"source_archive\": {\n      \"available\": true,\n      \"path\": \"/home/runner/work/Text-to-Layout/Text-to-Layout/.tools/external/sources/palace-12d8069afb5aa9e169a17e303d735e120968e9f2.tar.gz\",\n      \"sha256\": \"169f7fe210ea6e771a29bfe0803dd84a774b25b00d2aa3a1f33b9d97a510ff9d\",\n      \"size_bytes\": 47331791\n    },\n    \"source_archive_path\": \"/home/runner/work/Text-to-Layout/Text-to-Layout/.tools/external/sources/palace-12d8069afb5aa9e169a17e303d735e120968e9f2.tar.gz\",\n    \"source_archive_sha256\": \"169f7fe210ea6e771a29bfe0803dd84a774b25b00d2aa3a1f33b9d97a510ff9d\",\n    \"spack_commit\": \"0c2be44e4ece21eb091ad5de4c97716b7c6d4c87\",\n    \"spack_environment\": \"external_tools/palace/spack.yaml\",\n    \"spack_packages_commit\": \"a2928a3376d286ddbf07da62847d5ba5b0fa3c67\",\n    \"spack_runtime_cache\": \"/home/runner/.cache/textlayout-palace\",\n    \"spack_version\": \"1.1.0\",\n    \"status\": \"INSTALLED\",\n    \"strategy\": \"pinned_spack_wsl\"\n  },\n  \"required_palace_version\": \"0.17.0\",\n  \"schema\": \"textlayout.palace-toolchain.v1\"\n}\n", "truncated": false}, "resource_decision.json": {"size_bytes": 288, "tail": "{\n  \"accepted_processes\": 2,\n  \"available_mb\": 14815,\n  \"memory_tier\": \"unknown\",\n  \"preflight_peak_mb\": null,\n  \"rationale\": \"no peak-memory estimate available; honouring the requested count\",\n  \"requested_processes\": 2,\n  \"timestamp\": \"2026-10-05T11:41:06+00:00\",\n  \"total_mb\": 15989\n}\n", "truncated": false}, "run_manifest.json": {"unavailable": "FileNotFoundError"}, "base_mesh/mesh_metrics.json": {"size_bytes": 403, "tail": "{\n  \"element_count\": 206137,\n  \"extents\": {\n    \"lateral_margin_um\": 100.0,\n    \"lid_height_um\": 450.0,\n    \"substrate_thickness_um\": 300.0,\n    \"vacuum_height_um\": 300.0\n  },\n  \"mean_quality\": 0.7263143756565194,\n  \"mesh_scale\": 4.0,\n  \"mesh_sha256\": \"d2c7eee442ccec0b5acf7a37a98b61dd305b53bafb68f0d43dab3ba0dc2b069e\",\n  \"minimum_quality\": 0.15838171066132758,\n  \"runtime_seconds\": 7.345174475000022\n}\n", "truncated": false}, "base_mesh/palace_amr.json": {"size_bytes": 2038, "tail": "{\n  \"Boundaries\": {\n    \"PEC\": {\n      \"Attributes\": [\n        10,\n        11,\n        12,\n        30,\n        31\n      ]\n    }\n  },\n  \"Domains\": {\n    \"Materials\": [\n      {\n        \"Attributes\": [\n          1\n        ],\n        \"LossTan\": 1e-06,\n        \"Permeability\": 1.0,\n        \"Permittivity\": 11.45\n      },\n      {\n        \"Attributes\": [\n          2\n        ],\n        \"LossTan\": 1e-06,\n        \"Permeability\": 1.0,\n        \"Permittivity\": 11.45\n      },\n      {\n        \"Attributes\": [\n          3\n        ],\n        \"Permeability\": 1.0,\n        \"Permittivity\": 1.0\n      },\n      {\n        \"Attributes\": [\n          4\n        ],\n        \"Permeability\": 1.0,\n        \"Permittivity\": 1.0\n      },\n      {\n        \"Attributes\": [\n          5\n        ],\n        \"Permeability\": 1.0,\n        \"Permittivity\": 1.0\n      }\n    ],\n    \"Postprocessing\": {\n      \"Energy\": [\n        {\n          \"Attributes\": [\n            1\n          ],\n          \"Index\": 1\n        },\n        {\n          \"Attributes\": [\n            2\n          ],\n          \"Index\": 2\n        },\n        {\n          \"Attributes\": [\n            3\n          ],\n          \"Index\": 3\n        },\n        {\n          \"Attributes\": [\n            4\n          ],\n          \"Index\": 4\n        },\n        {\n          \"Attributes\": [\n            5\n          ],\n          \"Index\": 5\n        }\n      ]\n    }\n  },\n  \"Model\": {\n    \"L0\": 1e-06,\n    \"Mesh\": \"quarter_wave_base.msh\",\n    \"Refinement\": {\n      \"MaxIts\": 4,\n      \"Nonconformal\": false,\n      \"SaveAdaptIterations\": true,\n      \"SaveAdaptMesh\": true,\n      \"Tol\": 0.0001,\n      \"UpdateFraction\": 0.7\n    }\n  },\n  \"Problem\": {\n    \"Output\": \"postpro\",\n    \"OutputFormats\": {\n      \"GridFunction\": true,\n      \"Paraview\": true\n    },\n    \"Type\": \"Eigenmode\",\n    \"Verbose\": 2\n  },\n  \"Solver\": {\n    \"Device\": \"CPU\",\n    \"Eigenmode\": {\n      \"N\": 4,\n      \"Save\": 4,\n      \"Target\": 2.7,\n      \"Tol\": 1e-09\n    },\n    \"Linear\": {\n      \"MaxIts\": 1000,\n      \"Tol\": 1e-09,\n      \"Type\": \"Default\"\n    },\n    \"Order\": 1\n  }\n}\n", "truncated": false}, "base_mesh/palace.stdout.txt": {"size_bytes": 21558, "tail": "onverged eigenvalues (first = 3.731e-01+3.434e-07i)\n\nComputing solution error estimates and performing postprocessing\n\n     m,        Re{f} (GHz),        Im{f} (GHz),                  Q,      Error (Bkwd.),       Error (Abs.)\n     1,      +5.617129e+00,      +2.584731e-06,      +1.086598e+06,      +5.843047e-17,      +6.148347e-12\n Wrote mode 1 to disk (Paraview)\n Wrote mode 1 to disk (grid function)\n     2,      +6.109230e+00,      +2.810907e-06,      +1.086701e+06,      +6.727587e-17,      +7.079106e-12\n Wrote mode 2 to disk (Paraview)\n Wrote mode 2 to disk (grid function)\n     3,      +1.140031e+01,      +5.240650e-06,      +1.087681e+06,      +1.882828e-16,      +1.981212e-11\n Wrote mode 3 to disk (Paraview)\n Wrote mode 3 to disk (grid function)\n     4,      +1.731335e+01,      +7.974160e-06,      +1.085591e+06,      +5.557182e-15,      +5.847594e-10\n Wrote mode 4 to disk (Paraview)\n Wrote mode 4 to disk (grid function)\n\nCumulative timing statistics:\n\nElapsed Time Report (s)           Min.        Max.        Avg.\n==============================================================\nInitialization                   0.569       2.868       1.719\n  Mesh Preprocessing             1.526       3.827       2.676\nOperator Construction           52.663      52.715      52.689\nLinear Solve                    32.980      32.989      32.984\n  Setup                          7.441       7.444       7.443\n  Preconditioner                80.341      80.356      80.348\nEigenvalue Solve                14.985      15.064      15.025\nDiv.-Free Projection            87.484      87.559      87.522\nEstimation                       2.699       2.804       2.751\n  Construction                  46.860      46.863      46.862\n  Solve                         67.726      67.784      67.755\nAdaptation                       3.697       3.746       3.721\n  Rebalancing                    1.667       1.667       1.667\nPostprocessing                  19.439      19.483      19.461\n  Paraview                     154.035     154.038     154.036\n  Grid function                 82.288      82.288      82.288\nDisk IO                          1.183       1.186       1.185\n--------------------------------------------------------------\nTotal                          660.156     660.157     660.157\n\nPeak Memory                   Per-Node       Total   Total HWM\n==============================================================\nInitialization                    3.9M        3.9M        3.9M\n  Mesh Preprocessing            152.9M      152.9M      156.8M\nOperator Construction           281.9M      281.9M      438.7M\nLinear Solve                      0.0K        0.0K      438.7M\n  Setup                           1.3G        1.3G        1.8G\n  Preconditioner                 10.4G       10.4G       12.2G\nEigenvalue Solve                  7.6M        7.6M       12.2G\nDiv.-Free Projection            180.0M      180.0M       12.3G\nEstimation                      640.8M      640.8M       13.0G\n  Construction                    0.0K        0.0K       13.0G\n  Solve                         440.4M      440.4M       13.4G\nAdaptation                        0.0K        0.0K       13.4G\n  Rebalancing                     0.0K        0.0K       13.4G\nPostprocessing                   93.0M       93.0M       13.5G\n  Paraview                        8.7M        8.7M       13.5G\n  Grid function                 512.0K      512.0K       13.5G\nDisk IO                          67.3M       67.3M       13.6G\n--------------------------------------------------------------\nTotal                            13.6G       13.6G       13.6G\nEstimated peak per-rank memory usage is: Min. 6.7G, Max. 7.0G, Avg. 6.8G, Total 13.6G\nEstimated peak per-node memory usage is: Min. 13.6G, Max. 13.6G, Avg. 13.6G, Total 13.6G\n\nAdaptive mesh refinement (AMR) iteration 2:\n Indicator norm = 3.846e-01, global unknowns = 924336\n Max. iterations = 4, tol. = 1.000e-04\n Marked 127539/759141 elements for refinement (70.00% of the error, \u03b8 = 0.70)\n Conforming mesh refinement added 2607704 elements (initial = 759141, final = 3366845)\n", "truncated": true}, "base_mesh/palace.stderr.txt": {"size_bytes": 0, "tail": "", "truncated": false}, "base_mesh/resource_summary.json": {"unavailable": "FileNotFoundError"}, "base_mesh/resource_samples.json": {"unavailable": "FileNotFoundError"}}, "cgroup_path": "/system.slice/hosted-compute-agent.service", "cgroup_memory": {"memory.current": {"size_bytes": 0, "tail": "8212168704\n", "truncated": false}, "memory.peak": {"size_bytes": 0, "tail": "15823683584\n", "truncated": false}, "memory.max": {"size_bytes": 0, "tail": "max\n", "truncated": false}, "memory.events": {"size_bytes": 0, "tail": "low 0\nhigh 0\nmax 0\noom 0\noom_kill 0\noom_group_kill 0\n", "truncated": false}}, "process_columns": "pid ppid rss_KiB vsz_KiB cpu_percent command_name", "largest_processes": [" 680588  680539 3445904 3767948 99.9 palace-x86_64.b", " 680591  680539 3304908 3655332 99.9 palace-x86_64.b", "   2105    2102 126412 1431768 0.2 provjobd1430605", "   2297    2277 121164 274485608 0.4 Runner.Worker", "   2277    2089 91516 274427504 0.0 Runner.Listener", " 680278  680275 83596 1295316 1.3 textlayout", "   1387       1 60236 2045424 0.0 dockerd", "    218       1 43716 305388  0.0 multipathd", "   1009       1 43124 295288  0.0 php-fpm8.3", "   1083       1 36684 1960792 0.0 containerd", "   1390    1044 30240 454664  0.0 python3", " 680275  680273 26260 216752  0.0 uv"]}
palace	UNKNOWN STEP	2026-10-05T11:54:05.8239713Z {"schema": "textlayout.palace-ci-observation.v1", "timestamp": "2026-10-05T11:54:05.802993+00:00", "scope": "host/process diagnostics; not numerical validation", "meminfo": {"size_bytes": 1615, "head": "MemTotal:       16373452 kB\nMemFree:         7602744 kB\nMemAvailable:    8488540 kB\nBuffers:           13676 kB\nCached:           999796 kB\nSwapCached:          456 kB\nActive:          1364720 kB\nInactive:        6735896 kB\nActive(anon):    1237216 kB\nInactive(anon):  5929632 kB\nActive(file):     127504 kB\nInactive(file):   806264 kB\nUnevictable:       46780 kB\nMlocked:           43708 kB\nSwapTotal:       3145724 kB\nSwapFree:        3138540 kB\nZswap:                 0 kB\nZswapped:              0 kB\nDirty:               152 kB\nWriteback:             0 kB\nAnonPages:       7128720 kB\nMapped:           277904 kB\nShmem:             70952 kB\nKReclaimable:     297980 kB\nSlab:             400760 kB\nSReclaimable:     297980 kB\nSUnreclaim:       102780 kB\nKernelStack:        4288 kB\nPageTables:        21504 kB\nSecPageTables:         0 kB\nNFS_Unstable:          0 kB\nBounce:                0 kB\nWritebackTmp:          0 kB\nCommitLimit:    11332448 kB\nCommitted_AS:    9896248 kB\nVmallocTotal:   34359738367 kB\nVmallocUsed:       39680 kB\nVmallocChunk:          0 kB\nPercpu:             2400 kB\nHardwareCorrupted:     0 kB\nAnonHugePages:   1728512 kB\nShmemHugePages:        0 kB\nShmemPmdMapped:        0 kB\nFileHugePages:         0 kB\nFilePmdMapped:         0 kB\nCmaTotal:              0 kB\nCmaFree:               0 kB\nUnaccepted:            0 kB\nBalloon:               0 kB\nHugePages_Total:       0\nHugePages_Free:        0\nHugePages_Rsvd:        0\nHugePages_Surp:        0\nHugepagesize:       2048 kB\nHugetlb:               0 kB\nDirectMap4k:      109696 kB\nDirectMap2M:     4079616 kB\nDirectMap1G:    14680064 kB\n", "truncated": false, "read_mode": "bounded_prefix"}, "files": {"toolchain.json": {"size_bytes": 3922, "tail": "{\n  \"capability\": {\n    \"available\": true,\n    \"container_digest\": null,\n    \"container_engine\": null,\n    \"container_image\": null,\n    \"executable\": \"/home/runner/.cache/textlayout-palace/spack-opt/linux-x86_64_v3/palace-0.17.0-737ugntl33fa5wjglayhp7ojkezkti5s/bin/palace\",\n    \"executable_sha256\": \"ad43ec030f51435f32150a5c72cb324ca03083d2ffc2f91405bbf41c6bc2240f\",\n    \"execution_kind\": \"executable\",\n    \"identified\": true,\n    \"mpi_launcher\": \"/usr/bin/mpirun\",\n    \"status\": \"AVAILABLE\",\n    \"unavailable_reason\": null,\n    \"version\": \"0.17.0\"\n  },\n  \"generated_at\": \"2026-10-05T11:41:06+00:00\",\n  \"git_commit\": \"7b435483afaa5a8cdbfec25c9f6de030605eff13\",\n  \"gmsh\": {\n    \"available\": true,\n    \"expected_version\": \"4.15.2\",\n    \"module\": \"/home/runner/work/Text-to-Layout/Text-to-Layout/.venv/lib/python3.12/site-packages/gmsh.py\",\n    \"module_sha256\": \"f4b0935cebde899750293d87a643090e5ea33c9b18d249267f507db68a0e01c3\",\n    \"version\": \"4.15.2\"\n  },\n  \"install_record\": {\n    \"build_stage\": \"/home/runner/.cache/textlayout-palace/build-stage\",\n    \"compiler_and_mpi_tail\": [\n      \"[+] /home/runner/.cache/textlayout-palace/spack-opt/linux-x86_64_v3/palace-0.17.0-737ugntl33fa5wjglayhp7ojkezkti5s\",\n      \"==> Installing palace-0.17.0-737ugntl33fa5wjglayhp7ojkezkti5s [63/63]\",\n      \"==> Updating view at /home/runner/.cache/textlayout-palace/environment/.spack-env/view\",\n      \"gcc (Ubuntu 13.3.0-6ubuntu2~24.04.1) 13.3.0\",\n      \"g++ (Ubuntu 13.3.0-6ubuntu2~24.04.1) 13.3.0\",\n      \"GNU Fortran (Ubuntu 13.3.0-6ubuntu2~24.04.1) 13.3.0\",\n      \"mpirun (Open MPI) 4.1.6\",\n      \"\"\n    ],\n    \"compiler_versions\": {\n      \"gcc\": \"gcc (Ubuntu 13.3.0-6ubuntu2~24.04.1) 13.3.0\",\n      \"gfortran\": \"GNU Fortran (Ubuntu 13.3.0-6ubuntu2~24.04.1) 13.3.0\",\n      \"gxx\": \"g++ (Ubuntu 13.3.0-6ubuntu2~24.04.1) 13.3.0\"\n    },\n    \"git_commit\": \"7b435483afaa5a8cdbfec25c9f6de030605eff13\",\n    \"gmsh\": {\n      \"available\": true,\n      \"expected_version\": \"4.15.2\",\n      \"module\": \"/home/runner/work/Text-to-Layout/Text-to-Layout/.venv/lib/python3.12/site-packages/gmsh.py\",\n      \"module_sha256\": \"f4b0935cebde899750293d87a643090e5ea33c9b18d249267f507db68a0e01c3\",\n      \"version\": \"4.15.2\"\n    },\n    \"gmsh_version\": \"4.15.2\",\n    \"install_tree\": \"/home/runner/.cache/textlayout-palace/spack-opt\",\n    \"installed_at\": \"2026-10-05T11:40:47.866958+00:00\",\n    \"mpi_version\": \"mpirun (Open MPI) 4.1.6\",\n    \"native_root\": \"/home/runner/.cache/textlayout-palace\",\n    \"palace_commit\": \"12d8069afb5aa9e169a17e303d735e120968e9f2\",\n    \"palace_executable\": \"/home/runner/.cache/textlayout-palace/spack-opt/linux-x86_64_v3/palace-0.17.0-737ugntl33fa5wjglayhp7ojkezkti5s/bin/palace\",\n    \"palace_executable_sha256\": \"ad43ec030f51435f32150a5c72cb324ca03083d2ffc2f91405bbf41c6bc2240f\",\n    \"palace_version\": \"0.17.0\",\n    \"requested_version\": \"0.17.0\",\n    \"reused\": false,\n    \"schema\": \"textlayout.palace-install.v1\",\n    \"source_archive\": {\n      \"available\": true,\n      \"path\": \"/home/runner/work/Text-to-Layout/Text-to-Layout/.tools/external/sources/palace-12d8069afb5aa9e169a17e303d735e120968e9f2.tar.gz\",\n      \"sha256\": \"169f7fe210ea6e771a29bfe0803dd84a774b25b00d2aa3a1f33b9d97a510ff9d\",\n      \"size_bytes\": 47331791\n    },\n    \"source_archive_path\": \"/home/runner/work/Text-to-Layout/Text-to-Layout/.tools/external/sources/palace-12d8069afb5aa9e169a17e303d735e120968e9f2.tar.gz\",\n    \"source_archive_sha256\": \"169f7fe210ea6e771a29bfe0803dd84a774b25b00d2aa3a1f33b9d97a510ff9d\",\n    \"spack_commit\": \"0c2be44e4ece21eb091ad5de4c97716b7c6d4c87\",\n    \"spack_environment\": \"external_tools/palace/spack.yaml\",\n    \"spack_packages_commit\": \"a2928a3376d286ddbf07da62847d5ba5b0fa3c67\",\n    \"spack_runtime_cache\": \"/home/runner/.cache/textlayout-palace\",\n    \"spack_version\": \"1.1.0\",\n    \"status\": \"INSTALLED\",\n    \"strategy\": \"pinned_spack_wsl\"\n  },\n  \"required_palace_version\": \"0.17.0\",\n  \"schema\": \"textlayout.palace-toolchain.v1\"\n}\n", "truncated": false}, "resource_decision.json": {"size_bytes": 288, "tail": "{\n  \"accepted_processes\": 2,\n  \"available_mb\": 14815,\n  \"memory_tier\": \"unknown\",\n  \"preflight_peak_mb\": null,\n  \"rationale\": \"no peak-memory estimate available; honouring the requested count\",\n  \"requested_processes\": 2,\n  \"timestamp\": \"2026-10-05T11:41:06+00:00\",\n  \"total_mb\": 15989\n}\n", "truncated": false}, "run_manifest.json": {"unavailable": "FileNotFoundError"}, "base_mesh/mesh_metrics.json": {"size_bytes": 403, "tail": "{\n  \"element_count\": 206137,\n  \"extents\": {\n    \"lateral_margin_um\": 100.0,\n    \"lid_height_um\": 450.0,\n    \"substrate_thickness_um\": 300.0,\n    \"vacuum_height_um\": 300.0\n  },\n  \"mean_quality\": 0.7263143756565194,\n  \"mesh_scale\": 4.0,\n  \"mesh_sha256\": \"d2c7eee442ccec0b5acf7a37a98b61dd305b53bafb68f0d43dab3ba0dc2b069e\",\n  \"minimum_quality\": 0.15838171066132758,\n  \"runtime_seconds\": 7.345174475000022\n}\n", "truncated": false}, "base_mesh/palace_amr.json": {"size_bytes": 2038, "tail": "{\n  \"Boundaries\": {\n    \"PEC\": {\n      \"Attributes\": [\n        10,\n        11,\n        12,\n        30,\n        31\n      ]\n    }\n  },\n  \"Domains\": {\n    \"Materials\": [\n      {\n        \"Attributes\": [\n          1\n        ],\n        \"LossTan\": 1e-06,\n        \"Permeability\": 1.0,\n        \"Permittivity\": 11.45\n      },\n      {\n        \"Attributes\": [\n          2\n        ],\n        \"LossTan\": 1e-06,\n        \"Permeability\": 1.0,\n        \"Permittivity\": 11.45\n      },\n      {\n        \"Attributes\": [\n          3\n        ],\n        \"Permeability\": 1.0,\n        \"Permittivity\": 1.0\n      },\n      {\n        \"Attributes\": [\n          4\n        ],\n        \"Permeability\": 1.0,\n        \"Permittivity\": 1.0\n      },\n      {\n        \"Attributes\": [\n          5\n        ],\n        \"Permeability\": 1.0,\n        \"Permittivity\": 1.0\n      }\n    ],\n    \"Postprocessing\": {\n      \"Energy\": [\n        {\n          \"Attributes\": [\n            1\n          ],\n          \"Index\": 1\n        },\n        {\n          \"Attributes\": [\n            2\n          ],\n          \"Index\": 2\n        },\n        {\n          \"Attributes\": [\n            3\n          ],\n          \"Index\": 3\n        },\n        {\n          \"Attributes\": [\n            4\n          ],\n          \"Index\": 4\n        },\n        {\n          \"Attributes\": [\n            5\n          ],\n          \"Index\": 5\n        }\n      ]\n    }\n  },\n  \"Model\": {\n    \"L0\": 1e-06,\n    \"Mesh\": \"quarter_wave_base.msh\",\n    \"Refinement\": {\n      \"MaxIts\": 4,\n      \"Nonconformal\": false,\n      \"SaveAdaptIterations\": true,\n      \"SaveAdaptMesh\": true,\n      \"Tol\": 0.0001,\n      \"UpdateFraction\": 0.7\n    }\n  },\n  \"Problem\": {\n    \"Output\": \"postpro\",\n    \"OutputFormats\": {\n      \"GridFunction\": true,\n      \"Paraview\": true\n    },\n    \"Type\": \"Eigenmode\",\n    \"Verbose\": 2\n  },\n  \"Solver\": {\n    \"Device\": \"CPU\",\n    \"Eigenmode\": {\n      \"N\": 4,\n      \"Save\": 4,\n      \"Target\": 2.7,\n      \"Tol\": 1e-09\n    },\n    \"Linear\": {\n      \"MaxIts\": 1000,\n      \"Tol\": 1e-09,\n      \"Type\": \"Default\"\n    },\n    \"Order\": 1\n  }\n}\n", "truncated": false}, "base_mesh/palace.stdout.txt": {"size_bytes": 21558, "tail": "onverged eigenvalues (first = 3.731e-01+3.434e-07i)\n\nComputing solution error estimates and performing postprocessing\n\n     m,        Re{f} (GHz),        Im{f} (GHz),                  Q,      Error (Bkwd.),       Error (Abs.)\n     1,      +5.617129e+00,      +2.584731e-06,      +1.086598e+06,      +5.843047e-17,      +6.148347e-12\n Wrote mode 1 to disk (Paraview)\n Wrote mode 1 to disk (grid function)\n     2,      +6.109230e+00,      +2.810907e-06,      +1.086701e+06,      +6.727587e-17,      +7.079106e-12\n Wrote mode 2 to disk (Paraview)\n Wrote mode 2 to disk (grid function)\n     3,      +1.140031e+01,      +5.240650e-06,      +1.087681e+06,      +1.882828e-16,      +1.981212e-11\n Wrote mode 3 to disk (Paraview)\n Wrote mode 3 to disk (grid function)\n     4,      +1.731335e+01,      +7.974160e-06,      +1.085591e+06,      +5.557182e-15,      +5.847594e-10\n Wrote mode 4 to disk (Paraview)\n Wrote mode 4 to disk (grid function)\n\nCumulative timing statistics:\n\nElapsed Time Report (s)           Min.        Max.        Avg.\n==============================================================\nInitialization                   0.569       2.868       1.719\n  Mesh Preprocessing             1.526       3.827       2.676\nOperator Construction           52.663      52.715      52.689\nLinear Solve                    32.980      32.989      32.984\n  Setup                          7.441       7.444       7.443\n  Preconditioner                80.341      80.356      80.348\nEigenvalue Solve                14.985      15.064      15.025\nDiv.-Free Projection            87.484      87.559      87.522\nEstimation                       2.699       2.804       2.751\n  Construction                  46.860      46.863      46.862\n  Solve                         67.726      67.784      67.755\nAdaptation                       3.697       3.746       3.721\n  Rebalancing                    1.667       1.667       1.667\nPostprocessing                  19.439      19.483      19.461\n  Paraview                     154.035     154.038     154.036\n  Grid function                 82.288      82.288      82.288\nDisk IO                          1.183       1.186       1.185\n--------------------------------------------------------------\nTotal                          660.156     660.157     660.157\n\nPeak Memory                   Per-Node       Total   Total HWM\n==============================================================\nInitialization                    3.9M        3.9M        3.9M\n  Mesh Preprocessing            152.9M      152.9M      156.8M\nOperator Construction           281.9M      281.9M      438.7M\nLinear Solve                      0.0K        0.0K      438.7M\n  Setup                           1.3G        1.3G        1.8G\n  Preconditioner                 10.4G       10.4G       12.2G\nEigenvalue Solve                  7.6M        7.6M       12.2G\nDiv.-Free Projection            180.0M      180.0M       12.3G\nEstimation                      640.8M      640.8M       13.0G\n  Construction                    0.0K        0.0K       13.0G\n  Solve                         440.4M      440.4M       13.4G\nAdaptation                        0.0K        0.0K       13.4G\n  Rebalancing                     0.0K        0.0K       13.4G\nPostprocessing                   93.0M       93.0M       13.5G\n  Paraview                        8.7M        8.7M       13.5G\n  Grid function                 512.0K      512.0K       13.5G\nDisk IO                          67.3M       67.3M       13.6G\n--------------------------------------------------------------\nTotal                            13.6G       13.6G       13.6G\nEstimated peak per-rank memory usage is: Min. 6.7G, Max. 7.0G, Avg. 6.8G, Total 13.6G\nEstimated peak per-node memory usage is: Min. 13.6G, Max. 13.6G, Avg. 13.6G, Total 13.6G\n\nAdaptive mesh refinement (AMR) iteration 2:\n Indicator norm = 3.846e-01, global unknowns = 924336\n Max. iterations = 4, tol. = 1.000e-04\n Marked 127539/759141 elements for refinement (70.00% of the error, \u03b8 = 0.70)\n Conforming mesh refinement added 2607704 elements (initial = 759141, final = 3366845)\n", "truncated": true}, "base_mesh/palace.stderr.txt": {"size_bytes": 0, "tail": "", "truncated": false}, "base_mesh/resource_summary.json": {"unavailable": "FileNotFoundError"}, "base_mesh/resource_samples.json": {"unavailable": "FileNotFoundError"}}, "cgroup_path": "/system.slice/hosted-compute-agent.service", "cgroup_memory": {"memory.current": {"size_bytes": 0, "tail": "8211292160\n", "truncated": false}, "memory.peak": {"size_bytes": 0, "tail": "15823683584\n", "truncated": false}, "memory.max": {"size_bytes": 0, "tail": "max\n", "truncated": false}, "memory.events": {"size_bytes": 0, "tail": "low 0\nhigh 0\nmax 0\noom 0\noom_kill 0\noom_group_kill 0\n", "truncated": false}}, "process_columns": "pid ppid rss_KiB vsz_KiB cpu_percent command_name", "largest_processes": [" 680588  680539 3446008 3767948 99.9 palace-x86_64.b", " 680591  680539 3305100 3655332 99.9 palace-x86_64.b", "   2105    2102 126244 1431768 0.2 provjobd1430605", "   2297    2277 121108 274485608 0.4 Runner.Worker", "   2277    2089 90844 274411108 0.0 Runner.Listener", " 680278  680275 83596 1295316 1.3 textlayout", "   1387       1 60236 2045424 0.0 dockerd", "    218       1 43716 305388  0.0 multipathd", "   1009       1 43124 295288  0.0 php-fpm8.3", "   1083       1 36684 1960792 0.0 containerd", "   1390    1044 30240 454664  0.0 python3", " 680275  680273 26260 216752  0.0 uv"]}
palace	UNKNOWN STEP	2026-10-05T11:54:35.8395663Z {"schema": "textlayout.palace-ci-observation.v1", "timestamp": "2026-10-05T11:54:35.817184+00:00", "scope": "host/process diagnostics; not numerical validation", "meminfo": {"size_bytes": 1615, "head": "MemTotal:       16373452 kB\nMemFree:         6992404 kB\nMemAvailable:    7880896 kB\nBuffers:           13688 kB\nCached:          1002480 kB\nSwapCached:          456 kB\nActive:          1969168 kB\nInactive:        6735984 kB\nActive(anon):    1839056 kB\nInactive(anon):  5929632 kB\nActive(file):     130112 kB\nInactive(file):   806352 kB\nUnevictable:       46780 kB\nMlocked:           43708 kB\nSwapTotal:       3145724 kB\nSwapFree:        3138540 kB\nZswap:                 0 kB\nZswapped:              0 kB\nDirty:                12 kB\nWriteback:             4 kB\nAnonPages:       7730504 kB\nMapped:           280048 kB\nShmem:             70952 kB\nKReclaimable:     297980 kB\nSlab:             400768 kB\nSReclaimable:     297980 kB\nSUnreclaim:       102788 kB\nKernelStack:        4272 kB\nPageTables:        22652 kB\nSecPageTables:         0 kB\nNFS_Unstable:          0 kB\nBounce:                0 kB\nWritebackTmp:          0 kB\nCommitLimit:    11332448 kB\nCommitted_AS:   10474932 kB\nVmallocTotal:   34359738367 kB\nVmallocUsed:       39632 kB\nVmallocChunk:          0 kB\nPercpu:             2400 kB\nHardwareCorrupted:     0 kB\nAnonHugePages:   2361344 kB\nShmemHugePages:        0 kB\nShmemPmdMapped:        0 kB\nFileHugePages:         0 kB\nFilePmdMapped:         0 kB\nCmaTotal:              0 kB\nCmaFree:               0 kB\nUnaccepted:            0 kB\nBalloon:               0 kB\nHugePages_Total:       0\nHugePages_Free:        0\nHugePages_Rsvd:        0\nHugePages_Surp:        0\nHugepagesize:       2048 kB\nHugetlb:               0 kB\nDirectMap4k:      109696 kB\nDirectMap2M:     4079616 kB\nDirectMap1G:    14680064 kB\n", "truncated": false, "read_mode": "bounded_prefix"}, "files": {"toolchain.json": {"size_bytes": 3922, "tail": "{\n  \"capability\": {\n    \"available\": true,\n    \"container_digest\": null,\n    \"container_engine\": null,\n    \"container_image\": null,\n    \"executable\": \"/home/runner/.cache/textlayout-palace/spack-opt/linux-x86_64_v3/palace-0.17.0-737ugntl33fa5wjglayhp7ojkezkti5s/bin/palace\",\n    \"executable_sha256\": \"ad43ec030f51435f32150a5c72cb324ca03083d2ffc2f91405bbf41c6bc2240f\",\n    \"execution_kind\": \"executable\",\n    \"identified\": true,\n    \"mpi_launcher\": \"/usr/bin/mpirun\",\n    \"status\": \"AVAILABLE\",\n    \"unavailable_reason\": null,\n    \"version\": \"0.17.0\"\n  },\n  \"generated_at\": \"2026-10-05T11:41:06+00:00\",\n  \"git_commit\": \"7b435483afaa5a8cdbfec25c9f6de030605eff13\",\n  \"gmsh\": {\n    \"available\": true,\n    \"expected_version\": \"4.15.2\",\n    \"module\": \"/home/runner/work/Text-to-Layout/Text-to-Layout/.venv/lib/python3.12/site-packages/gmsh.py\",\n    \"module_sha256\": \"f4b0935cebde899750293d87a643090e5ea33c9b18d249267f507db68a0e01c3\",\n    \"version\": \"4.15.2\"\n  },\n  \"install_record\": {\n    \"build_stage\": \"/home/runner/.cache/textlayout-palace/build-stage\",\n    \"compiler_and_mpi_tail\": [\n      \"[+] /home/runner/.cache/textlayout-palace/spack-opt/linux-x86_64_v3/palace-0.17.0-737ugntl33fa5wjglayhp7ojkezkti5s\",\n      \"==> Installing palace-0.17.0-737ugntl33fa5wjglayhp7ojkezkti5s [63/63]\",\n      \"==> Updating view at /home/runner/.cache/textlayout-palace/environment/.spack-env/view\",\n      \"gcc (Ubuntu 13.3.0-6ubuntu2~24.04.1) 13.3.0\",\n      \"g++ (Ubuntu 13.3.0-6ubuntu2~24.04.1) 13.3.0\",\n      \"GNU Fortran (Ubuntu 13.3.0-6ubuntu2~24.04.1) 13.3.0\",\n      \"mpirun (Open MPI) 4.1.6\",\n      \"\"\n    ],\n    \"compiler_versions\": {\n      \"gcc\": \"gcc (Ubuntu 13.3.0-6ubuntu2~24.04.1) 13.3.0\",\n      \"gfortran\": \"GNU Fortran (Ubuntu 13.3.0-6ubuntu2~24.04.1) 13.3.0\",\n      \"gxx\": \"g++ (Ubuntu 13.3.0-6ubuntu2~24.04.1) 13.3.0\"\n    },\n    \"git_commit\": \"7b435483afaa5a8cdbfec25c9f6de030605eff13\",\n    \"gmsh\": {\n      \"available\": true,\n      \"expected_version\": \"4.15.2\",\n      \"module\": \"/home/runner/work/Text-to-Layout/Text-to-Layout/.venv/lib/python3.12/site-packages/gmsh.py\",\n      \"module_sha256\": \"f4b0935cebde899750293d87a643090e5ea33c9b18d249267f507db68a0e01c3\",\n      \"version\": \"4.15.2\"\n    },\n    \"gmsh_version\": \"4.15.2\",\n    \"install_tree\": \"/home/runner/.cache/textlayout-palace/spack-opt\",\n    \"installed_at\": \"2026-10-05T11:40:47.866958+00:00\",\n    \"mpi_version\": \"mpirun (Open MPI) 4.1.6\",\n    \"native_root\": \"/home/runner/.cache/textlayout-palace\",\n    \"palace_commit\": \"12d8069afb5aa9e169a17e303d735e120968e9f2\",\n    \"palace_executable\": \"/home/runner/.cache/textlayout-palace/spack-opt/linux-x86_64_v3/palace-0.17.0-737ugntl33fa5wjglayhp7ojkezkti5s/bin/palace\",\n    \"palace_executable_sha256\": \"ad43ec030f51435f32150a5c72cb324ca03083d2ffc2f91405bbf41c6bc2240f\",\n    \"palace_version\": \"0.17.0\",\n    \"requested_version\": \"0.17.0\",\n    \"reused\": false,\n    \"schema\": \"textlayout.palace-install.v1\",\n    \"source_archive\": {\n      \"available\": true,\n      \"path\": \"/home/runner/work/Text-to-Layout/Text-to-Layout/.tools/external/sources/palace-12d8069afb5aa9e169a17e303d735e120968e9f2.tar.gz\",\n      \"sha256\": \"169f7fe210ea6e771a29bfe0803dd84a774b25b00d2aa3a1f33b9d97a510ff9d\",\n      \"size_bytes\": 47331791\n    },\n    \"source_archive_path\": \"/home/runner/work/Text-to-Layout/Text-to-Layout/.tools/external/sources/palace-12d8069afb5aa9e169a17e303d735e120968e9f2.tar.gz\",\n    \"source_archive_sha256\": \"169f7fe210ea6e771a29bfe0803dd84a774b25b00d2aa3a1f33b9d97a510ff9d\",\n    \"spack_commit\": \"0c2be44e4ece21eb091ad5de4c97716b7c6d4c87\",\n    \"spack_environment\": \"external_tools/palace/spack.yaml\",\n    \"spack_packages_commit\": \"a2928a3376d286ddbf07da62847d5ba5b0fa3c67\",\n    \"spack_runtime_cache\": \"/home/runner/.cache/textlayout-palace\",\n    \"spack_version\": \"1.1.0\",\n    \"status\": \"INSTALLED\",\n    \"strategy\": \"pinned_spack_wsl\"\n  },\n  \"required_palace_version\": \"0.17.0\",\n  \"schema\": \"textlayout.palace-toolchain.v1\"\n}\n", "truncated": false}, "resource_decision.json": {"size_bytes": 288, "tail": "{\n  \"accepted_processes\": 2,\n  \"available_mb\": 14815,\n  \"memory_tier\": \"unknown\",\n  \"preflight_peak_mb\": null,\n  \"rationale\": \"no peak-memory estimate available; honouring the requested count\",\n  \"requested_processes\": 2,\n  \"timestamp\": \"2026-10-05T11:41:06+00:00\",\n  \"total_mb\": 15989\n}\n", "truncated": false}, "run_manifest.json": {"unavailable": "FileNotFoundError"}, "base_mesh/mesh_metrics.json": {"size_bytes": 403, "tail": "{\n  \"element_count\": 206137,\n  \"extents\": {\n    \"lateral_margin_um\": 100.0,\n    \"lid_height_um\": 450.0,\n    \"substrate_thickness_um\": 300.0,\n    \"vacuum_height_um\": 300.0\n  },\n  \"mean_quality\": 0.7263143756565194,\n  \"mesh_scale\": 4.0,\n  \"mesh_sha256\": \"d2c7eee442ccec0b5acf7a37a98b61dd305b53bafb68f0d43dab3ba0dc2b069e\",\n  \"minimum_quality\": 0.15838171066132758,\n  \"runtime_seconds\": 7.345174475000022\n}\n", "truncated": false}, "base_mesh/palace_amr.json": {"size_bytes": 2038, "tail": "{\n  \"Boundaries\": {\n    \"PEC\": {\n      \"Attributes\": [\n        10,\n        11,\n        12,\n        30,\n        31\n      ]\n    }\n  },\n  \"Domains\": {\n    \"Materials\": [\n      {\n        \"Attributes\": [\n          1\n        ],\n        \"LossTan\": 1e-06,\n        \"Permeability\": 1.0,\n        \"Permittivity\": 11.45\n      },\n      {\n        \"Attributes\": [\n          2\n        ],\n        \"LossTan\": 1e-06,\n        \"Permeability\": 1.0,\n        \"Permittivity\": 11.45\n      },\n      {\n        \"Attributes\": [\n          3\n        ],\n        \"Permeability\": 1.0,\n        \"Permittivity\": 1.0\n      },\n      {\n        \"Attributes\": [\n          4\n        ],\n        \"Permeability\": 1.0,\n        \"Permittivity\": 1.0\n      },\n      {\n        \"Attributes\": [\n          5\n        ],\n        \"Permeability\": 1.0,\n        \"Permittivity\": 1.0\n      }\n    ],\n    \"Postprocessing\": {\n      \"Energy\": [\n        {\n          \"Attributes\": [\n            1\n          ],\n          \"Index\": 1\n        },\n        {\n          \"Attributes\": [\n            2\n          ],\n          \"Index\": 2\n        },\n        {\n          \"Attributes\": [\n            3\n          ],\n          \"Index\": 3\n        },\n        {\n          \"Attributes\": [\n            4\n          ],\n          \"Index\": 4\n        },\n        {\n          \"Attributes\": [\n            5\n          ],\n          \"Index\": 5\n        }\n      ]\n    }\n  },\n  \"Model\": {\n    \"L0\": 1e-06,\n    \"Mesh\": \"quarter_wave_base.msh\",\n    \"Refinement\": {\n      \"MaxIts\": 4,\n      \"Nonconformal\": false,\n      \"SaveAdaptIterations\": true,\n      \"SaveAdaptMesh\": true,\n      \"Tol\": 0.0001,\n      \"UpdateFraction\": 0.7\n    }\n  },\n  \"Problem\": {\n    \"Output\": \"postpro\",\n    \"OutputFormats\": {\n      \"GridFunction\": true,\n      \"Paraview\": true\n    },\n    \"Type\": \"Eigenmode\",\n    \"Verbose\": 2\n  },\n  \"Solver\": {\n    \"Device\": \"CPU\",\n    \"Eigenmode\": {\n      \"N\": 4,\n      \"Save\": 4,\n      \"Target\": 2.7,\n      \"Tol\": 1e-09\n    },\n    \"Linear\": {\n      \"MaxIts\": 1000,\n      \"Tol\": 1e-09,\n      \"Type\": \"Default\"\n    },\n    \"Order\": 1\n  }\n}\n", "truncated": false}, "base_mesh/palace.stdout.txt": {"size_bytes": 22476, "tail": "isk (grid function)\n\nCumulative timing statistics:\n\nElapsed Time Report (s)           Min.        Max.        Avg.\n==============================================================\nInitialization                   0.569       2.868       1.719\n  Mesh Preprocessing             1.526       3.827       2.676\nOperator Construction           52.663      52.715      52.689\nLinear Solve                    32.980      32.989      32.984\n  Setup                          7.441       7.444       7.443\n  Preconditioner                80.341      80.356      80.348\nEigenvalue Solve                14.985      15.064      15.025\nDiv.-Free Projection            87.484      87.559      87.522\nEstimation                       2.699       2.804       2.751\n  Construction                  46.860      46.863      46.862\n  Solve                         67.726      67.784      67.755\nAdaptation                       3.697       3.746       3.721\n  Rebalancing                    1.667       1.667       1.667\nPostprocessing                  19.439      19.483      19.461\n  Paraview                     154.035     154.038     154.036\n  Grid function                 82.288      82.288      82.288\nDisk IO                          1.183       1.186       1.185\n--------------------------------------------------------------\nTotal                          660.156     660.157     660.157\n\nPeak Memory                   Per-Node       Total   Total HWM\n==============================================================\nInitialization                    3.9M        3.9M        3.9M\n  Mesh Preprocessing            152.9M      152.9M      156.8M\nOperator Construction           281.9M      281.9M      438.7M\nLinear Solve                      0.0K        0.0K      438.7M\n  Setup                           1.3G        1.3G        1.8G\n  Preconditioner                 10.4G       10.4G       12.2G\nEigenvalue Solve                  7.6M        7.6M       12.2G\nDiv.-Free Projection            180.0M      180.0M       12.3G\nEstimation                      640.8M      640.8M       13.0G\n  Construction                    0.0K        0.0K       13.0G\n  Solve                         440.4M      440.4M       13.4G\nAdaptation                        0.0K        0.0K       13.4G\n  Rebalancing                     0.0K        0.0K       13.4G\nPostprocessing                   93.0M       93.0M       13.5G\n  Paraview                        8.7M        8.7M       13.5G\n  Grid function                 512.0K      512.0K       13.5G\nDisk IO                          67.3M       67.3M       13.6G\n--------------------------------------------------------------\nTotal                            13.6G       13.6G       13.6G\nEstimated peak per-rank memory usage is: Min. 6.7G, Max. 7.0G, Avg. 6.8G, Total 13.6G\nEstimated peak per-node memory usage is: Min. 13.6G, Max. 13.6G, Avg. 13.6G, Total 13.6G\n\nAdaptive mesh refinement (AMR) iteration 2:\n Indicator norm = 3.846e-01, global unknowns = 924336\n Max. iterations = 4, tol. = 1.000e-04\n Marked 127539/759141 elements for refinement (70.00% of the error, \u03b8 = 0.70)\n Conforming mesh refinement added 2607704 elements (initial = 759141, final = 3366845)\n Rebalanced mesh: Ratio 1.161 exceeded max. allowed value 1.100 (new ratio = 1.000)\n\nParallel Mesh Stats:\n\n                minimum     average     maximum       total\n vertices        304927      306126      307326      612253\n edges          2019354     2022337     2025320     4044674\n faces          3397808     3399633     3401458     6799266\n elements       1683380     1683422     1683465     3366845\n neighbors            1           1           1\n\n            minimum     maximum\n h      0.000163591   0.0319171\n kappa      1.04077     28.0205\n\nProceeding with solve/estimate iteration 3...\n\nConfiguring Dirichlet PEC BC at attributes:\n 10-12, 30-31\n\nAssembling system matrices, number of global unknowns:\n H1 (p = 1): 612253, ND (p = 1): 4044674, RT (p = 1): 6799266\n Operator assembly level: Partial\n Mesh geometries:\n  Tetrahedron: P = 6, Q = 4 (quadrature order = 2)\n\nConfiguring ARPACK eigenvalue solver:\n", "truncated": true}, "base_mesh/palace.stderr.txt": {"size_bytes": 0, "tail": "", "truncated": false}, "base_mesh/resource_summary.json": {"unavailable": "FileNotFoundError"}, "base_mesh/resource_samples.json": {"unavailable": "FileNotFoundError"}}, "cgroup_path": "/system.slice/hosted-compute-agent.service", "cgroup_memory": {"memory.current": {"size_bytes": 0, "tail": "8831143936\n", "truncated": false}, "memory.peak": {"size_bytes": 0, "tail": "15823683584\n", "truncated": false}, "memory.max": {"size_bytes": 0, "tail": "max\n", "truncated": false}, "memory.events": {"size_bytes": 0, "tail": "low 0\nhigh 0\nmax 0\noom 0\noom_kill 0\noom_group_kill 0\n", "truncated": false}}, "process_columns": "pid ppid rss_KiB vsz_KiB cpu_percent command_name", "largest_processes": [" 680588  680539 4026800 4346644 99.9 palace-x86_64.b", " 680591  680539 3329840 3655332 99.9 palace-x86_64.b", "   2105    2102 126664 1431768 0.2 provjobd1430605", "   2297    2277 121124 274485608 0.4 Runner.Worker", "   2277    2089 90832 274411092 0.0 Runner.Listener", " 680278  680275 83596 1295316 1.2 textlayout", "   1387       1 60236 2045424 0.0 dockerd", "    218       1 43716 305388  0.0 multipathd", "   1009       1 43124 295288  0.0 php-fpm8.3", "   1083       1 36684 1960792 0.0 containerd", "   1390    1044 30240 454664  0.0 python3", " 680275  680273 26260 216752  0.0 uv"]}
palace	UNKNOWN STEP	2026-10-05T11:55:05.8562208Z {"schema": "textlayout.palace-ci-observation.v1", "timestamp": "2026-10-05T11:55:05.832312+00:00", "scope": "host/process diagnostics; not numerical validation", "meminfo": {"size_bytes": 1615, "head": "MemTotal:       16373452 kB\nMemFree:         6991836 kB\nMemAvailable:    7880472 kB\nBuffers:           13700 kB\nCached:          1002612 kB\nSwapCached:          456 kB\nActive:          1996872 kB\nInactive:        6713908 kB\nActive(anon):    1866732 kB\nInactive(anon):  5907440 kB\nActive(file):     130140 kB\nInactive(file):   806468 kB\nUnevictable:       46780 kB\nMlocked:           43708 kB\nSwapTotal:       3145724 kB\nSwapFree:        3138540 kB\nZswap:                 0 kB\nZswapped:              0 kB\nDirty:              1376 kB\nWriteback:             0 kB\nAnonPages:       7735980 kB\nMapped:           294492 kB\nShmem:             70952 kB\nKReclaimable:     297980 kB\nSlab:             400804 kB\nSReclaimable:     297980 kB\nSUnreclaim:       102824 kB\nKernelStack:        4376 kB\nPageTables:        23240 kB\nSecPageTables:         0 kB\nNFS_Unstable:          0 kB\nBounce:                0 kB\nWritebackTmp:          0 kB\nCommitLimit:    11332448 kB\nCommitted_AS:   10501616 kB\nVmallocTotal:   34359738367 kB\nVmallocUsed:       39744 kB\nVmallocChunk:          0 kB\nPercpu:             2400 kB\nHardwareCorrupted:     0 kB\nAnonHugePages:   2410496 kB\nShmemHugePages:        0 kB\nShmemPmdMapped:        0 kB\nFileHugePages:         0 kB\nFilePmdMapped:         0 kB\nCmaTotal:              0 kB\nCmaFree:               0 kB\nUnaccepted:            0 kB\nBalloon:               0 kB\nHugePages_Total:       0\nHugePages_Free:        0\nHugePages_Rsvd:        0\nHugePages_Surp:        0\nHugepagesize:       2048 kB\nHugetlb:               0 kB\nDirectMap4k:      109696 kB\nDirectMap2M:     4079616 kB\nDirectMap1G:    14680064 kB\n", "truncated": false, "read_mode": "bounded_prefix"}, "files": {"toolchain.json": {"size_bytes": 3922, "tail": "{\n  \"capability\": {\n    \"available\": true,\n    \"container_digest\": null,\n    \"container_engine\": null,\n    \"container_image\": null,\n    \"executable\": \"/home/runner/.cache/textlayout-palace/spack-opt/linux-x86_64_v3/palace-0.17.0-737ugntl33fa5wjglayhp7ojkezkti5s/bin/palace\",\n    \"executable_sha256\": \"ad43ec030f51435f32150a5c72cb324ca03083d2ffc2f91405bbf41c6bc2240f\",\n    \"execution_kind\": \"executable\",\n    \"identified\": true,\n    \"mpi_launcher\": \"/usr/bin/mpirun\",\n    \"status\": \"AVAILABLE\",\n    \"unavailable_reason\": null,\n    \"version\": \"0.17.0\"\n  },\n  \"generated_at\": \"2026-10-05T11:41:06+00:00\",\n  \"git_commit\": \"7b435483afaa5a8cdbfec25c9f6de030605eff13\",\n  \"gmsh\": {\n    \"available\": true,\n    \"expected_version\": \"4.15.2\",\n    \"module\": \"/home/runner/work/Text-to-Layout/Text-to-Layout/.venv/lib/python3.12/site-packages/gmsh.py\",\n    \"module_sha256\": \"f4b0935cebde899750293d87a643090e5ea33c9b18d249267f507db68a0e01c3\",\n    \"version\": \"4.15.2\"\n  },\n  \"install_record\": {\n    \"build_stage\": \"/home/runner/.cache/textlayout-palace/build-stage\",\n    \"compiler_and_mpi_tail\": [\n      \"[+] /home/runner/.cache/textlayout-palace/spack-opt/linux-x86_64_v3/palace-0.17.0-737ugntl33fa5wjglayhp7ojkezkti5s\",\n      \"==> Installing palace-0.17.0-737ugntl33fa5wjglayhp7ojkezkti5s [63/63]\",\n      \"==> Updating view at /home/runner/.cache/textlayout-palace/environment/.spack-env/view\",\n      \"gcc (Ubuntu 13.3.0-6ubuntu2~24.04.1) 13.3.0\",\n      \"g++ (Ubuntu 13.3.0-6ubuntu2~24.04.1) 13.3.0\",\n      \"GNU Fortran (Ubuntu 13.3.0-6ubuntu2~24.04.1) 13.3.0\",\n      \"mpirun (Open MPI) 4.1.6\",\n      \"\"\n    ],\n    \"compiler_versions\": {\n      \"gcc\": \"gcc (Ubuntu 13.3.0-6ubuntu2~24.04.1) 13.3.0\",\n      \"gfortran\": \"GNU Fortran (Ubuntu 13.3.0-6ubuntu2~24.04.1) 13.3.0\",\n      \"gxx\": \"g++ (Ubuntu 13.3.0-6ubuntu2~24.04.1) 13.3.0\"\n    },\n    \"git_commit\": \"7b435483afaa5a8cdbfec25c9f6de030605eff13\",\n    \"gmsh\": {\n      \"available\": true,\n      \"expected_version\": \"4.15.2\",\n      \"module\": \"/home/runner/work/Text-to-Layout/Text-to-Layout/.venv/lib/python3.12/site-packages/gmsh.py\",\n      \"module_sha256\": \"f4b0935cebde899750293d87a643090e5ea33c9b18d249267f507db68a0e01c3\",\n      \"version\": \"4.15.2\"\n    },\n    \"gmsh_version\": \"4.15.2\",\n    \"install_tree\": \"/home/runner/.cache/textlayout-palace/spack-opt\",\n    \"installed_at\": \"2026-10-05T11:40:47.866958+00:00\",\n    \"mpi_version\": \"mpirun (Open MPI) 4.1.6\",\n    \"native_root\": \"/home/runner/.cache/textlayout-palace\",\n    \"palace_commit\": \"12d8069afb5aa9e169a17e303d735e120968e9f2\",\n    \"palace_executable\": \"/home/runner/.cache/textlayout-palace/spack-opt/linux-x86_64_v3/palace-0.17.0-737ugntl33fa5wjglayhp7ojkezkti5s/bin/palace\",\n    \"palace_executable_sha256\": \"ad43ec030f51435f32150a5c72cb324ca03083d2ffc2f91405bbf41c6bc2240f\",\n    \"palace_version\": \"0.17.0\",\n    \"requested_version\": \"0.17.0\",\n    \"reused\": false,\n    \"schema\": \"textlayout.palace-install.v1\",\n    \"source_archive\": {\n      \"available\": true,\n      \"path\": \"/home/runner/work/Text-to-Layout/Text-to-Layout/.tools/external/sources/palace-12d8069afb5aa9e169a17e303d735e120968e9f2.tar.gz\",\n      \"sha256\": \"169f7fe210ea6e771a29bfe0803dd84a774b25b00d2aa3a1f33b9d97a510ff9d\",\n      \"size_bytes\": 47331791\n    },\n    \"source_archive_path\": \"/home/runner/work/Text-to-Layout/Text-to-Layout/.tools/external/sources/palace-12d8069afb5aa9e169a17e303d735e120968e9f2.tar.gz\",\n    \"source_archive_sha256\": \"169f7fe210ea6e771a29bfe0803dd84a774b25b00d2aa3a1f33b9d97a510ff9d\",\n    \"spack_commit\": \"0c2be44e4ece21eb091ad5de4c97716b7c6d4c87\",\n    \"spack_environment\": \"external_tools/palace/spack.yaml\",\n    \"spack_packages_commit\": \"a2928a3376d286ddbf07da62847d5ba5b0fa3c67\",\n    \"spack_runtime_cache\": \"/home/runner/.cache/textlayout-palace\",\n    \"spack_version\": \"1.1.0\",\n    \"status\": \"INSTALLED\",\n    \"strategy\": \"pinned_spack_wsl\"\n  },\n  \"required_palace_version\": \"0.17.0\",\n  \"schema\": \"textlayout.palace-toolchain.v1\"\n}\n", "truncated": false}, "resource_decision.json": {"size_bytes": 288, "tail": "{\n  \"accepted_processes\": 2,\n  \"available_mb\": 14815,\n  \"memory_tier\": \"unknown\",\n  \"preflight_peak_mb\": null,\n  \"rationale\": \"no peak-memory estimate available; honouring the requested count\",\n  \"requested_processes\": 2,\n  \"timestamp\": \"2026-10-05T11:41:06+00:00\",\n  \"total_mb\": 15989\n}\n", "truncated": false}, "run_manifest.json": {"unavailable": "FileNotFoundError"}, "base_mesh/mesh_metrics.json": {"size_bytes": 403, "tail": "{\n  \"element_count\": 206137,\n  \"extents\": {\n    \"lateral_margin_um\": 100.0,\n    \"lid_height_um\": 450.0,\n    \"substrate_thickness_um\": 300.0,\n    \"vacuum_height_um\": 300.0\n  },\n  \"mean_quality\": 0.7263143756565194,\n  \"mesh_scale\": 4.0,\n  \"mesh_sha256\": \"d2c7eee442ccec0b5acf7a37a98b61dd305b53bafb68f0d43dab3ba0dc2b069e\",\n  \"minimum_quality\": 0.15838171066132758,\n  \"runtime_seconds\": 7.345174475000022\n}\n", "truncated": false}, "base_mesh/palace_amr.json": {"size_bytes": 2038, "tail": "{\n  \"Boundaries\": {\n    \"PEC\": {\n      \"Attributes\": [\n        10,\n        11,\n        12,\n        30,\n        31\n      ]\n    }\n  },\n  \"Domains\": {\n    \"Materials\": [\n      {\n        \"Attributes\": [\n          1\n        ],\n        \"LossTan\": 1e-06,\n        \"Permeability\": 1.0,\n        \"Permittivity\": 11.45\n      },\n      {\n        \"Attributes\": [\n          2\n        ],\n        \"LossTan\": 1e-06,\n        \"Permeability\": 1.0,\n        \"Permittivity\": 11.45\n      },\n      {\n        \"Attributes\": [\n          3\n        ],\n        \"Permeability\": 1.0,\n        \"Permittivity\": 1.0\n      },\n      {\n        \"Attributes\": [\n          4\n        ],\n        \"Permeability\": 1.0,\n        \"Permittivity\": 1.0\n      },\n      {\n        \"Attributes\": [\n          5\n        ],\n        \"Permeability\": 1.0,\n        \"Permittivity\": 1.0\n      }\n    ],\n    \"Postprocessing\": {\n      \"Energy\": [\n        {\n          \"Attributes\": [\n            1\n          ],\n          \"Index\": 1\n        },\n        {\n          \"Attributes\": [\n            2\n          ],\n          \"Index\": 2\n        },\n        {\n          \"Attributes\": [\n            3\n          ],\n          \"Index\": 3\n        },\n        {\n          \"Attributes\": [\n            4\n          ],\n          \"Index\": 4\n        },\n        {\n          \"Attributes\": [\n            5\n          ],\n          \"Index\": 5\n        }\n      ]\n    }\n  },\n  \"Model\": {\n    \"L0\": 1e-06,\n    \"Mesh\": \"quarter_wave_base.msh\",\n    \"Refinement\": {\n      \"MaxIts\": 4,\n      \"Nonconformal\": false,\n      \"SaveAdaptIterations\": true,\n      \"SaveAdaptMesh\": true,\n      \"Tol\": 0.0001,\n      \"UpdateFraction\": 0.7\n    }\n  },\n  \"Problem\": {\n    \"Output\": \"postpro\",\n    \"OutputFormats\": {\n      \"GridFunction\": true,\n      \"Paraview\": true\n    },\n    \"Type\": \"Eigenmode\",\n    \"Verbose\": 2\n  },\n  \"Solver\": {\n    \"Device\": \"CPU\",\n    \"Eigenmode\": {\n      \"N\": 4,\n      \"Save\": 4,\n      \"Target\": 2.7,\n      \"Tol\": 1e-09\n    },\n    \"Linear\": {\n      \"MaxIts\": 1000,\n      \"Tol\": 1e-09,\n      \"Type\": \"Default\"\n    },\n    \"Order\": 1\n  }\n}\n", "truncated": false}, "base_mesh/palace.stdout.txt": {"size_bytes": 22476, "tail": "isk (grid function)\n\nCumulative timing statistics:\n\nElapsed Time Report (s)           Min.        Max.        Avg.\n==============================================================\nInitialization                   0.569       2.868       1.719\n  Mesh Preprocessing             1.526       3.827       2.676\nOperator Construction           52.663      52.715      52.689\nLinear Solve                    32.980      32.989      32.984\n  Setup                          7.441       7.444       7.443\n  Preconditioner                80.341      80.356      80.348\nEigenvalue Solve                14.985      15.064      15.025\nDiv.-Free Projection            87.484      87.559      87.522\nEstimation                       2.699       2.804       2.751\n  Construction                  46.860      46.863      46.862\n  Solve                         67.726      67.784      67.755\nAdaptation                       3.697       3.746       3.721\n  Rebalancing                    1.667       1.667       1.667\nPostprocessing                  19.439      19.483      19.461\n  Paraview                     154.035     154.038     154.036\n  Grid function                 82.288      82.288      82.288\nDisk IO                          1.183       1.186       1.185\n--------------------------------------------------------------\nTotal                          660.156     660.157     660.157\n\nPeak Memory                   Per-Node       Total   Total HWM\n==============================================================\nInitialization                    3.9M        3.9M        3.9M\n  Mesh Preprocessing            152.9M      152.9M      156.8M\nOperator Construction           281.9M      281.9M      438.7M\nLinear Solve                      0.0K        0.0K      438.7M\n  Setup                           1.3G        1.3G        1.8G\n  Preconditioner                 10.4G       10.4G       12.2G\nEigenvalue Solve                  7.6M        7.6M       12.2G\nDiv.-Free Projection            180.0M      180.0M       12.3G\nEstimation                      640.8M      640.8M       13.0G\n  Construction                    0.0K        0.0K       13.0G\n  Solve                         440.4M      440.4M       13.4G\nAdaptation                        0.0K        0.0K       13.4G\n  Rebalancing                     0.0K        0.0K       13.4G\nPostprocessing                   93.0M       93.0M       13.5G\n  Paraview                        8.7M        8.7M       13.5G\n  Grid function                 512.0K      512.0K       13.5G\nDisk IO                          67.3M       67.3M       13.6G\n--------------------------------------------------------------\nTotal                            13.6G       13.6G       13.6G\nEstimated peak per-rank memory usage is: Min. 6.7G, Max. 7.0G, Avg. 6.8G, Total 13.6G\nEstimated peak per-node memory usage is: Min. 13.6G, Max. 13.6G, Avg. 13.6G, Total 13.6G\n\nAdaptive mesh refinement (AMR) iteration 2:\n Indicator norm = 3.846e-01, global unknowns = 924336\n Max. iterations = 4, tol. = 1.000e-04\n Marked 127539/759141 elements for refinement (70.00% of the error, \u03b8 = 0.70)\n Conforming mesh refinement added 2607704 elements (initial = 759141, final = 3366845)\n Rebalanced mesh: Ratio 1.161 exceeded max. allowed value 1.100 (new ratio = 1.000)\n\nParallel Mesh Stats:\n\n                minimum     average     maximum       total\n vertices        304927      306126      307326      612253\n edges          2019354     2022337     2025320     4044674\n faces          3397808     3399633     3401458     6799266\n elements       1683380     1683422     1683465     3366845\n neighbors            1           1           1\n\n            minimum     maximum\n h      0.000163591   0.0319171\n kappa      1.04077     28.0205\n\nProceeding with solve/estimate iteration 3...\n\nConfiguring Dirichlet PEC BC at attributes:\n 10-12, 30-31\n\nAssembling system matrices, number of global unknowns:\n H1 (p = 1): 612253, ND (p = 1): 4044674, RT (p = 1): 6799266\n Operator assembly level: Partial\n Mesh geometries:\n  Tetrahedron: P = 6, Q = 4 (quadrature order = 2)\n\nConfiguring ARPACK eigenvalue solver:\n", "truncated": true}, "base_mesh/palace.stderr.txt": {"size_bytes": 0, "tail": "", "truncated": false}, "base_mesh/resource_summary.json": {"unavailable": "FileNotFoundError"}, "base_mesh/resource_samples.json": {"unavailable": "FileNotFoundError"}}, "cgroup_path": "/system.slice/hosted-compute-agent.service", "cgroup_memory": {"memory.current": {"size_bytes": 0, "tail": "8838008832\n", "truncated": false}, "memory.peak": {"size_bytes": 0, "tail": "15823683584\n", "truncated": false}, "memory.max": {"size_bytes": 0, "tail": "max\n", "truncated": false}, "memory.events": {"size_bytes": 0, "tail": "low 0\nhigh 0\nmax 0\noom 0\noom_kill 0\noom_group_kill 0\n", "truncated": false}}, "process_columns": "pid ppid rss_KiB vsz_KiB cpu_percent command_name", "largest_processes": [" 680588  680539 4026800 4346644 99.9 palace-x86_64.b", " 680591  680539 3329840 3655332 99.9 palace-x86_64.b", "   2105    2102 125448 1431768 0.2 provjobd1430605", "   2297    2277 121124 274485608 0.4 Runner.Worker", "   2277    2089 90844 274411092 0.0 Runner.Listener", " 680278  680275 83596 1295316 1.2 textlayout", "   1387       1 60236 2045424 0.0 dockerd", "    218       1 43716 305388  0.0 multipathd", "   1009       1 43124 295288  0.0 php-fpm8.3", "   1083       1 36684 1960792 0.0 containerd", "   1390    1044 30240 454664  0.0 python3", " 680275  680273 26260 216752  0.0 uv"]}
palace	UNKNOWN STEP	2026-10-05T11:55:35.8746732Z {"schema": "textlayout.palace-ci-observation.v1", "timestamp": "2026-10-05T11:55:35.852296+00:00", "scope": "host/process diagnostics; not numerical validation", "meminfo": {"size_bytes": 1615, "head": "MemTotal:       16373452 kB\nMemFree:         4675472 kB\nMemAvailable:    5564212 kB\nBuffers:           13720 kB\nCached:          1002692 kB\nSwapCached:          456 kB\nActive:          4322948 kB\nInactive:        6695376 kB\nActive(anon):    4192808 kB\nInactive(anon):  5888808 kB\nActive(file):     130140 kB\nInactive(file):   806568 kB\nUnevictable:       46780 kB\nMlocked:           43708 kB\nSwapTotal:       3145724 kB\nSwapFree:        3138540 kB\nZswap:                 0 kB\nZswapped:              0 kB\nDirty:                 4 kB\nWriteback:             0 kB\nAnonPages:      10043420 kB\nMapped:           280496 kB\nShmem:             70952 kB\nKReclaimable:     297984 kB\nSlab:             400792 kB\nSReclaimable:     297984 kB\nSUnreclaim:       102808 kB\nKernelStack:        4272 kB\nPageTables:        27220 kB\nSecPageTables:         0 kB\nNFS_Unstable:          0 kB\nBounce:                0 kB\nWritebackTmp:          0 kB\nCommitLimit:    11332448 kB\nCommitted_AS:   12789652 kB\nVmallocTotal:   34359738367 kB\nVmallocUsed:       39664 kB\nVmallocChunk:          0 kB\nPercpu:             2400 kB\nHardwareCorrupted:     0 kB\nAnonHugePages:   4749312 kB\nShmemHugePages:        0 kB\nShmemPmdMapped:        0 kB\nFileHugePages:         0 kB\nFilePmdMapped:         0 kB\nCmaTotal:              0 kB\nCmaFree:               0 kB\nUnaccepted:            0 kB\nBalloon:               0 kB\nHugePages_Total:       0\nHugePages_Free:        0\nHugePages_Rsvd:        0\nHugePages_Surp:        0\nHugepagesize:       2048 kB\nHugetlb:               0 kB\nDirectMap4k:      109696 kB\nDirectMap2M:     4079616 kB\nDirectMap1G:    14680064 kB\n", "truncated": false, "read_mode": "bounded_prefix"}, "files": {"toolchain.json": {"size_bytes": 3922, "tail": "{\n  \"capability\": {\n    \"available\": true,\n    \"container_digest\": null,\n    \"container_engine\": null,\n    \"container_image\": null,\n    \"executable\": \"/home/runner/.cache/textlayout-palace/spack-opt/linux-x86_64_v3/palace-0.17.0-737ugntl33fa5wjglayhp7ojkezkti5s/bin/palace\",\n    \"executable_sha256\": \"ad43ec030f51435f32150a5c72cb324ca03083d2ffc2f91405bbf41c6bc2240f\",\n    \"execution_kind\": \"executable\",\n    \"identified\": true,\n    \"mpi_launcher\": \"/usr/bin/mpirun\",\n    \"status\": \"AVAILABLE\",\n    \"unavailable_reason\": null,\n    \"version\": \"0.17.0\"\n  },\n  \"generated_at\": \"2026-10-05T11:41:06+00:00\",\n  \"git_commit\": \"7b435483afaa5a8cdbfec25c9f6de030605eff13\",\n  \"gmsh\": {\n    \"available\": true,\n    \"expected_version\": \"4.15.2\",\n    \"module\": \"/home/runner/work/Text-to-Layout/Text-to-Layout/.venv/lib/python3.12/site-packages/gmsh.py\",\n    \"module_sha256\": \"f4b0935cebde899750293d87a643090e5ea33c9b18d249267f507db68a0e01c3\",\n    \"version\": \"4.15.2\"\n  },\n  \"install_record\": {\n    \"build_stage\": \"/home/runner/.cache/textlayout-palace/build-stage\",\n    \"compiler_and_mpi_tail\": [\n      \"[+] /home/runner/.cache/textlayout-palace/spack-opt/linux-x86_64_v3/palace-0.17.0-737ugntl33fa5wjglayhp7ojkezkti5s\",\n      \"==> Installing palace-0.17.0-737ugntl33fa5wjglayhp7ojkezkti5s [63/63]\",\n      \"==> Updating view at /home/runner/.cache/textlayout-palace/environment/.spack-env/view\",\n      \"gcc (Ubuntu 13.3.0-6ubuntu2~24.04.1) 13.3.0\",\n      \"g++ (Ubuntu 13.3.0-6ubuntu2~24.04.1) 13.3.0\",\n      \"GNU Fortran (Ubuntu 13.3.0-6ubuntu2~24.04.1) 13.3.0\",\n      \"mpirun (Open MPI) 4.1.6\",\n      \"\"\n    ],\n    \"compiler_versions\": {\n      \"gcc\": \"gcc (Ubuntu 13.3.0-6ubuntu2~24.04.1) 13.3.0\",\n      \"gfortran\": \"GNU Fortran (Ubuntu 13.3.0-6ubuntu2~24.04.1) 13.3.0\",\n      \"gxx\": \"g++ (Ubuntu 13.3.0-6ubuntu2~24.04.1) 13.3.0\"\n    },\n    \"git_commit\": \"7b435483afaa5a8cdbfec25c9f6de030605eff13\",\n    \"gmsh\": {\n      \"available\": true,\n      \"expected_version\": \"4.15.2\",\n      \"module\": \"/home/runner/work/Text-to-Layout/Text-to-Layout/.venv/lib/python3.12/site-packages/gmsh.py\",\n      \"module_sha256\": \"f4b0935cebde899750293d87a643090e5ea33c9b18d249267f507db68a0e01c3\",\n      \"version\": \"4.15.2\"\n    },\n    \"gmsh_version\": \"4.15.2\",\n    \"install_tree\": \"/home/runner/.cache/textlayout-palace/spack-opt\",\n    \"installed_at\": \"2026-10-05T11:40:47.866958+00:00\",\n    \"mpi_version\": \"mpirun (Open MPI) 4.1.6\",\n    \"native_root\": \"/home/runner/.cache/textlayout-palace\",\n    \"palace_commit\": \"12d8069afb5aa9e169a17e303d735e120968e9f2\",\n    \"palace_executable\": \"/home/runner/.cache/textlayout-palace/spack-opt/linux-x86_64_v3/palace-0.17.0-737ugntl33fa5wjglayhp7ojkezkti5s/bin/palace\",\n    \"palace_executable_sha256\": \"ad43ec030f51435f32150a5c72cb324ca03083d2ffc2f91405bbf41c6bc2240f\",\n    \"palace_version\": \"0.17.0\",\n    \"requested_version\": \"0.17.0\",\n    \"reused\": false,\n    \"schema\": \"textlayout.palace-install.v1\",\n    \"source_archive\": {\n      \"available\": true,\n      \"path\": \"/home/runner/work/Text-to-Layout/Text-to-Layout/.tools/external/sources/palace-12d8069afb5aa9e169a17e303d735e120968e9f2.tar.gz\",\n      \"sha256\": \"169f7fe210ea6e771a29bfe0803dd84a774b25b00d2aa3a1f33b9d97a510ff9d\",\n      \"size_bytes\": 47331791\n    },\n    \"source_archive_path\": \"/home/runner/work/Text-to-Layout/Text-to-Layout/.tools/external/sources/palace-12d8069afb5aa9e169a17e303d735e120968e9f2.tar.gz\",\n    \"source_archive_sha256\": \"169f7fe210ea6e771a29bfe0803dd84a774b25b00d2aa3a1f33b9d97a510ff9d\",\n    \"spack_commit\": \"0c2be44e4ece21eb091ad5de4c97716b7c6d4c87\",\n    \"spack_environment\": \"external_tools/palace/spack.yaml\",\n    \"spack_packages_commit\": \"a2928a3376d286ddbf07da62847d5ba5b0fa3c67\",\n    \"spack_runtime_cache\": \"/home/runner/.cache/textlayout-palace\",\n    \"spack_version\": \"1.1.0\",\n    \"status\": \"INSTALLED\",\n    \"strategy\": \"pinned_spack_wsl\"\n  },\n  \"required_palace_version\": \"0.17.0\",\n  \"schema\": \"textlayout.palace-toolchain.v1\"\n}\n", "truncated": false}, "resource_decision.json": {"size_bytes": 288, "tail": "{\n  \"accepted_processes\": 2,\n  \"available_mb\": 14815,\n  \"memory_tier\": \"unknown\",\n  \"preflight_peak_mb\": null,\n  \"rationale\": \"no peak-memory estimate available; honouring the requested count\",\n  \"requested_processes\": 2,\n  \"timestamp\": \"2026-10-05T11:41:06+00:00\",\n  \"total_mb\": 15989\n}\n", "truncated": false}, "run_manifest.json": {"unavailable": "FileNotFoundError"}, "base_mesh/mesh_metrics.json": {"size_bytes": 403, "tail": "{\n  \"element_count\": 206137,\n  \"extents\": {\n    \"lateral_margin_um\": 100.0,\n    \"lid_height_um\": 450.0,\n    \"substrate_thickness_um\": 300.0,\n    \"vacuum_height_um\": 300.0\n  },\n  \"mean_quality\": 0.7263143756565194,\n  \"mesh_scale\": 4.0,\n  \"mesh_sha256\": \"d2c7eee442ccec0b5acf7a37a98b61dd305b53bafb68f0d43dab3ba0dc2b069e\",\n  \"minimum_quality\": 0.15838171066132758,\n  \"runtime_seconds\": 7.345174475000022\n}\n", "truncated": false}, "base_mesh/palace_amr.json": {"size_bytes": 2038, "tail": "{\n  \"Boundaries\": {\n    \"PEC\": {\n      \"Attributes\": [\n        10,\n        11,\n        12,\n        30,\n        31\n      ]\n    }\n  },\n  \"Domains\": {\n    \"Materials\": [\n      {\n        \"Attributes\": [\n          1\n        ],\n        \"LossTan\": 1e-06,\n        \"Permeability\": 1.0,\n        \"Permittivity\": 11.45\n      },\n      {\n        \"Attributes\": [\n          2\n        ],\n        \"LossTan\": 1e-06,\n        \"Permeability\": 1.0,\n        \"Permittivity\": 11.45\n      },\n      {\n        \"Attributes\": [\n          3\n        ],\n        \"Permeability\": 1.0,\n        \"Permittivity\": 1.0\n      },\n      {\n        \"Attributes\": [\n          4\n        ],\n        \"Permeability\": 1.0,\n        \"Permittivity\": 1.0\n      },\n      {\n        \"Attributes\": [\n          5\n        ],\n        \"Permeability\": 1.0,\n        \"Permittivity\": 1.0\n      }\n    ],\n    \"Postprocessing\": {\n      \"Energy\": [\n        {\n          \"Attributes\": [\n            1\n          ],\n          \"Index\": 1\n        },\n        {\n          \"Attributes\": [\n            2\n          ],\n          \"Index\": 2\n        },\n        {\n          \"Attributes\": [\n            3\n          ],\n          \"Index\": 3\n        },\n        {\n          \"Attributes\": [\n            4\n          ],\n          \"Index\": 4\n        },\n        {\n          \"Attributes\": [\n            5\n          ],\n          \"Index\": 5\n        }\n      ]\n    }\n  },\n  \"Model\": {\n    \"L0\": 1e-06,\n    \"Mesh\": \"quarter_wave_base.msh\",\n    \"Refinement\": {\n      \"MaxIts\": 4,\n      \"Nonconformal\": false,\n      \"SaveAdaptIterations\": true,\n      \"SaveAdaptMesh\": true,\n      \"Tol\": 0.0001,\n      \"UpdateFraction\": 0.7\n    }\n  },\n  \"Problem\": {\n    \"Output\": \"postpro\",\n    \"OutputFormats\": {\n      \"GridFunction\": true,\n      \"Paraview\": true\n    },\n    \"Type\": \"Eigenmode\",\n    \"Verbose\": 2\n  },\n  \"Solver\": {\n    \"Device\": \"CPU\",\n    \"Eigenmode\": {\n      \"N\": 4,\n      \"Save\": 4,\n      \"Target\": 2.7,\n      \"Tol\": 1e-09\n    },\n    \"Linear\": {\n      \"MaxIts\": 1000,\n      \"Tol\": 1e-09,\n      \"Type\": \"Default\"\n    },\n    \"Order\": 1\n  }\n}\n", "truncated": false}, "base_mesh/palace.stdout.txt": {"size_bytes": 22476, "tail": "isk (grid function)\n\nCumulative timing statistics:\n\nElapsed Time Report (s)           Min.        Max.        Avg.\n==============================================================\nInitialization                   0.569       2.868       1.719\n  Mesh Preprocessing             1.526       3.827       2.676\nOperator Construction           52.663      52.715      52.689\nLinear Solve                    32.980      32.989      32.984\n  Setup                          7.441       7.444       7.443\n  Preconditioner                80.341      80.356      80.348\nEigenvalue Solve                14.985      15.064      15.025\nDiv.-Free Projection            87.484      87.559      87.522\nEstimation                       2.699       2.804       2.751\n  Construction                  46.860      46.863      46.862\n  Solve                         67.726      67.784      67.755\nAdaptation                       3.697       3.746       3.721\n  Rebalancing                    1.667       1.667       1.667\nPostprocessing                  19.439      19.483      19.461\n  Paraview                     154.035     154.038     154.036\n  Grid function                 82.288      82.288      82.288\nDisk IO                          1.183       1.186       1.185\n--------------------------------------------------------------\nTotal                          660.156     660.157     660.157\n\nPeak Memory                   Per-Node       Total   Total HWM\n==============================================================\nInitialization                    3.9M        3.9M        3.9M\n  Mesh Preprocessing            152.9M      152.9M      156.8M\nOperator Construction           281.9M      281.9M      438.7M\nLinear Solve                      0.0K        0.0K      438.7M\n  Setup                           1.3G        1.3G        1.8G\n  Preconditioner                 10.4G       10.4G       12.2G\nEigenvalue Solve                  7.6M        7.6M       12.2G\nDiv.-Free Projection            180.0M      180.0M       12.3G\nEstimation                      640.8M      640.8M       13.0G\n  Construction                    0.0K        0.0K       13.0G\n  Solve                         440.4M      440.4M       13.4G\nAdaptation                        0.0K        0.0K       13.4G\n  Rebalancing                     0.0K        0.0K       13.4G\nPostprocessing                   93.0M       93.0M       13.5G\n  Paraview                        8.7M        8.7M       13.5G\n  Grid function                 512.0K      512.0K       13.5G\nDisk IO                          67.3M       67.3M       13.6G\n--------------------------------------------------------------\nTotal                            13.6G       13.6G       13.6G\nEstimated peak per-rank memory usage is: Min. 6.7G, Max. 7.0G, Avg. 6.8G, Total 13.6G\nEstimated peak per-node memory usage is: Min. 13.6G, Max. 13.6G, Avg. 13.6G, Total 13.6G\n\nAdaptive mesh refinement (AMR) iteration 2:\n Indicator norm = 3.846e-01, global unknowns = 924336\n Max. iterations = 4, tol. = 1.000e-04\n Marked 127539/759141 elements for refinement (70.00% of the error, \u03b8 = 0.70)\n Conforming mesh refinement added 2607704 elements (initial = 759141, final = 3366845)\n Rebalanced mesh: Ratio 1.161 exceeded max. allowed value 1.100 (new ratio = 1.000)\n\nParallel Mesh Stats:\n\n                minimum     average     maximum       total\n vertices        304927      306126      307326      612253\n edges          2019354     2022337     2025320     4044674\n faces          3397808     3399633     3401458     6799266\n elements       1683380     1683422     1683465     3366845\n neighbors            1           1           1\n\n            minimum     maximum\n h      0.000163591   0.0319171\n kappa      1.04077     28.0205\n\nProceeding with solve/estimate iteration 3...\n\nConfiguring Dirichlet PEC BC at attributes:\n 10-12, 30-31\n\nAssembling system matrices, number of global unknowns:\n H1 (p = 1): 612253, ND (p = 1): 4044674, RT (p = 1): 6799266\n Operator assembly level: Partial\n Mesh geometries:\n  Tetrahedron: P = 6, Q = 4 (quadrature order = 2)\n\nConfiguring ARPACK eigenvalue solver:\n", "truncated": true}, "base_mesh/palace.stderr.txt": {"size_bytes": 0, "tail": "", "truncated": false}, "base_mesh/resource_summary.json": {"unavailable": "FileNotFoundError"}, "base_mesh/resource_samples.json": {"unavailable": "FileNotFoundError"}}, "cgroup_path": "/system.slice/hosted-compute-agent.service", "cgroup_memory": {"memory.current": {"size_bytes": 0, "tail": "11204751360\n", "truncated": false}, "memory.peak": {"size_bytes": 0, "tail": "15823683584\n", "truncated": false}, "memory.max": {"size_bytes": 0, "tail": "max\n", "truncated": false}, "memory.events": {"size_bytes": 0, "tail": "low 0\nhigh 0\nmax 0\noom 0\noom_kill 0\noom_group_kill 0\n", "truncated": false}}, "process_columns": "pid ppid rss_KiB vsz_KiB cpu_percent command_name", "largest_processes": [" 680588  680539 5184192 5504036 99.9 palace-x86_64.b", " 680591  680539 4487168 4812660 99.9 palace-x86_64.b", "   2105    2102 124744 1431768 0.2 provjobd1430605", "   2297    2277 121124 274485608 0.4 Runner.Worker", "   2277    2089 90844 274411092 0.0 Runner.Listener", " 680278  680275 83596 1295316 1.2 textlayout", "   1387       1 60236 2045424 0.0 dockerd", "    218       1 43716 305388  0.0 multipathd", "   1009       1 43124 295288  0.0 php-fpm8.3", "   1083       1 36684 1960792 0.0 containerd", "   1390    1044 30240 454664  0.0 python3", " 680275  680273 26260 216752  0.0 uv"]}
palace	UNKNOWN STEP	2026-10-05T11:56:05.8898441Z {"schema": "textlayout.palace-ci-observation.v1", "timestamp": "2026-10-05T11:56:05.867360+00:00", "scope": "host/process diagnostics; not numerical validation", "meminfo": {"size_bytes": 1615, "head": "MemTotal:       16373452 kB\nMemFree:         4673344 kB\nMemAvailable:    5562172 kB\nBuffers:           13732 kB\nCached:          1002768 kB\nSwapCached:          456 kB\nActive:          4327268 kB\nInactive:        6691348 kB\nActive(anon):    4197128 kB\nInactive(anon):  5884692 kB\nActive(file):     130140 kB\nInactive(file):   806656 kB\nUnevictable:       46780 kB\nMlocked:           43708 kB\nSwapTotal:       3145724 kB\nSwapFree:        3138540 kB\nZswap:                 0 kB\nZswapped:              0 kB\nDirty:               132 kB\nWriteback:             0 kB\nAnonPages:      10043692 kB\nMapped:           280372 kB\nShmem:             70952 kB\nKReclaimable:     297984 kB\nSlab:             400884 kB\nSReclaimable:     297984 kB\nSUnreclaim:       102900 kB\nKernelStack:        4272 kB\nPageTables:        27336 kB\nSecPageTables:         0 kB\nNFS_Unstable:          0 kB\nBounce:                0 kB\nWritebackTmp:          0 kB\nCommitLimit:    11332448 kB\nCommitted_AS:   12789652 kB\nVmallocTotal:   34359738367 kB\nVmallocUsed:       39664 kB\nVmallocChunk:          0 kB\nPercpu:             2400 kB\nHardwareCorrupted:     0 kB\nAnonHugePages:   4753408 kB\nShmemHugePages:        0 kB\nShmemPmdMapped:        0 kB\nFileHugePages:         0 kB\nFilePmdMapped:         0 kB\nCmaTotal:              0 kB\nCmaFree:               0 kB\nUnaccepted:            0 kB\nBalloon:               0 kB\nHugePages_Total:       0\nHugePages_Free:        0\nHugePages_Rsvd:        0\nHugePages_Surp:        0\nHugepagesize:       2048 kB\nHugetlb:               0 kB\nDirectMap4k:      109696 kB\nDirectMap2M:     4079616 kB\nDirectMap1G:    14680064 kB\n", "truncated": false, "read_mode": "bounded_prefix"}, "files": {"toolchain.json": {"size_bytes": 3922, "tail": "{\n  \"capability\": {\n    \"available\": true,\n    \"container_digest\": null,\n    \"container_engine\": null,\n    \"container_image\": null,\n    \"executable\": \"/home/runner/.cache/textlayout-palace/spack-opt/linux-x86_64_v3/palace-0.17.0-737ugntl33fa5wjglayhp7ojkezkti5s/bin/palace\",\n    \"executable_sha256\": \"ad43ec030f51435f32150a5c72cb324ca03083d2ffc2f91405bbf41c6bc2240f\",\n    \"execution_kind\": \"executable\",\n    \"identified\": true,\n    \"mpi_launcher\": \"/usr/bin/mpirun\",\n    \"status\": \"AVAILABLE\",\n    \"unavailable_reason\": null,\n    \"version\": \"0.17.0\"\n  },\n  \"generated_at\": \"2026-10-05T11:41:06+00:00\",\n  \"git_commit\": \"7b435483afaa5a8cdbfec25c9f6de030605eff13\",\n  \"gmsh\": {\n    \"available\": true,\n    \"expected_version\": \"4.15.2\",\n    \"module\": \"/home/runner/work/Text-to-Layout/Text-to-Layout/.venv/lib/python3.12/site-packages/gmsh.py\",\n    \"module_sha256\": \"f4b0935cebde899750293d87a643090e5ea33c9b18d249267f507db68a0e01c3\",\n    \"version\": \"4.15.2\"\n  },\n  \"install_record\": {\n    \"build_stage\": \"/home/runner/.cache/textlayout-palace/build-stage\",\n    \"compiler_and_mpi_tail\": [\n      \"[+] /home/runner/.cache/textlayout-palace/spack-opt/linux-x86_64_v3/palace-0.17.0-737ugntl33fa5wjglayhp7ojkezkti5s\",\n      \"==> Installing palace-0.17.0-737ugntl33fa5wjglayhp7ojkezkti5s [63/63]\",\n      \"==> Updating view at /home/runner/.cache/textlayout-palace/environment/.spack-env/view\",\n      \"gcc (Ubuntu 13.3.0-6ubuntu2~24.04.1) 13.3.0\",\n      \"g++ (Ubuntu 13.3.0-6ubuntu2~24.04.1) 13.3.0\",\n      \"GNU Fortran (Ubuntu 13.3.0-6ubuntu2~24.04.1) 13.3.0\",\n      \"mpirun (Open MPI) 4.1.6\",\n      \"\"\n    ],\n    \"compiler_versions\": {\n      \"gcc\": \"gcc (Ubuntu 13.3.0-6ubuntu2~24.04.1) 13.3.0\",\n      \"gfortran\": \"GNU Fortran (Ubuntu 13.3.0-6ubuntu2~24.04.1) 13.3.0\",\n      \"gxx\": \"g++ (Ubuntu 13.3.0-6ubuntu2~24.04.1) 13.3.0\"\n    },\n    \"git_commit\": \"7b435483afaa5a8cdbfec25c9f6de030605eff13\",\n    \"gmsh\": {\n      \"available\": true,\n      \"expected_version\": \"4.15.2\",\n      \"module\": \"/home/runner/work/Text-to-Layout/Text-to-Layout/.venv/lib/python3.12/site-packages/gmsh.py\",\n      \"module_sha256\": \"f4b0935cebde899750293d87a643090e5ea33c9b18d249267f507db68a0e01c3\",\n      \"version\": \"4.15.2\"\n    },\n    \"gmsh_version\": \"4.15.2\",\n    \"install_tree\": \"/home/runner/.cache/textlayout-palace/spack-opt\",\n    \"installed_at\": \"2026-10-05T11:40:47.866958+00:00\",\n    \"mpi_version\": \"mpirun (Open MPI) 4.1.6\",\n    \"native_root\": \"/home/runner/.cache/textlayout-palace\",\n    \"palace_commit\": \"12d8069afb5aa9e169a17e303d735e120968e9f2\",\n    \"palace_executable\": \"/home/runner/.cache/textlayout-palace/spack-opt/linux-x86_64_v3/palace-0.17.0-737ugntl33fa5wjglayhp7ojkezkti5s/bin/palace\",\n    \"palace_executable_sha256\": \"ad43ec030f51435f32150a5c72cb324ca03083d2ffc2f91405bbf41c6bc2240f\",\n    \"palace_version\": \"0.17.0\",\n    \"requested_version\": \"0.17.0\",\n    \"reused\": false,\n    \"schema\": \"textlayout.palace-install.v1\",\n    \"source_archive\": {\n      \"available\": true,\n      \"path\": \"/home/runner/work/Text-to-Layout/Text-to-Layout/.tools/external/sources/palace-12d8069afb5aa9e169a17e303d735e120968e9f2.tar.gz\",\n      \"sha256\": \"169f7fe210ea6e771a29bfe0803dd84a774b25b00d2aa3a1f33b9d97a510ff9d\",\n      \"size_bytes\": 47331791\n    },\n    \"source_archive_path\": \"/home/runner/work/Text-to-Layout/Text-to-Layout/.tools/external/sources/palace-12d8069afb5aa9e169a17e303d735e120968e9f2.tar.gz\",\n    \"source_archive_sha256\": \"169f7fe210ea6e771a29bfe0803dd84a774b25b00d2aa3a1f33b9d97a510ff9d\",\n    \"spack_commit\": \"0c2be44e4ece21eb091ad5de4c97716b7c6d4c87\",\n    \"spack_environment\": \"external_tools/palace/spack.yaml\",\n    \"spack_packages_commit\": \"a2928a3376d286ddbf07da62847d5ba5b0fa3c67\",\n    \"spack_runtime_cache\": \"/home/runner/.cache/textlayout-palace\",\n    \"spack_version\": \"1.1.0\",\n    \"status\": \"INSTALLED\",\n    \"strategy\": \"pinned_spack_wsl\"\n  },\n  \"required_palace_version\": \"0.17.0\",\n  \"schema\": \"textlayout.palace-toolchain.v1\"\n}\n", "truncated": false}, "resource_decision.json": {"size_bytes": 288, "tail": "{\n  \"accepted_processes\": 2,\n  \"available_mb\": 14815,\n  \"memory_tier\": \"unknown\",\n  \"preflight_peak_mb\": null,\n  \"rationale\": \"no peak-memory estimate available; honouring the requested count\",\n  \"requested_processes\": 2,\n  \"timestamp\": \"2026-10-05T11:41:06+00:00\",\n  \"total_mb\": 15989\n}\n", "truncated": false}, "run_manifest.json": {"unavailable": "FileNotFoundError"}, "base_mesh/mesh_metrics.json": {"size_bytes": 403, "tail": "{\n  \"element_count\": 206137,\n  \"extents\": {\n    \"lateral_margin_um\": 100.0,\n    \"lid_height_um\": 450.0,\n    \"substrate_thickness_um\": 300.0,\n    \"vacuum_height_um\": 300.0\n  },\n  \"mean_quality\": 0.7263143756565194,\n  \"mesh_scale\": 4.0,\n  \"mesh_sha256\": \"d2c7eee442ccec0b5acf7a37a98b61dd305b53bafb68f0d43dab3ba0dc2b069e\",\n  \"minimum_quality\": 0.15838171066132758,\n  \"runtime_seconds\": 7.345174475000022\n}\n", "truncated": false}, "base_mesh/palace_amr.json": {"size_bytes": 2038, "tail": "{\n  \"Boundaries\": {\n    \"PEC\": {\n      \"Attributes\": [\n        10,\n        11,\n        12,\n        30,\n        31\n      ]\n    }\n  },\n  \"Domains\": {\n    \"Materials\": [\n      {\n        \"Attributes\": [\n          1\n        ],\n        \"LossTan\": 1e-06,\n        \"Permeability\": 1.0,\n        \"Permittivity\": 11.45\n      },\n      {\n        \"Attributes\": [\n          2\n        ],\n        \"LossTan\": 1e-06,\n        \"Permeability\": 1.0,\n        \"Permittivity\": 11.45\n      },\n      {\n        \"Attributes\": [\n          3\n        ],\n        \"Permeability\": 1.0,\n        \"Permittivity\": 1.0\n      },\n      {\n        \"Attributes\": [\n          4\n        ],\n        \"Permeability\": 1.0,\n        \"Permittivity\": 1.0\n      },\n      {\n        \"Attributes\": [\n          5\n        ],\n        \"Permeability\": 1.0,\n        \"Permittivity\": 1.0\n      }\n    ],\n    \"Postprocessing\": {\n      \"Energy\": [\n        {\n          \"Attributes\": [\n            1\n          ],\n          \"Index\": 1\n        },\n        {\n          \"Attributes\": [\n            2\n          ],\n          \"Index\": 2\n        },\n        {\n          \"Attributes\": [\n            3\n          ],\n          \"Index\": 3\n        },\n        {\n          \"Attributes\": [\n            4\n          ],\n          \"Index\": 4\n        },\n        {\n          \"Attributes\": [\n            5\n          ],\n          \"Index\": 5\n        }\n      ]\n    }\n  },\n  \"Model\": {\n    \"L0\": 1e-06,\n    \"Mesh\": \"quarter_wave_base.msh\",\n    \"Refinement\": {\n      \"MaxIts\": 4,\n      \"Nonconformal\": false,\n      \"SaveAdaptIterations\": true,\n      \"SaveAdaptMesh\": true,\n      \"Tol\": 0.0001,\n      \"UpdateFraction\": 0.7\n    }\n  },\n  \"Problem\": {\n    \"Output\": \"postpro\",\n    \"OutputFormats\": {\n      \"GridFunction\": true,\n      \"Paraview\": true\n    },\n    \"Type\": \"Eigenmode\",\n    \"Verbose\": 2\n  },\n  \"Solver\": {\n    \"Device\": \"CPU\",\n    \"Eigenmode\": {\n      \"N\": 4,\n      \"Save\": 4,\n      \"Target\": 2.7,\n      \"Tol\": 1e-09\n    },\n    \"Linear\": {\n      \"MaxIts\": 1000,\n      \"Tol\": 1e-09,\n      \"Type\": \"Default\"\n    },\n    \"Order\": 1\n  }\n}\n", "truncated": false}, "base_mesh/palace.stdout.txt": {"size_bytes": 22476, "tail": "isk (grid function)\n\nCumulative timing statistics:\n\nElapsed Time Report (s)           Min.        Max.        Avg.\n==============================================================\nInitialization                   0.569       2.868       1.719\n  Mesh Preprocessing             1.526       3.827       2.676\nOperator Construction           52.663      52.715      52.689\nLinear Solve                    32.980      32.989      32.984\n  Setup                          7.441       7.444       7.443\n  Preconditioner                80.341      80.356      80.348\nEigenvalue Solve                14.985      15.064      15.025\nDiv.-Free Projection            87.484      87.559      87.522\nEstimation                       2.699       2.804       2.751\n  Construction                  46.860      46.863      46.862\n  Solve                         67.726      67.784      67.755\nAdaptation                       3.697       3.746       3.721\n  Rebalancing                    1.667       1.667       1.667\nPostprocessing                  19.439      19.483      19.461\n  Paraview                     154.035     154.038     154.036\n  Grid function                 82.288      82.288      82.288\nDisk IO                          1.183       1.186       1.185\n--------------------------------------------------------------\nTotal                          660.156     660.157     660.157\n\nPeak Memory                   Per-Node       Total   Total HWM\n==============================================================\nInitialization                    3.9M        3.9M        3.9M\n  Mesh Preprocessing            152.9M      152.9M      156.8M\nOperator Construction           281.9M      281.9M      438.7M\nLinear Solve                      0.0K        0.0K      438.7M\n  Setup                           1.3G        1.3G        1.8G\n  Preconditioner                 10.4G       10.4G       12.2G\nEigenvalue Solve                  7.6M        7.6M       12.2G\nDiv.-Free Projection            180.0M      180.0M       12.3G\nEstimation                      640.8M      640.8M       13.0G\n  Construction                    0.0K        0.0K       13.0G\n  Solve                         440.4M      440.4M       13.4G\nAdaptation                        0.0K        0.0K       13.4G\n  Rebalancing                     0.0K        0.0K       13.4G\nPostprocessing                   93.0M       93.0M       13.5G\n  Paraview                        8.7M        8.7M       13.5G\n  Grid function                 512.0K      512.0K       13.5G\nDisk IO                          67.3M       67.3M       13.6G\n--------------------------------------------------------------\nTotal                            13.6G       13.6G       13.6G\nEstimated peak per-rank memory usage is: Min. 6.7G, Max. 7.0G, Avg. 6.8G, Total 13.6G\nEstimated peak per-node memory usage is: Min. 13.6G, Max. 13.6G, Avg. 13.6G, Total 13.6G\n\nAdaptive mesh refinement (AMR) iteration 2:\n Indicator norm = 3.846e-01, global unknowns = 924336\n Max. iterations = 4, tol. = 1.000e-04\n Marked 127539/759141 elements for refinement (70.00% of the error, \u03b8 = 0.70)\n Conforming mesh refinement added 2607704 elements (initial = 759141, final = 3366845)\n Rebalanced mesh: Ratio 1.161 exceeded max. allowed value 1.100 (new ratio = 1.000)\n\nParallel Mesh Stats:\n\n                minimum     average     maximum       total\n vertices        304927      306126      307326      612253\n edges          2019354     2022337     2025320     4044674\n faces          3397808     3399633     3401458     6799266\n elements       1683380     1683422     1683465     3366845\n neighbors            1           1           1\n\n            minimum     maximum\n h      0.000163591   0.0319171\n kappa      1.04077     28.0205\n\nProceeding with solve/estimate iteration 3...\n\nConfiguring Dirichlet PEC BC at attributes:\n 10-12, 30-31\n\nAssembling system matrices, number of global unknowns:\n H1 (p = 1): 612253, ND (p = 1): 4044674, RT (p = 1): 6799266\n Operator assembly level: Partial\n Mesh geometries:\n  Tetrahedron: P = 6, Q = 4 (quadrature order = 2)\n\nConfiguring ARPACK eigenvalue solver:\n", "truncated": true}, "base_mesh/palace.stderr.txt": {"size_bytes": 0, "tail": "", "truncated": false}, "base_mesh/resource_summary.json": {"unavailable": "FileNotFoundError"}, "base_mesh/resource_samples.json": {"unavailable": "FileNotFoundError"}}, "cgroup_path": "/system.slice/hosted-compute-agent.service", "cgroup_memory": {"memory.current": {"size_bytes": 0, "tail": "11204755456\n", "truncated": false}, "memory.peak": {"size_bytes": 0, "tail": "15823683584\n", "truncated": false}, "memory.max": {"size_bytes": 0, "tail": "max\n", "truncated": false}, "memory.events": {"size_bytes": 0, "tail": "low 0\nhigh 0\nmax 0\noom 0\noom_kill 0\noom_group_kill 0\n", "truncated": false}}, "process_columns": "pid ppid rss_KiB vsz_KiB cpu_percent command_name", "largest_processes": [" 680588  680539 5184192 5504036 99.9 palace-x86_64.b", " 680591  680539 4487168 4812660 99.9 palace-x86_64.b", "   2105    2102 124912 1431768 0.2 provjobd1430605", "   2297    2277 121124 274485608 0.4 Runner.Worker", "   2277    2089 90844 274411092 0.0 Runner.Listener", " 680278  680275 83596 1295316 1.1 textlayout", "   1387       1 60236 2045424 0.0 dockerd", "    218       1 43716 305388  0.0 multipathd", "   1009       1 43124 295288  0.0 php-fpm8.3", "   1083       1 36684 1960792 0.0 containerd", "   1390    1044 30240 454664  0.0 python3", " 680275  680273 26260 216752  0.0 uv"]}
palace	UNKNOWN STEP	2026-10-05T11:56:35.9050902Z {"schema": "textlayout.palace-ci-observation.v1", "timestamp": "2026-10-05T11:56:35.882650+00:00", "scope": "host/process diagnostics; not numerical validation", "meminfo": {"size_bytes": 1615, "head": "MemTotal:       16373452 kB\nMemFree:         4672848 kB\nMemAvailable:    5561892 kB\nBuffers:           13744 kB\nCached:          1002968 kB\nSwapCached:          456 kB\nActive:          4335468 kB\nInactive:        6682856 kB\nActive(anon):    4205200 kB\nInactive(anon):  5876116 kB\nActive(file):     130268 kB\nInactive(file):   806740 kB\nUnevictable:       46780 kB\nMlocked:           43708 kB\nSwapTotal:       3145724 kB\nSwapFree:        3138540 kB\nZswap:                 0 kB\nZswapped:              0 kB\nDirty:                96 kB\nWriteback:             0 kB\nAnonPages:      10043120 kB\nMapped:           280424 kB\nShmem:             70952 kB\nKReclaimable:     297988 kB\nSlab:             400800 kB\nSReclaimable:     297988 kB\nSUnreclaim:       102812 kB\nKernelStack:        4256 kB\nPageTables:        27184 kB\nSecPageTables:         0 kB\nNFS_Unstable:          0 kB\nBounce:                0 kB\nWritebackTmp:          0 kB\nCommitLimit:    11332448 kB\nCommitted_AS:   12789652 kB\nVmallocTotal:   34359738367 kB\nVmallocUsed:       39664 kB\nVmallocChunk:          0 kB\nPercpu:             2400 kB\nHardwareCorrupted:     0 kB\nAnonHugePages:   4765696 kB\nShmemHugePages:        0 kB\nShmemPmdMapped:        0 kB\nFileHugePages:         0 kB\nFilePmdMapped:         0 kB\nCmaTotal:              0 kB\nCmaFree:               0 kB\nUnaccepted:            0 kB\nBalloon:               0 kB\nHugePages_Total:       0\nHugePages_Free:        0\nHugePages_Rsvd:        0\nHugePages_Surp:        0\nHugepagesize:       2048 kB\nHugetlb:               0 kB\nDirectMap4k:      109696 kB\nDirectMap2M:     4079616 kB\nDirectMap1G:    14680064 kB\n", "truncated": false, "read_mode": "bounded_prefix"}, "files": {"toolchain.json": {"size_bytes": 3922, "tail": "{\n  \"capability\": {\n    \"available\": true,\n    \"container_digest\": null,\n    \"container_engine\": null,\n    \"container_image\": null,\n    \"executable\": \"/home/runner/.cache/textlayout-palace/spack-opt/linux-x86_64_v3/palace-0.17.0-737ugntl33fa5wjglayhp7ojkezkti5s/bin/palace\",\n    \"executable_sha256\": \"ad43ec030f51435f32150a5c72cb324ca03083d2ffc2f91405bbf41c6bc2240f\",\n    \"execution_kind\": \"executable\",\n    \"identified\": true,\n    \"mpi_launcher\": \"/usr/bin/mpirun\",\n    \"status\": \"AVAILABLE\",\n    \"unavailable_reason\": null,\n    \"version\": \"0.17.0\"\n  },\n  \"generated_at\": \"2026-10-05T11:41:06+00:00\",\n  \"git_commit\": \"7b435483afaa5a8cdbfec25c9f6de030605eff13\",\n  \"gmsh\": {\n    \"available\": true,\n    \"expected_version\": \"4.15.2\",\n    \"module\": \"/home/runner/work/Text-to-Layout/Text-to-Layout/.venv/lib/python3.12/site-packages/gmsh.py\",\n    \"module_sha256\": \"f4b0935cebde899750293d87a643090e5ea33c9b18d249267f507db68a0e01c3\",\n    \"version\": \"4.15.2\"\n  },\n  \"install_record\": {\n    \"build_stage\": \"/home/runner/.cache/textlayout-palace/build-stage\",\n    \"compiler_and_mpi_tail\": [\n      \"[+] /home/runner/.cache/textlayout-palace/spack-opt/linux-x86_64_v3/palace-0.17.0-737ugntl33fa5wjglayhp7ojkezkti5s\",\n      \"==> Installing palace-0.17.0-737ugntl33fa5wjglayhp7ojkezkti5s [63/63]\",\n      \"==> Updating view at /home/runner/.cache/textlayout-palace/environment/.spack-env/view\",\n      \"gcc (Ubuntu 13.3.0-6ubuntu2~24.04.1) 13.3.0\",\n      \"g++ (Ubuntu 13.3.0-6ubuntu2~24.04.1) 13.3.0\",\n      \"GNU Fortran (Ubuntu 13.3.0-6ubuntu2~24.04.1) 13.3.0\",\n      \"mpirun (Open MPI) 4.1.6\",\n      \"\"\n    ],\n    \"compiler_versions\": {\n      \"gcc\": \"gcc (Ubuntu 13.3.0-6ubuntu2~24.04.1) 13.3.0\",\n      \"gfortran\": \"GNU Fortran (Ubuntu 13.3.0-6ubuntu2~24.04.1) 13.3.0\",\n      \"gxx\": \"g++ (Ubuntu 13.3.0-6ubuntu2~24.04.1) 13.3.0\"\n    },\n    \"git_commit\": \"7b435483afaa5a8cdbfec25c9f6de030605eff13\",\n    \"gmsh\": {\n      \"available\": true,\n      \"expected_version\": \"4.15.2\",\n      \"module\": \"/home/runner/work/Text-to-Layout/Text-to-Layout/.venv/lib/python3.12/site-packages/gmsh.py\",\n      \"module_sha256\": \"f4b0935cebde899750293d87a643090e5ea33c9b18d249267f507db68a0e01c3\",\n      \"version\": \"4.15.2\"\n    },\n    \"gmsh_version\": \"4.15.2\",\n    \"install_tree\": \"/home/runner/.cache/textlayout-palace/spack-opt\",\n    \"installed_at\": \"2026-10-05T11:40:47.866958+00:00\",\n    \"mpi_version\": \"mpirun (Open MPI) 4.1.6\",\n    \"native_root\": \"/home/runner/.cache/textlayout-palace\",\n    \"palace_commit\": \"12d8069afb5aa9e169a17e303d735e120968e9f2\",\n    \"palace_executable\": \"/home/runner/.cache/textlayout-palace/spack-opt/linux-x86_64_v3/palace-0.17.0-737ugntl33fa5wjglayhp7ojkezkti5s/bin/palace\",\n    \"palace_executable_sha256\": \"ad43ec030f51435f32150a5c72cb324ca03083d2ffc2f91405bbf41c6bc2240f\",\n    \"palace_version\": \"0.17.0\",\n    \"requested_version\": \"0.17.0\",\n    \"reused\": false,\n    \"schema\": \"textlayout.palace-install.v1\",\n    \"source_archive\": {\n      \"available\": true,\n      \"path\": \"/home/runner/work/Text-to-Layout/Text-to-Layout/.tools/external/sources/palace-12d8069afb5aa9e169a17e303d735e120968e9f2.tar.gz\",\n      \"sha256\": \"169f7fe210ea6e771a29bfe0803dd84a774b25b00d2aa3a1f33b9d97a510ff9d\",\n      \"size_bytes\": 47331791\n    },\n    \"source_archive_path\": \"/home/runner/work/Text-to-Layout/Text-to-Layout/.tools/external/sources/palace-12d8069afb5aa9e169a17e303d735e120968e9f2.tar.gz\",\n    \"source_archive_sha256\": \"169f7fe210ea6e771a29bfe0803dd84a774b25b00d2aa3a1f33b9d97a510ff9d\",\n    \"spack_commit\": \"0c2be44e4ece21eb091ad5de4c97716b7c6d4c87\",\n    \"spack_environment\": \"external_tools/palace/spack.yaml\",\n    \"spack_packages_commit\": \"a2928a3376d286ddbf07da62847d5ba5b0fa3c67\",\n    \"spack_runtime_cache\": \"/home/runner/.cache/textlayout-palace\",\n    \"spack_version\": \"1.1.0\",\n    \"status\": \"INSTALLED\",\n    \"strategy\": \"pinned_spack_wsl\"\n  },\n  \"required_palace_version\": \"0.17.0\",\n  \"schema\": \"textlayout.palace-toolchain.v1\"\n}\n", "truncated": false}, "resource_decision.json": {"size_bytes": 288, "tail": "{\n  \"accepted_processes\": 2,\n  \"available_mb\": 14815,\n  \"memory_tier\": \"unknown\",\n  \"preflight_peak_mb\": null,\n  \"rationale\": \"no peak-memory estimate available; honouring the requested count\",\n  \"requested_processes\": 2,\n  \"timestamp\": \"2026-10-05T11:41:06+00:00\",\n  \"total_mb\": 15989\n}\n", "truncated": false}, "run_manifest.json": {"unavailable": "FileNotFoundError"}, "base_mesh/mesh_metrics.json": {"size_bytes": 403, "tail": "{\n  \"element_count\": 206137,\n  \"extents\": {\n    \"lateral_margin_um\": 100.0,\n    \"lid_height_um\": 450.0,\n    \"substrate_thickness_um\": 300.0,\n    \"vacuum_height_um\": 300.0\n  },\n  \"mean_quality\": 0.7263143756565194,\n  \"mesh_scale\": 4.0,\n  \"mesh_sha256\": \"d2c7eee442ccec0b5acf7a37a98b61dd305b53bafb68f0d43dab3ba0dc2b069e\",\n  \"minimum_quality\": 0.15838171066132758,\n  \"runtime_seconds\": 7.345174475000022\n}\n", "truncated": false}, "base_mesh/palace_amr.json": {"size_bytes": 2038, "tail": "{\n  \"Boundaries\": {\n    \"PEC\": {\n      \"Attributes\": [\n        10,\n        11,\n        12,\n        30,\n        31\n      ]\n    }\n  },\n  \"Domains\": {\n    \"Materials\": [\n      {\n        \"Attributes\": [\n          1\n        ],\n        \"LossTan\": 1e-06,\n        \"Permeability\": 1.0,\n        \"Permittivity\": 11.45\n      },\n      {\n        \"Attributes\": [\n          2\n        ],\n        \"LossTan\": 1e-06,\n        \"Permeability\": 1.0,\n        \"Permittivity\": 11.45\n      },\n      {\n        \"Attributes\": [\n          3\n        ],\n        \"Permeability\": 1.0,\n        \"Permittivity\": 1.0\n      },\n      {\n        \"Attributes\": [\n          4\n        ],\n        \"Permeability\": 1.0,\n        \"Permittivity\": 1.0\n      },\n      {\n        \"Attributes\": [\n          5\n        ],\n        \"Permeability\": 1.0,\n        \"Permittivity\": 1.0\n      }\n    ],\n    \"Postprocessing\": {\n      \"Energy\": [\n        {\n          \"Attributes\": [\n            1\n          ],\n          \"Index\": 1\n        },\n        {\n          \"Attributes\": [\n            2\n          ],\n          \"Index\": 2\n        },\n        {\n          \"Attributes\": [\n            3\n          ],\n          \"Index\": 3\n        },\n        {\n          \"Attributes\": [\n            4\n          ],\n          \"Index\": 4\n        },\n        {\n          \"Attributes\": [\n            5\n          ],\n          \"Index\": 5\n        }\n      ]\n    }\n  },\n  \"Model\": {\n    \"L0\": 1e-06,\n    \"Mesh\": \"quarter_wave_base.msh\",\n    \"Refinement\": {\n      \"MaxIts\": 4,\n      \"Nonconformal\": false,\n      \"SaveAdaptIterations\": true,\n      \"SaveAdaptMesh\": true,\n      \"Tol\": 0.0001,\n      \"UpdateFraction\": 0.7\n    }\n  },\n  \"Problem\": {\n    \"Output\": \"postpro\",\n    \"OutputFormats\": {\n      \"GridFunction\": true,\n      \"Paraview\": true\n    },\n    \"Type\": \"Eigenmode\",\n    \"Verbose\": 2\n  },\n  \"Solver\": {\n    \"Device\": \"CPU\",\n    \"Eigenmode\": {\n      \"N\": 4,\n      \"Save\": 4,\n      \"Target\": 2.7,\n      \"Tol\": 1e-09\n    },\n    \"Linear\": {\n      \"MaxIts\": 1000,\n      \"Tol\": 1e-09,\n      \"Type\": \"Default\"\n    },\n    \"Order\": 1\n  }\n}\n", "truncated": false}, "base_mesh/palace.stdout.txt": {"size_bytes": 22476, "tail": "isk (grid function)\n\nCumulative timing statistics:\n\nElapsed Time Report (s)           Min.        Max.        Avg.\n==============================================================\nInitialization                   0.569       2.868       1.719\n  Mesh Preprocessing             1.526       3.827       2.676\nOperator Construction           52.663      52.715      52.689\nLinear Solve                    32.980      32.989      32.984\n  Setup                          7.441       7.444       7.443\n  Preconditioner                80.341      80.356      80.348\nEigenvalue Solve                14.985      15.064      15.025\nDiv.-Free Projection            87.484      87.559      87.522\nEstimation                       2.699       2.804       2.751\n  Construction                  46.860      46.863      46.862\n  Solve                         67.726      67.784      67.755\nAdaptation                       3.697       3.746       3.721\n  Rebalancing                    1.667       1.667       1.667\nPostprocessing                  19.439      19.483      19.461\n  Paraview                     154.035     154.038     154.036\n  Grid function                 82.288      82.288      82.288\nDisk IO                          1.183       1.186       1.185\n--------------------------------------------------------------\nTotal                          660.156     660.157     660.157\n\nPeak Memory                   Per-Node       Total   Total HWM\n==============================================================\nInitialization                    3.9M        3.9M        3.9M\n  Mesh Preprocessing            152.9M      152.9M      156.8M\nOperator Construction           281.9M      281.9M      438.7M\nLinear Solve                      0.0K        0.0K      438.7M\n  Setup                           1.3G        1.3G        1.8G\n  Preconditioner                 10.4G       10.4G       12.2G\nEigenvalue Solve                  7.6M        7.6M       12.2G\nDiv.-Free Projection            180.0M      180.0M       12.3G\nEstimation                      640.8M      640.8M       13.0G\n  Construction                    0.0K        0.0K       13.0G\n  Solve                         440.4M      440.4M       13.4G\nAdaptation                        0.0K        0.0K       13.4G\n  Rebalancing                     0.0K        0.0K       13.4G\nPostprocessing                   93.0M       93.0M       13.5G\n  Paraview                        8.7M        8.7M       13.5G\n  Grid function                 512.0K      512.0K       13.5G\nDisk IO                          67.3M       67.3M       13.6G\n--------------------------------------------------------------\nTotal                            13.6G       13.6G       13.6G\nEstimated peak per-rank memory usage is: Min. 6.7G, Max. 7.0G, Avg. 6.8G, Total 13.6G\nEstimated peak per-node memory usage is: Min. 13.6G, Max. 13.6G, Avg. 13.6G, Total 13.6G\n\nAdaptive mesh refinement (AMR) iteration 2:\n Indicator norm = 3.846e-01, global unknowns = 924336\n Max. iterations = 4, tol. = 1.000e-04\n Marked 127539/759141 elements for refinement (70.00% of the error, \u03b8 = 0.70)\n Conforming mesh refinement added 2607704 elements (initial = 759141, final = 3366845)\n Rebalanced mesh: Ratio 1.161 exceeded max. allowed value 1.100 (new ratio = 1.000)\n\nParallel Mesh Stats:\n\n                minimum     average     maximum       total\n vertices        304927      306126      307326      612253\n edges          2019354     2022337     2025320     4044674\n faces          3397808     3399633     3401458     6799266\n elements       1683380     1683422     1683465     3366845\n neighbors            1           1           1\n\n            minimum     maximum\n h      0.000163591   0.0319171\n kappa      1.04077     28.0205\n\nProceeding with solve/estimate iteration 3...\n\nConfiguring Dirichlet PEC BC at attributes:\n 10-12, 30-31\n\nAssembling system matrices, number of global unknowns:\n H1 (p = 1): 612253, ND (p = 1): 4044674, RT (p = 1): 6799266\n Operator assembly level: Partial\n Mesh geometries:\n  Tetrahedron: P = 6, Q = 4 (quadrature order = 2)\n\nConfiguring ARPACK eigenvalue solver:\n", "truncated": true}, "base_mesh/palace.stderr.txt": {"size_bytes": 0, "tail": "", "truncated": false}, "base_mesh/resource_summary.json": {"unavailable": "FileNotFoundError"}, "base_mesh/resource_samples.json": {"unavailable": "FileNotFoundError"}}, "cgroup_path": "/system.slice/hosted-compute-agent.service", "cgroup_memory": {"memory.current": {"size_bytes": 0, "tail": "11204308992\n", "truncated": false}, "memory.peak": {"size_bytes": 0, "tail": "15823683584\n", "truncated": false}, "memory.max": {"size_bytes": 0, "tail": "max\n", "truncated": false}, "memory.events": {"size_bytes": 0, "tail": "low 0\nhigh 0\nmax 0\noom 0\noom_kill 0\noom_group_kill 0\n", "truncated": false}}, "process_columns": "pid ppid rss_KiB vsz_KiB cpu_percent command_name", "largest_processes": [" 680588  680539 5184192 5504036 99.9 palace-x86_64.b", " 680591  680539 4487168 4812660 99.9 palace-x86_64.b", "   2105    2102 124484 1431768 0.2 provjobd1430605", "   2297    2277 121124 274485608 0.4 Runner.Worker", "   2277    2089 90844 274411092 0.0 Runner.Listener", " 680278  680275 83596 1295316 1.1 textlayout", "   1387       1 60236 2045424 0.0 dockerd", "    218       1 43716 305388  0.0 multipathd", "   1009       1 43124 295288  0.0 php-fpm8.3", "   1083       1 36740 1960792 0.0 containerd", "   1390    1044 30244 454664  0.0 python3", " 680275  680273 26260 216752  0.0 uv"]}
palace	UNKNOWN STEP	2026-10-05T11:57:05.9204913Z {"schema": "textlayout.palace-ci-observation.v1", "timestamp": "2026-10-05T11:57:05.897757+00:00", "scope": "host/process diagnostics; not numerical validation", "meminfo": {"size_bytes": 1615, "head": "MemTotal:       16373452 kB\nMemFree:         2251268 kB\nMemAvailable:    3140460 kB\nBuffers:           13756 kB\nCached:          1003236 kB\nSwapCached:          456 kB\nActive:          6943764 kB\nInactive:        6494848 kB\nActive(anon):    6813304 kB\nInactive(anon):  5688020 kB\nActive(file):     130460 kB\nInactive(file):   806828 kB\nUnevictable:       46780 kB\nMlocked:           43708 kB\nSwapTotal:       3145724 kB\nSwapFree:        3138540 kB\nZswap:                 0 kB\nZswapped:              0 kB\nDirty:                60 kB\nWriteback:             0 kB\nAnonPages:      12463252 kB\nMapped:           276140 kB\nShmem:             70952 kB\nKReclaimable:     297856 kB\nSlab:             400720 kB\nSReclaimable:     297856 kB\nSUnreclaim:       102864 kB\nKernelStack:        4240 kB\nPageTables:        31820 kB\nSecPageTables:         0 kB\nNFS_Unstable:          0 kB\nBounce:                0 kB\nWritebackTmp:          0 kB\nCommitLimit:    11332448 kB\nCommitted_AS:   15209564 kB\nVmallocTotal:   34359738367 kB\nVmallocUsed:       39648 kB\nVmallocChunk:          0 kB\nPercpu:             2400 kB\nHardwareCorrupted:     0 kB\nAnonHugePages:   6549504 kB\nShmemHugePages:        0 kB\nShmemPmdMapped:        0 kB\nFileHugePages:         0 kB\nFilePmdMapped:         0 kB\nCmaTotal:              0 kB\nCmaFree:               0 kB\nUnaccepted:            0 kB\nBalloon:               0 kB\nHugePages_Total:       0\nHugePages_Free:        0\nHugePages_Rsvd:        0\nHugePages_Surp:        0\nHugepagesize:       2048 kB\nHugetlb:               0 kB\nDirectMap4k:      109696 kB\nDirectMap2M:     4079616 kB\nDirectMap1G:    14680064 kB\n", "truncated": false, "read_mode": "bounded_prefix"}, "files": {"toolchain.json": {"size_bytes": 3922, "tail": "{\n  \"capability\": {\n    \"available\": true,\n    \"container_digest\": null,\n    \"container_engine\": null,\n    \"container_image\": null,\n    \"executable\": \"/home/runner/.cache/textlayout-palace/spack-opt/linux-x86_64_v3/palace-0.17.0-737ugntl33fa5wjglayhp7ojkezkti5s/bin/palace\",\n    \"executable_sha256\": \"ad43ec030f51435f32150a5c72cb324ca03083d2ffc2f91405bbf41c6bc2240f\",\n    \"execution_kind\": \"executable\",\n    \"identified\": true,\n    \"mpi_launcher\": \"/usr/bin/mpirun\",\n    \"status\": \"AVAILABLE\",\n    \"unavailable_reason\": null,\n    \"version\": \"0.17.0\"\n  },\n  \"generated_at\": \"2026-10-05T11:41:06+00:00\",\n  \"git_commit\": \"7b435483afaa5a8cdbfec25c9f6de030605eff13\",\n  \"gmsh\": {\n    \"available\": true,\n    \"expected_version\": \"4.15.2\",\n    \"module\": \"/home/runner/work/Text-to-Layout/Text-to-Layout/.venv/lib/python3.12/site-packages/gmsh.py\",\n    \"module_sha256\": \"f4b0935cebde899750293d87a643090e5ea33c9b18d249267f507db68a0e01c3\",\n    \"version\": \"4.15.2\"\n  },\n  \"install_record\": {\n    \"build_stage\": \"/home/runner/.cache/textlayout-palace/build-stage\",\n    \"compiler_and_mpi_tail\": [\n      \"[+] /home/runner/.cache/textlayout-palace/spack-opt/linux-x86_64_v3/palace-0.17.0-737ugntl33fa5wjglayhp7ojkezkti5s\",\n      \"==> Installing palace-0.17.0-737ugntl33fa5wjglayhp7ojkezkti5s [63/63]\",\n      \"==> Updating view at /home/runner/.cache/textlayout-palace/environment/.spack-env/view\",\n      \"gcc (Ubuntu 13.3.0-6ubuntu2~24.04.1) 13.3.0\",\n      \"g++ (Ubuntu 13.3.0-6ubuntu2~24.04.1) 13.3.0\",\n      \"GNU Fortran (Ubuntu 13.3.0-6ubuntu2~24.04.1) 13.3.0\",\n      \"mpirun (Open MPI) 4.1.6\",\n      \"\"\n    ],\n    \"compiler_versions\": {\n      \"gcc\": \"gcc (Ubuntu 13.3.0-6ubuntu2~24.04.1) 13.3.0\",\n      \"gfortran\": \"GNU Fortran (Ubuntu 13.3.0-6ubuntu2~24.04.1) 13.3.0\",\n      \"gxx\": \"g++ (Ubuntu 13.3.0-6ubuntu2~24.04.1) 13.3.0\"\n    },\n    \"git_commit\": \"7b435483afaa5a8cdbfec25c9f6de030605eff13\",\n    \"gmsh\": {\n      \"available\": true,\n      \"expected_version\": \"4.15.2\",\n      \"module\": \"/home/runner/work/Text-to-Layout/Text-to-Layout/.venv/lib/python3.12/site-packages/gmsh.py\",\n      \"module_sha256\": \"f4b0935cebde899750293d87a643090e5ea33c9b18d249267f507db68a0e01c3\",\n      \"version\": \"4.15.2\"\n    },\n    \"gmsh_version\": \"4.15.2\",\n    \"install_tree\": \"/home/runner/.cache/textlayout-palace/spack-opt\",\n    \"installed_at\": \"2026-10-05T11:40:47.866958+00:00\",\n    \"mpi_version\": \"mpirun (Open MPI) 4.1.6\",\n    \"native_root\": \"/home/runner/.cache/textlayout-palace\",\n    \"palace_commit\": \"12d8069afb5aa9e169a17e303d735e120968e9f2\",\n    \"palace_executable\": \"/home/runner/.cache/textlayout-palace/spack-opt/linux-x86_64_v3/palace-0.17.0-737ugntl33fa5wjglayhp7ojkezkti5s/bin/palace\",\n    \"palace_executable_sha256\": \"ad43ec030f51435f32150a5c72cb324ca03083d2ffc2f91405bbf41c6bc2240f\",\n    \"palace_version\": \"0.17.0\",\n    \"requested_version\": \"0.17.0\",\n    \"reused\": false,\n    \"schema\": \"textlayout.palace-install.v1\",\n    \"source_archive\": {\n      \"available\": true,\n      \"path\": \"/home/runner/work/Text-to-Layout/Text-to-Layout/.tools/external/sources/palace-12d8069afb5aa9e169a17e303d735e120968e9f2.tar.gz\",\n      \"sha256\": \"169f7fe210ea6e771a29bfe0803dd84a774b25b00d2aa3a1f33b9d97a510ff9d\",\n      \"size_bytes\": 47331791\n    },\n    \"source_archive_path\": \"/home/runner/work/Text-to-Layout/Text-to-Layout/.tools/external/sources/palace-12d8069afb5aa9e169a17e303d735e120968e9f2.tar.gz\",\n    \"source_archive_sha256\": \"169f7fe210ea6e771a29bfe0803dd84a774b25b00d2aa3a1f33b9d97a510ff9d\",\n    \"spack_commit\": \"0c2be44e4ece21eb091ad5de4c97716b7c6d4c87\",\n    \"spack_environment\": \"external_tools/palace/spack.yaml\",\n    \"spack_packages_commit\": \"a2928a3376d286ddbf07da62847d5ba5b0fa3c67\",\n    \"spack_runtime_cache\": \"/home/runner/.cache/textlayout-palace\",\n    \"spack_version\": \"1.1.0\",\n    \"status\": \"INSTALLED\",\n    \"strategy\": \"pinned_spack_wsl\"\n  },\n  \"required_palace_version\": \"0.17.0\",\n  \"schema\": \"textlayout.palace-toolchain.v1\"\n}\n", "truncated": false}, "resource_decision.json": {"size_bytes": 288, "tail": "{\n  \"accepted_processes\": 2,\n  \"available_mb\": 14815,\n  \"memory_tier\": \"unknown\",\n  \"preflight_peak_mb\": null,\n  \"rationale\": \"no peak-memory estimate available; honouring the requested count\",\n  \"requested_processes\": 2,\n  \"timestamp\": \"2026-10-05T11:41:06+00:00\",\n  \"total_mb\": 15989\n}\n", "truncated": false}, "run_manifest.json": {"unavailable": "FileNotFoundError"}, "base_mesh/mesh_metrics.json": {"size_bytes": 403, "tail": "{\n  \"element_count\": 206137,\n  \"extents\": {\n    \"lateral_margin_um\": 100.0,\n    \"lid_height_um\": 450.0,\n    \"substrate_thickness_um\": 300.0,\n    \"vacuum_height_um\": 300.0\n  },\n  \"mean_quality\": 0.7263143756565194,\n  \"mesh_scale\": 4.0,\n  \"mesh_sha256\": \"d2c7eee442ccec0b5acf7a37a98b61dd305b53bafb68f0d43dab3ba0dc2b069e\",\n  \"minimum_quality\": 0.15838171066132758,\n  \"runtime_seconds\": 7.345174475000022\n}\n", "truncated": false}, "base_mesh/palace_amr.json": {"size_bytes": 2038, "tail": "{\n  \"Boundaries\": {\n    \"PEC\": {\n      \"Attributes\": [\n        10,\n        11,\n        12,\n        30,\n        31\n      ]\n    }\n  },\n  \"Domains\": {\n    \"Materials\": [\n      {\n        \"Attributes\": [\n          1\n        ],\n        \"LossTan\": 1e-06,\n        \"Permeability\": 1.0,\n        \"Permittivity\": 11.45\n      },\n      {\n        \"Attributes\": [\n          2\n        ],\n        \"LossTan\": 1e-06,\n        \"Permeability\": 1.0,\n        \"Permittivity\": 11.45\n      },\n      {\n        \"Attributes\": [\n          3\n        ],\n        \"Permeability\": 1.0,\n        \"Permittivity\": 1.0\n      },\n      {\n        \"Attributes\": [\n          4\n        ],\n        \"Permeability\": 1.0,\n        \"Permittivity\": 1.0\n      },\n      {\n        \"Attributes\": [\n          5\n        ],\n        \"Permeability\": 1.0,\n        \"Permittivity\": 1.0\n      }\n    ],\n    \"Postprocessing\": {\n      \"Energy\": [\n        {\n          \"Attributes\": [\n            1\n          ],\n          \"Index\": 1\n        },\n        {\n          \"Attributes\": [\n            2\n          ],\n          \"Index\": 2\n        },\n        {\n          \"Attributes\": [\n            3\n          ],\n          \"Index\": 3\n        },\n        {\n          \"Attributes\": [\n            4\n          ],\n          \"Index\": 4\n        },\n        {\n          \"Attributes\": [\n            5\n          ],\n          \"Index\": 5\n        }\n      ]\n    }\n  },\n  \"Model\": {\n    \"L0\": 1e-06,\n    \"Mesh\": \"quarter_wave_base.msh\",\n    \"Refinement\": {\n      \"MaxIts\": 4,\n      \"Nonconformal\": false,\n      \"SaveAdaptIterations\": true,\n      \"SaveAdaptMesh\": true,\n      \"Tol\": 0.0001,\n      \"UpdateFraction\": 0.7\n    }\n  },\n  \"Problem\": {\n    \"Output\": \"postpro\",\n    \"OutputFormats\": {\n      \"GridFunction\": true,\n      \"Paraview\": true\n    },\n    \"Type\": \"Eigenmode\",\n    \"Verbose\": 2\n  },\n  \"Solver\": {\n    \"Device\": \"CPU\",\n    \"Eigenmode\": {\n      \"N\": 4,\n      \"Save\": 4,\n      \"Target\": 2.7,\n      \"Tol\": 1e-09\n    },\n    \"Linear\": {\n      \"MaxIts\": 1000,\n      \"Tol\": 1e-09,\n      \"Type\": \"Default\"\n    },\n    \"Order\": 1\n  }\n}\n", "truncated": false}, "base_mesh/palace.stdout.txt": {"size_bytes": 22556, "tail": "      Min.        Max.        Avg.\n==============================================================\nInitialization                   0.569       2.868       1.719\n  Mesh Preprocessing             1.526       3.827       2.676\nOperator Construction           52.663      52.715      52.689\nLinear Solve                    32.980      32.989      32.984\n  Setup                          7.441       7.444       7.443\n  Preconditioner                80.341      80.356      80.348\nEigenvalue Solve                14.985      15.064      15.025\nDiv.-Free Projection            87.484      87.559      87.522\nEstimation                       2.699       2.804       2.751\n  Construction                  46.860      46.863      46.862\n  Solve                         67.726      67.784      67.755\nAdaptation                       3.697       3.746       3.721\n  Rebalancing                    1.667       1.667       1.667\nPostprocessing                  19.439      19.483      19.461\n  Paraview                     154.035     154.038     154.036\n  Grid function                 82.288      82.288      82.288\nDisk IO                          1.183       1.186       1.185\n--------------------------------------------------------------\nTotal                          660.156     660.157     660.157\n\nPeak Memory                   Per-Node       Total   Total HWM\n==============================================================\nInitialization                    3.9M        3.9M        3.9M\n  Mesh Preprocessing            152.9M      152.9M      156.8M\nOperator Construction           281.9M      281.9M      438.7M\nLinear Solve                      0.0K        0.0K      438.7M\n  Setup                           1.3G        1.3G        1.8G\n  Preconditioner                 10.4G       10.4G       12.2G\nEigenvalue Solve                  7.6M        7.6M       12.2G\nDiv.-Free Projection            180.0M      180.0M       12.3G\nEstimation                      640.8M      640.8M       13.0G\n  Construction                    0.0K        0.0K       13.0G\n  Solve                         440.4M      440.4M       13.4G\nAdaptation                        0.0K        0.0K       13.4G\n  Rebalancing                     0.0K        0.0K       13.4G\nPostprocessing                   93.0M       93.0M       13.5G\n  Paraview                        8.7M        8.7M       13.5G\n  Grid function                 512.0K      512.0K       13.5G\nDisk IO                          67.3M       67.3M       13.6G\n--------------------------------------------------------------\nTotal                            13.6G       13.6G       13.6G\nEstimated peak per-rank memory usage is: Min. 6.7G, Max. 7.0G, Avg. 6.8G, Total 13.6G\nEstimated peak per-node memory usage is: Min. 13.6G, Max. 13.6G, Avg. 13.6G, Total 13.6G\n\nAdaptive mesh refinement (AMR) iteration 2:\n Indicator norm = 3.846e-01, global unknowns = 924336\n Max. iterations = 4, tol. = 1.000e-04\n Marked 127539/759141 elements for refinement (70.00% of the error, \u03b8 = 0.70)\n Conforming mesh refinement added 2607704 elements (initial = 759141, final = 3366845)\n Rebalanced mesh: Ratio 1.161 exceeded max. allowed value 1.100 (new ratio = 1.000)\n\nParallel Mesh Stats:\n\n                minimum     average     maximum       total\n vertices        304927      306126      307326      612253\n edges          2019354     2022337     2025320     4044674\n faces          3397808     3399633     3401458     6799266\n elements       1683380     1683422     1683465     3366845\n neighbors            1           1           1\n\n            minimum     maximum\n h      0.000163591   0.0319171\n kappa      1.04077     28.0205\n\nProceeding with solve/estimate iteration 3...\n\nConfiguring Dirichlet PEC BC at attributes:\n 10-12, 30-31\n\nAssembling system matrices, number of global unknowns:\n H1 (p = 1): 612253, ND (p = 1): 4044674, RT (p = 1): 6799266\n Operator assembly level: Partial\n Mesh geometries:\n  Tetrahedron: P = 6, Q = 4 (quadrature order = 2)\n\nConfiguring ARPACK eigenvalue solver:\n Scaling \u03b3 = 1.133e+06, \u03b4 = 6.889e-06\n Configuring divergence-free projection\n", "truncated": true}, "base_mesh/palace.stderr.txt": {"size_bytes": 0, "tail": "", "truncated": false}, "base_mesh/resource_summary.json": {"unavailable": "FileNotFoundError"}, "base_mesh/resource_samples.json": {"unavailable": "FileNotFoundError"}}, "cgroup_path": "/system.slice/hosted-compute-agent.service", "cgroup_memory": {"memory.current": {"size_bytes": 0, "tail": "13687488512\n", "truncated": false}, "memory.peak": {"size_bytes": 0, "tail": "15823683584\n", "truncated": false}, "memory.max": {"size_bytes": 0, "tail": "max\n", "truncated": false}, "memory.events": {"size_bytes": 0, "tail": "low 0\nhigh 0\nmax 0\noom 0\noom_kill 0\noom_group_kill 0\n", "truncated": false}}, "process_columns": "pid ppid rss_KiB vsz_KiB cpu_percent command_name", "largest_processes": [" 680588  680539 6236524 6556208 99.9 palace-x86_64.b", " 680591  680539 5855128 6180412 99.9 palace-x86_64.b", "   2105    2102 124488 1431768 0.2 provjobd1430605", "   2297    2277 121104 274485592 0.4 Runner.Worker", "   2277    2089 90844 274411092 0.0 Runner.Listener", " 680278  680275 83596 1295316 1.1 textlayout", "   1387       1 59196 2045424 0.0 dockerd", "    218       1 43716 305388  0.0 multipathd", "   1009       1 43080 295288  0.0 php-fpm8.3", "   1083       1 36596 1960792 0.0 containerd", "   1390    1044 30244 454664  0.0 python3", " 680275  680273 26260 216752  0.0 uv"]}
palace	UNKNOWN STEP	2026-10-05T11:57:35.9720741Z {"schema": "textlayout.palace-ci-observation.v1", "timestamp": "2026-10-05T11:57:35.912940+00:00", "scope": "host/process diagnostics; not numerical validation", "meminfo": {"size_bytes": 1615, "head": "MemTotal:       16373452 kB\nMemFree:          271776 kB\nMemAvailable:     301224 kB\nBuffers:           12364 kB\nCached:           215856 kB\nSwapCached:        38064 kB\nActive:          2396288 kB\nInactive:       13137220 kB\nActive(anon):    2364604 kB\nInactive(anon): 12985728 kB\nActive(file):      31684 kB\nInactive(file):   151492 kB\nUnevictable:       46780 kB\nMlocked:           43708 kB\nSwapTotal:       3145724 kB\nSwapFree:        2367884 kB\nZswap:                 0 kB\nZswapped:              0 kB\nDirty:                 8 kB\nWriteback:          1012 kB\nAnonPages:      15322308 kB\nMapped:           174032 kB\nShmem:             36184 kB\nKReclaimable:     229256 kB\nSlab:             327968 kB\nSReclaimable:     229256 kB\nSUnreclaim:        98712 kB\nKernelStack:        4256 kB\nPageTables:        39080 kB\nSecPageTables:         0 kB\nNFS_Unstable:          0 kB\nBounce:                0 kB\nWritebackTmp:          0 kB\nCommitLimit:    11332448 kB\nCommitted_AS:   21707072 kB\nVmallocTotal:   34359738367 kB\nVmallocUsed:       39648 kB\nVmallocChunk:          0 kB\nPercpu:             2400 kB\nHardwareCorrupted:     0 kB\nAnonHugePages:   6934528 kB\nShmemHugePages:        0 kB\nShmemPmdMapped:        0 kB\nFileHugePages:         0 kB\nFilePmdMapped:         0 kB\nCmaTotal:              0 kB\nCmaFree:               0 kB\nUnaccepted:            0 kB\nBalloon:               0 kB\nHugePages_Total:       0\nHugePages_Free:        0\nHugePages_Rsvd:        0\nHugePages_Surp:        0\nHugepagesize:       2048 kB\nHugetlb:               0 kB\nDirectMap4k:      109696 kB\nDirectMap2M:     4079616 kB\nDirectMap1G:    14680064 kB\n", "truncated": false, "read_mode": "bounded_prefix"}, "files": {"toolchain.json": {"size_bytes": 3922, "tail": "{\n  \"capability\": {\n    \"available\": true,\n    \"container_digest\": null,\n    \"container_engine\": null,\n    \"container_image\": null,\n    \"executable\": \"/home/runner/.cache/textlayout-palace/spack-opt/linux-x86_64_v3/palace-0.17.0-737ugntl33fa5wjglayhp7ojkezkti5s/bin/palace\",\n    \"executable_sha256\": \"ad43ec030f51435f32150a5c72cb324ca03083d2ffc2f91405bbf41c6bc2240f\",\n    \"execution_kind\": \"executable\",\n    \"identified\": true,\n    \"mpi_launcher\": \"/usr/bin/mpirun\",\n    \"status\": \"AVAILABLE\",\n    \"unavailable_reason\": null,\n    \"version\": \"0.17.0\"\n  },\n  \"generated_at\": \"2026-10-05T11:41:06+00:00\",\n  \"git_commit\": \"7b435483afaa5a8cdbfec25c9f6de030605eff13\",\n  \"gmsh\": {\n    \"available\": true,\n    \"expected_version\": \"4.15.2\",\n    \"module\": \"/home/runner/work/Text-to-Layout/Text-to-Layout/.venv/lib/python3.12/site-packages/gmsh.py\",\n    \"module_sha256\": \"f4b0935cebde899750293d87a643090e5ea33c9b18d249267f507db68a0e01c3\",\n    \"version\": \"4.15.2\"\n  },\n  \"install_record\": {\n    \"build_stage\": \"/home/runner/.cache/textlayout-palace/build-stage\",\n    \"compiler_and_mpi_tail\": [\n      \"[+] /home/runner/.cache/textlayout-palace/spack-opt/linux-x86_64_v3/palace-0.17.0-737ugntl33fa5wjglayhp7ojkezkti5s\",\n      \"==> Installing palace-0.17.0-737ugntl33fa5wjglayhp7ojkezkti5s [63/63]\",\n      \"==> Updating view at /home/runner/.cache/textlayout-palace/environment/.spack-env/view\",\n      \"gcc (Ubuntu 13.3.0-6ubuntu2~24.04.1) 13.3.0\",\n      \"g++ (Ubuntu 13.3.0-6ubuntu2~24.04.1) 13.3.0\",\n      \"GNU Fortran (Ubuntu 13.3.0-6ubuntu2~24.04.1) 13.3.0\",\n      \"mpirun (Open MPI) 4.1.6\",\n      \"\"\n    ],\n    \"compiler_versions\": {\n      \"gcc\": \"gcc (Ubuntu 13.3.0-6ubuntu2~24.04.1) 13.3.0\",\n      \"gfortran\": \"GNU Fortran (Ubuntu 13.3.0-6ubuntu2~24.04.1) 13.3.0\",\n      \"gxx\": \"g++ (Ubuntu 13.3.0-6ubuntu2~24.04.1) 13.3.0\"\n    },\n    \"git_commit\": \"7b435483afaa5a8cdbfec25c9f6de030605eff13\",\n    \"gmsh\": {\n      \"available\": true,\n      \"expected_version\": \"4.15.2\",\n      \"module\": \"/home/runner/work/Text-to-Layout/Text-to-Layout/.venv/lib/python3.12/site-packages/gmsh.py\",\n      \"module_sha256\": \"f4b0935cebde899750293d87a643090e5ea33c9b18d249267f507db68a0e01c3\",\n      \"version\": \"4.15.2\"\n    },\n    \"gmsh_version\": \"4.15.2\",\n    \"install_tree\": \"/home/runner/.cache/textlayout-palace/spack-opt\",\n    \"installed_at\": \"2026-10-05T11:40:47.866958+00:00\",\n    \"mpi_version\": \"mpirun (Open MPI) 4.1.6\",\n    \"native_root\": \"/home/runner/.cache/textlayout-palace\",\n    \"palace_commit\": \"12d8069afb5aa9e169a17e303d735e120968e9f2\",\n    \"palace_executable\": \"/home/runner/.cache/textlayout-palace/spack-opt/linux-x86_64_v3/palace-0.17.0-737ugntl33fa5wjglayhp7ojkezkti5s/bin/palace\",\n    \"palace_executable_sha256\": \"ad43ec030f51435f32150a5c72cb324ca03083d2ffc2f91405bbf41c6bc2240f\",\n    \"palace_version\": \"0.17.0\",\n    \"requested_version\": \"0.17.0\",\n    \"reused\": false,\n    \"schema\": \"textlayout.palace-install.v1\",\n    \"source_archive\": {\n      \"available\": true,\n      \"path\": \"/home/runner/work/Text-to-Layout/Text-to-Layout/.tools/external/sources/palace-12d8069afb5aa9e169a17e303d735e120968e9f2.tar.gz\",\n      \"sha256\": \"169f7fe210ea6e771a29bfe0803dd84a774b25b00d2aa3a1f33b9d97a510ff9d\",\n      \"size_bytes\": 47331791\n    },\n    \"source_archive_path\": \"/home/runner/work/Text-to-Layout/Text-to-Layout/.tools/external/sources/palace-12d8069afb5aa9e169a17e303d735e120968e9f2.tar.gz\",\n    \"source_archive_sha256\": \"169f7fe210ea6e771a29bfe0803dd84a774b25b00d2aa3a1f33b9d97a510ff9d\",\n    \"spack_commit\": \"0c2be44e4ece21eb091ad5de4c97716b7c6d4c87\",\n    \"spack_environment\": \"external_tools/palace/spack.yaml\",\n    \"spack_packages_commit\": \"a2928a3376d286ddbf07da62847d5ba5b0fa3c67\",\n    \"spack_runtime_cache\": \"/home/runner/.cache/textlayout-palace\",\n    \"spack_version\": \"1.1.0\",\n    \"status\": \"INSTALLED\",\n    \"strategy\": \"pinned_spack_wsl\"\n  },\n  \"required_palace_version\": \"0.17.0\",\n  \"schema\": \"textlayout.palace-toolchain.v1\"\n}\n", "truncated": false}, "resource_decision.json": {"size_bytes": 288, "tail": "{\n  \"accepted_processes\": 2,\n  \"available_mb\": 14815,\n  \"memory_tier\": \"unknown\",\n  \"preflight_peak_mb\": null,\n  \"rationale\": \"no peak-memory estimate available; honouring the requested count\",\n  \"requested_processes\": 2,\n  \"timestamp\": \"2026-10-05T11:41:06+00:00\",\n  \"total_mb\": 15989\n}\n", "truncated": false}, "run_manifest.json": {"unavailable": "FileNotFoundError"}, "base_mesh/mesh_metrics.json": {"size_bytes": 403, "tail": "{\n  \"element_count\": 206137,\n  \"extents\": {\n    \"lateral_margin_um\": 100.0,\n    \"lid_height_um\": 450.0,\n    \"substrate_thickness_um\": 300.0,\n    \"vacuum_height_um\": 300.0\n  },\n  \"mean_quality\": 0.7263143756565194,\n  \"mesh_scale\": 4.0,\n  \"mesh_sha256\": \"d2c7eee442ccec0b5acf7a37a98b61dd305b53bafb68f0d43dab3ba0dc2b069e\",\n  \"minimum_quality\": 0.15838171066132758,\n  \"runtime_seconds\": 7.345174475000022\n}\n", "truncated": false}, "base_mesh/palace_amr.json": {"size_bytes": 2038, "tail": "{\n  \"Boundaries\": {\n    \"PEC\": {\n      \"Attributes\": [\n        10,\n        11,\n        12,\n        30,\n        31\n      ]\n    }\n  },\n  \"Domains\": {\n    \"Materials\": [\n      {\n        \"Attributes\": [\n          1\n        ],\n        \"LossTan\": 1e-06,\n        \"Permeability\": 1.0,\n        \"Permittivity\": 11.45\n      },\n      {\n        \"Attributes\": [\n          2\n        ],\n        \"LossTan\": 1e-06,\n        \"Permeability\": 1.0,\n        \"Permittivity\": 11.45\n      },\n      {\n        \"Attributes\": [\n          3\n        ],\n        \"Permeability\": 1.0,\n        \"Permittivity\": 1.0\n      },\n      {\n        \"Attributes\": [\n          4\n        ],\n        \"Permeability\": 1.0,\n        \"Permittivity\": 1.0\n      },\n      {\n        \"Attributes\": [\n          5\n        ],\n        \"Permeability\": 1.0,\n        \"Permittivity\": 1.0\n      }\n    ],\n    \"Postprocessing\": {\n      \"Energy\": [\n        {\n          \"Attributes\": [\n            1\n          ],\n          \"Index\": 1\n        },\n        {\n          \"Attributes\": [\n            2\n          ],\n          \"Index\": 2\n        },\n        {\n          \"Attributes\": [\n            3\n          ],\n          \"Index\": 3\n        },\n        {\n          \"Attributes\": [\n            4\n          ],\n          \"Index\": 4\n        },\n        {\n          \"Attributes\": [\n            5\n          ],\n          \"Index\": 5\n        }\n      ]\n    }\n  },\n  \"Model\": {\n    \"L0\": 1e-06,\n    \"Mesh\": \"quarter_wave_base.msh\",\n    \"Refinement\": {\n      \"MaxIts\": 4,\n      \"Nonconformal\": false,\n      \"SaveAdaptIterations\": true,\n      \"SaveAdaptMesh\": true,\n      \"Tol\": 0.0001,\n      \"UpdateFraction\": 0.7\n    }\n  },\n  \"Problem\": {\n    \"Output\": \"postpro\",\n    \"OutputFormats\": {\n      \"GridFunction\": true,\n      \"Paraview\": true\n    },\n    \"Type\": \"Eigenmode\",\n    \"Verbose\": 2\n  },\n  \"Solver\": {\n    \"Device\": \"CPU\",\n    \"Eigenmode\": {\n      \"N\": 4,\n      \"Save\": 4,\n      \"Target\": 2.7,\n      \"Tol\": 1e-09\n    },\n    \"Linear\": {\n      \"MaxIts\": 1000,\n      \"Tol\": 1e-09,\n      \"Type\": \"Default\"\n    },\n    \"Order\": 1\n  }\n}\n", "truncated": false}, "base_mesh/palace.stdout.txt": {"size_bytes": 22749, "tail": " 1.526       3.827       2.676\nOperator Construction           52.663      52.715      52.689\nLinear Solve                    32.980      32.989      32.984\n  Setup                          7.441       7.444       7.443\n  Preconditioner                80.341      80.356      80.348\nEigenvalue Solve                14.985      15.064      15.025\nDiv.-Free Projection            87.484      87.559      87.522\nEstimation                       2.699       2.804       2.751\n  Construction                  46.860      46.863      46.862\n  Solve                         67.726      67.784      67.755\nAdaptation                       3.697       3.746       3.721\n  Rebalancing                    1.667       1.667       1.667\nPostprocessing                  19.439      19.483      19.461\n  Paraview                     154.035     154.038     154.036\n  Grid function                 82.288      82.288      82.288\nDisk IO                          1.183       1.186       1.185\n--------------------------------------------------------------\nTotal                          660.156     660.157     660.157\n\nPeak Memory                   Per-Node       Total   Total HWM\n==============================================================\nInitialization                    3.9M        3.9M        3.9M\n  Mesh Preprocessing            152.9M      152.9M      156.8M\nOperator Construction           281.9M      281.9M      438.7M\nLinear Solve                      0.0K        0.0K      438.7M\n  Setup                           1.3G        1.3G        1.8G\n  Preconditioner                 10.4G       10.4G       12.2G\nEigenvalue Solve                  7.6M        7.6M       12.2G\nDiv.-Free Projection            180.0M      180.0M       12.3G\nEstimation                      640.8M      640.8M       13.0G\n  Construction                    0.0K        0.0K       13.0G\n  Solve                         440.4M      440.4M       13.4G\nAdaptation                        0.0K        0.0K       13.4G\n  Rebalancing                     0.0K        0.0K       13.4G\nPostprocessing                   93.0M       93.0M       13.5G\n  Paraview                        8.7M        8.7M       13.5G\n  Grid function                 512.0K      512.0K       13.5G\nDisk IO                          67.3M       67.3M       13.6G\n--------------------------------------------------------------\nTotal                            13.6G       13.6G       13.6G\nEstimated peak per-rank memory usage is: Min. 6.7G, Max. 7.0G, Avg. 6.8G, Total 13.6G\nEstimated peak per-node memory usage is: Min. 13.6G, Max. 13.6G, Avg. 13.6G, Total 13.6G\n\nAdaptive mesh refinement (AMR) iteration 2:\n Indicator norm = 3.846e-01, global unknowns = 924336\n Max. iterations = 4, tol. = 1.000e-04\n Marked 127539/759141 elements for refinement (70.00% of the error, \u03b8 = 0.70)\n Conforming mesh refinement added 2607704 elements (initial = 759141, final = 3366845)\n Rebalanced mesh: Ratio 1.161 exceeded max. allowed value 1.100 (new ratio = 1.000)\n\nParallel Mesh Stats:\n\n                minimum     average     maximum       total\n vertices        304927      306126      307326      612253\n edges          2019354     2022337     2025320     4044674\n faces          3397808     3399633     3401458     6799266\n elements       1683380     1683422     1683465     3366845\n neighbors            1           1           1\n\n            minimum     maximum\n h      0.000163591   0.0319171\n kappa      1.04077     28.0205\n\nProceeding with solve/estimate iteration 3...\n\nConfiguring Dirichlet PEC BC at attributes:\n 10-12, 30-31\n\nAssembling system matrices, number of global unknowns:\n H1 (p = 1): 612253, ND (p = 1): 4044674, RT (p = 1): 6799266\n Operator assembly level: Partial\n Mesh geometries:\n  Tetrahedron: P = 6, Q = 4 (quadrature order = 2)\n\nConfiguring ARPACK eigenvalue solver:\n Scaling \u03b3 = 1.133e+06, \u03b4 = 6.889e-06\n Configuring divergence-free projection\n Using random starting vector\n Shift-and-invert \u03c3 = 2.700e+00 GHz (2.936e-01)\n\nAssembling multigrid hierarchy:\n Level 0 (p = 1): 4044674 unknowns\n Level 0 (auxiliary) (p = 1): 612253 unknowns\n", "truncated": true}, "base_mesh/palace.stderr.txt": {"size_bytes": 0, "tail": "", "truncated": false}, "base_mesh/resource_summary.json": {"unavailable": "FileNotFoundError"}, "base_mesh/resource_samples.json": {"unavailable": "FileNotFoundError"}}, "cgroup_path": "/system.slice/hosted-compute-agent.service", "cgroup_memory": {"memory.current": {"size_bytes": 0, "tail": "15860310016\n", "truncated": false}, "memory.peak": {"size_bytes": 0, "tail": "15916863488\n", "truncated": false}, "memory.max": {"size_bytes": 0, "tail": "max\n", "truncated": false}, "memory.events": {"size_bytes": 0, "tail": "low 0\nhigh 0\nmax 0\noom 0\noom_kill 0\noom_group_kill 0\n", "truncated": false}}, "process_columns": "pid ppid rss_KiB vsz_KiB cpu_percent command_name", "largest_processes": [" 680588  680539 7817364 9844240 99.4 palace-x86_64.b", " 680591  680539 7238388 9389364 99.4 palace-x86_64.b", "   2105    2102 115548 1431768 0.2 provjobd1430605", "   2297    2277 91624 274485608 0.4 Runner.Worker", "   2277    2089 74824 274411092 0.0 Runner.Listener", " 680278  680275 45044 1295316 1.0 textlayout", "    218       1 43716 305388  0.0 multipathd", "   1390    1044 28872 454664  0.0 python3", "   1387       1 28572 2045424 0.0 dockerd", "   1009       1 25668 295288  0.0 php-fpm8.3", "   1083       1 16944 1960792 0.0 containerd", "   1006       1 16812  32548  0.0 networkd-dispat"]}
palace	UNKNOWN STEP	2026-10-05T11:57:53.8586333Z ##[error]The runner has received a shutdown signal. This can happen when the runner service is stopped, or a manually started runner is canceled.
palace	UNKNOWN STEP	2026-10-05T11:57:53.9952439Z ##[error]The operation was canceled.
palace	UNKNOWN STEP	2026-10-05T11:57:54.1512010Z Cleaning up orphan processes
palace	UNKNOWN STEP	2026-10-05T11:57:54.2157615Z Terminate orphan process: pid (680539) (mpirun)
palace	UNKNOWN STEP	2026-10-05T11:57:54.2316268Z ##[warning]Node.js 20 is deprecated. The following actions target Node.js 20 but are being forced to run on Node.js 24: actions/cache@v4, actions/checkout@v4, actions/upload-artifact@v4, astral-sh/setup-uv@v5. For more information see: https://github.blog/changelog/2025-09-19-deprecation-of-node-20-on-github-actions-runners/
