        m,                Re{f} (GHz),                Im{f} (GHz),                          Q,              Error (Bkwd.),               Error (Abs.)
 1.00e+00,        +6.041406133060e+00,        -3.436656322129e-14,        +8.789657106763e+13,        +8.260075925778e-13,        +5.319740577475e-11
 2.00e+00,        +7.386516334967e+00,        +1.370449199827e-13,        +2.694925260965e+13,        +2.509143370071e-12,        +1.699012577633e-10
