        m,                Re{f} (GHz),                Im{f} (GHz),                          Q,              Error (Bkwd.),               Error (Abs.)
 1.00e+00,        +6.001456051043e+00,        +2.706145219110e-14,        +1.108856983850e+14,        +2.943788081654e-15,        +1.455949174612e-12
 2.00e+00,        +8.581784158007e+00,        -5.869284498829e-13,        +7.310758372439e+12,        +1.698617246861e-12,        +8.418821023583e-10
 3.00e+00,        +8.589894337399e+00,        -1.756071520949e-14,        +2.445770071130e+14,        +3.768443080371e-12,        +1.867760103074e-09
