        m,                Re{f} (GHz),                Im{f} (GHz),                          Q,              Error (Bkwd.),               Error (Abs.)
 1.00e+00,        +6.005732649802e+00,        -7.137661979997e-15,        +4.207072754799e+14,        +1.122486964137e-14,        +2.783432983965e-12
 2.00e+00,        +8.493432574788e+00,        -1.096790745852e-12,        +3.871947592060e+12,        +2.903464381036e-12,        +7.257320027004e-10
 3.00e+00,        +8.524100017778e+00,        +3.511076235616e-13,        +1.213887059943e+13,        +8.456932958592e-12,        +2.114085388692e-09
