        m,                Re{f} (GHz),                Im{f} (GHz),                          Q,              Error (Bkwd.),               Error (Abs.)
 1.00e+00,        +6.021133625145e+00,        -1.151896754593e-15,        +2.613573482666e+15,        +2.282577925031e-15,        +2.859501413146e-13
 2.00e+00,        +8.181205556736e+00,        -6.313911161058e-14,        +6.478714498863e+13,        +7.863054895400e-12,        +1.010613846063e-09
