        m,                Re{f} (GHz),                Im{f} (GHz),                          Q,              Error (Bkwd.),               Error (Abs.)
 1.00e+00,        +5.999744483312e+00,        -9.584987715470e-17,        +3.129761175191e+16,        +3.677966268023e-16,        +4.456964973017e-14
 2.00e+00,        +8.474900604060e+00,        -3.497269464068e-14,        +1.211645355203e+14,        +2.870810700280e-13,        +3.546923443547e-11
 3.00e+00,        +8.545089686339e+00,        +1.371293144063e-13,        +3.115704954604e+13,        +1.480226497153e-12,        +1.830009138676e-10
