        m,                 E_elec (J),                  E_mag (J),                  E_cap (J),                  E_ind (J),              E_elec[1] (J),                  p_elec[1],               E_mag[1] (J),                   p_mag[1],              E_elec[2] (J),                  p_elec[2],               E_mag[2] (J),                   p_mag[2]
 1.00e+00,        +5.892556509888e-11,        +5.892556509888e-11,        +0.000000000000e+00,        +0.000000000000e+00,        +5.580007418437e-12,        +9.469586603156e-02,        +1.495282185474e-11,        +2.537578015527e-01,        +5.334555768044e-11,        +9.053041339684e-01,        +4.397274324414e-11,        +7.462421984473e-01
 2.00e+00,        +5.892556509888e-11,        +5.892556509888e-11,        +0.000000000000e+00,        +0.000000000000e+00,        +1.039267064282e-11,        +1.763694692683e-01,        +1.254112117929e-11,        +2.128298839093e-01,        +4.853289445606e-11,        +8.236305307317e-01,        +4.638444391959e-11,        +7.871701160907e-01
 3.00e+00,        +5.892556509888e-11,        +5.892556509887e-11,        +0.000000000000e+00,        +0.000000000000e+00,        +1.019990838657e-11,        +1.730981853031e-01,        +1.241180205219e-11,        +2.106352655483e-01,        +4.872565671231e-11,        +8.269018146969e-01,        +4.651376304668e-11,        +7.893647344517e-01
