        m,                Re{f} (GHz),                Im{f} (GHz),                          Q,              Error (Bkwd.),               Error (Abs.)
 1.00e+00,        +5.998562622651e+00,        -4.630893792046e-15,        +6.476679116410e+14,        +6.221117494747e-16,        +1.444715901471e-13
 2.00e+00,        +8.581019538939e+00,        -2.264472934124e-14,        +1.894705697213e+14,        +1.189778260761e-13,        +2.778038652086e-11
 3.00e+00,        +8.600413412825e+00,        -3.775593608391e-15,        +1.138948507820e+15,        +3.087714058935e-13,        +7.209914971585e-11
