        m,                Re{f} (GHz),                Im{f} (GHz),                          Q,              Error (Bkwd.),               Error (Abs.)
 1.00e+00,        +5.999638098653e+00,        -1.031720092404e-12,        +2.907590025058e+12,        +2.080685362312e-14,        +9.655950530148e-12
 2.00e+00,        +8.604342244289e+00,        -1.550884193465e-13,        +2.774011844516e+13,        +1.438412281162e-13,        +6.684564136182e-11
 3.00e+00,        +8.609292790669e+00,        +2.114918169002e-12,        +2.035372554090e+12,        +2.734559879095e-13,        +1.270803772608e-10
