        m,                 E_elec (J),                  E_mag (J),                  E_cap (J),                  E_ind (J),              E_elec[1] (J),                  p_elec[1],               E_mag[1] (J),                   p_mag[1],              E_elec[2] (J),                  p_elec[2],               E_mag[2] (J),                   p_mag[2]
 1.00e+00,        +5.892556509888e-11,        +5.892556509889e-11,        +0.000000000000e+00,        +0.000000000000e+00,        +5.368267955705e-12,        +9.110252819293e-02,        +1.474541354362e-11,        +2.502379657941e-01,        +5.355729714317e-11,        +9.088974718071e-01,        +4.418015155527e-11,        +7.497620342059e-01
 2.00e+00,        +5.892556509888e-11,        +5.892556509877e-11,        +0.000000000000e+00,        +0.000000000000e+00,        +1.006423628288e-11,        +1.707957533541e-01,        +1.233237192228e-11,        +2.092872915450e-01,        +4.886132881600e-11,        +8.292042466459e-01,        +4.659319317649e-11,        +7.907127084550e-01
 3.00e+00,        +5.892556509888e-11,        +5.892556509884e-11,        +0.000000000000e+00,        +0.000000000000e+00,        +1.005002835726e-11,        +1.705546368608e-01,        +1.232379360906e-11,        +2.091417127419e-01,        +4.887553674162e-11,        +8.294453631392e-01,        +4.660177148978e-11,        +7.908582872581e-01
