        m,                 E_elec (J),                  E_mag (J),                  E_cap (J),                  E_ind (J),              E_elec[1] (J),                  p_elec[1],               E_mag[1] (J),                   p_mag[1],              E_elec[2] (J),                  p_elec[2],               E_mag[2] (J),                   p_mag[2]
 1.00e+00,        +5.892556509888e-11,        +5.892556509888e-11,        +0.000000000000e+00,        +0.000000000000e+00,        +5.414082432639e-12,        +9.188002564853e-02,        +1.478759754365e-11,        +2.509538520137e-01,        +5.351148266624e-11,        +9.081199743515e-01,        +4.413796755523e-11,        +7.490461479863e-01
 2.00e+00,        +5.892556509888e-11,        +5.892556509888e-11,        +0.000000000000e+00,        +0.000000000000e+00,        +1.012835471155e-11,        +1.718838791713e-01,        +1.237470475464e-11,        +2.100057035325e-01,        +4.879721038732e-11,        +8.281161208287e-01,        +4.655086034424e-11,        +7.899942964675e-01
 3.00e+00,        +5.892556509888e-11,        +5.892556509888e-11,        +0.000000000000e+00,        +0.000000000000e+00,        +1.007397506741e-11,        +1.709610260081e-01,        +1.234161871954e-11,        +2.094442148977e-01,        +4.885159003147e-11,        +8.290389739919e-01,        +4.658394637934e-11,        +7.905557851023e-01
