        m,                 E_elec (J),                  E_mag (J),                  E_cap (J),                  E_ind (J),              E_elec[1] (J),                  p_elec[1],               E_mag[1] (J),                   p_mag[1],              E_elec[2] (J),                  p_elec[2],               E_mag[2] (J),                   p_mag[2]
 1.00e+00,        +1.034048695114e-11,        +1.034048695114e-11,        +0.000000000000e+00,        +0.000000000000e+00,        +9.513878330466e-12,        +9.200609580011e-01,        +5.210535310291e-12,        +5.038965123125e-01,        +8.266086206763e-13,        +7.993904199888e-02,        +5.129951640847e-12,        +4.961034876875e-01
 2.00e+00,        +1.034048695114e-11,        +1.034048695113e-11,        +0.000000000000e+00,        +0.000000000000e+00,        +9.866715287342e-12,        +9.541828478640e-01,        +7.333618550404e-12,        +7.092140423425e-01,        +4.737716638004e-13,        +4.581715213596e-02,        +3.006868400731e-12,        +2.907859576575e-01
 3.00e+00,        +1.034048695114e-11,        +1.034048695114e-11,        +0.000000000000e+00,        +0.000000000000e+00,        +1.003845953428e-11,        +9.707917607473e-01,        +8.684314341179e-12,        +8.398361104479e-01,        +3.020274168585e-13,        +2.920823925270e-02,        +1.656172609957e-12,        +1.601638895521e-01
