        m,                 E_elec (J),                  E_mag (J),                  E_cap (J),                  E_ind (J),              E_elec[1] (J),                  p_elec[1],               E_mag[1] (J),                   p_mag[1],              E_elec[2] (J),                  p_elec[2],               E_mag[2] (J),                   p_mag[2]
 1.00e+00,        +1.034048695114e-11,        +1.034048695116e-11,        +0.000000000000e+00,        +0.000000000000e+00,        +9.516868826116e-12,        +9.203501605951e-01,        +5.217166467985e-12,        +5.045377933002e-01,        +8.236181250268e-13,        +7.964983940488e-02,        +5.123320483170e-12,        +4.954622066998e-01
 2.00e+00,        +1.034048695114e-11,        +1.034048695115e-11,        +0.000000000000e+00,        +0.000000000000e+00,        +9.956643883517e-12,        +9.628795946033e-01,        +7.930772608650e-12,        +7.669631658656e-01,        +3.838430676254e-13,        +3.712040539667e-02,        +2.409714342505e-12,        +2.330368341343e-01
 3.00e+00,        +1.034048695114e-11,        +1.034048695116e-11,        +0.000000000000e+00,        +0.000000000000e+00,        +9.960108046107e-12,        +9.632146042219e-01,        +8.146085229828e-12,        +7.877854561691e-01,        +3.803789050358e-13,        +3.678539577808e-02,        +2.194401721329e-12,        +2.122145438309e-01
