        m,                 E_elec (J),                  E_mag (J),                  E_cap (J),                  E_ind (J),              E_elec[1] (J),                  p_elec[1],               E_mag[1] (J),                   p_mag[1],              E_elec[2] (J),                  p_elec[2],               E_mag[2] (J),                   p_mag[2]
 1.00e+00,        +1.034048695114e-11,        +1.034048695114e-11,        +0.000000000000e+00,        +0.000000000000e+00,        +9.504267975933e-12,        +9.191315670954e-01,        +5.224770001496e-12,        +5.052731100752e-01,        +8.362189752096e-13,        +8.086843290462e-02,        +5.115716949647e-12,        +4.947268899248e-01
 2.00e+00,        +1.034048695114e-11,        +1.034048695114e-11,        +0.000000000000e+00,        +0.000000000000e+00,        +9.816339576879e-12,        +9.493111517146e-01,        +7.031482495910e-12,        +6.799952970428e-01,        +5.241473742641e-13,        +5.068884828544e-02,        +3.309004455233e-12,        +3.200047029572e-01
 3.00e+00,        +1.034048695114e-11,        +1.034048695114e-11,        +0.000000000000e+00,        +0.000000000000e+00,        +1.007832123073e-11,        +9.746466755726e-01,        +8.959514052956e-12,        +8.664499162649e-01,        +2.621657204094e-13,        +2.535332442738e-02,        +1.380972898187e-12,        +1.335500837351e-01
