        m,                Re{f} (GHz),                Im{f} (GHz),                          Q,              Error (Bkwd.),               Error (Abs.)
 1.00e+00,        +5.579454518371e+00,        -7.375072447325e-16,        +3.782643871108e+15,        +6.300470467411e-17,        +1.972824760694e-13
 2.00e+00,        +1.646398805612e+01,        +8.917065420444e-14,        +9.231729991785e+13,        +5.582080783806e-14,        +1.749302987904e-10
 3.00e+00,        +1.700794550282e+01,        +1.322214660572e-13,        +6.431612812195e+13,        +2.063933314807e-13,        +6.468318363054e-10
