        m,                Re{f} (GHz),                Im{f} (GHz),                          Q,              Error (Bkwd.),               Error (Abs.)
 1.00e+00,        +5.669731306163e+00,        -5.651535593084e-16,        +5.016098025730e+15,        +7.206104449177e-17,        +2.519345390746e-13
 2.00e+00,        +1.655749574962e+01,        -5.701018044186e-14,        +1.452152547254e+14,        +6.370575449421e-14,        +2.229350309233e-10
 3.00e+00,        +1.706209802165e+01,        -1.885758762648e-13,        +4.523934439443e+13,        +2.219686855184e-13,        +7.768197605037e-10
