        m,                Re{f} (GHz),                Im{f} (GHz),                          Q,              Error (Bkwd.),               Error (Abs.)
 1.00e+00,        +5.709556059993e+00,        +2.739405036576e-15,        +1.042116076987e+15,        +8.110089820299e-17,        +3.420240582966e-13
 2.00e+00,        +1.664457834006e+01,        -2.710948044933e-14,        +3.069881470280e+14,        +6.080473022965e-14,        +2.565889404834e-10
 3.00e+00,        +1.716044023849e+01,        -1.632761497484e-13,        +5.255035798226e+13,        +2.495876052925e-13,        +1.053277499985e-09
