{
  "manufactured_tests": {
    "failed": 0,
    "passed": 12
  },
  "physical_sanity_passed": false,
  "real_field_result": {
    "bin_count": 20,
    "coordinate_direction": 1,
    "electric_antinode_near_open_end": false,
    "electric_node_near_grounded_end": false,
    "electric_node_residual": 5.5199783975914665,
    "electric_open_to_ground_ratio": 0.1811601292563627,
    "electric_phase_progression_score": 0.9999999999999992,
    "electric_profile": [
      0.09558721909585331,
      0.08053351929411177,
      0.07749925077533226,
      0.07722264378713245,
      0.0742396102433201,
      0.07075367512998927,
      0.06746939792956544,
      0.06414753179835585,
      0.05879055971438602,
      0.05310187928675003,
      0.04722714324462892,
      0.04301508615364234,
      0.03884859675386382,
      0.030374130321367324,
      0.026371988296877088,
      0.023723815481001217,
      0.021073859791110434,
      0.01807847938829366,
      0.013155112460705755,
      0.018786501053712934
    ],
    "electric_quarter_wave_profile_correlation": -0.9918164491712345,
    "endpoint_exclusion_length": 12.0,
    "failure_reasons": [
      "electric open-end antinode",
      "electric grounded-end node",
      "magnetic grounded-end antinode",
      "magnetic open-end node",
      "quarter-wave profile"
    ],
    "grounded_coordinate": 0.0,
    "magnetic_antinode_near_grounded_end": false,
    "magnetic_ground_to_open_ratio": 0.2332467781359449,
    "magnetic_node_near_open_end": false,
    "magnetic_node_residual": 4.287304665006617,
    "magnetic_phase_progression_score": 0.9999999999999989,
    "magnetic_profile": [
      0.020044711155995893,
      0.017828067233476196,
      0.017170846558832463,
      0.01673765090027119,
      0.02866327374456659,
      0.02978224618643788,
      0.03427416462235369,
      0.03792188708985185,
      0.040437652349746736,
      0.04911515368840875,
      0.05172430001303224,
      0.05633189734741975,
      0.06317258162045611,
      0.06693514636449778,
      0.07349686467752528,
      0.07562835065496024,
      0.07871382512000326,
      0.07880624338056176,
      0.08757562440386961,
      0.0756395128877329
    ],
    "magnetic_quarter_wave_profile_correlation": -0.9927268140335408,
    "open_coordinate": 4918.4652,
    "passed": false,
    "phase_progression_passed": true,
    "phase_progression_score": 0.9999999999999989,
    "physical_length": 4918.4652,
    "profile_shape_passed": false,
    "quarter_wave_profile_correlation": -0.9927268140335408,
    "schema": "textlayout.palace-quarter-wave-sanity.v2",
    "selected_sample_count": 101670
  },
  "schema": "textlayout.palace-quarter-wave-evaluator-validation.v1",
  "scientific_status": "CONVERGENCE_FAILED",
  "source_field": "out/palace_bounded_v021_resource_validation/base_mesh/postpro/paraview/eigenmode/Cycle000002/data.pvtu",
  "source_field_owned_by": "Palace 0.17.0",
  "source_run": "palace_bounded_v021_resource_validation"
}
