palace	UNKNOWN STEP	﻿2026-09-29T17:26:26.9199826Z Current runner version: '2.337.0'
palace	UNKNOWN STEP	2026-09-29T17:26:26.9226595Z ##[group]Runner Image Provisioner
palace	UNKNOWN STEP	2026-09-29T17:26:26.9227506Z Hosted Compute Agent
palace	UNKNOWN STEP	2026-09-29T17:26:26.9228274Z Version: 20260828.587
palace	UNKNOWN STEP	2026-09-29T17:26:26.9228976Z Commit: abac92662cab4cc7352de4f9f9d2e2419aad9c29
palace	UNKNOWN STEP	2026-09-29T17:26:26.9229798Z Build Date: 2026-08-28T16:44:25Z
palace	UNKNOWN STEP	2026-09-29T17:26:26.9230581Z Worker ID: {a01e0e04-77dc-4c57-8550-b59c100b4121}
palace	UNKNOWN STEP	2026-09-29T17:26:26.9231656Z Azure Region: westus2
palace	UNKNOWN STEP	2026-09-29T17:26:26.9232409Z ##[endgroup]
palace	UNKNOWN STEP	2026-09-29T17:26:26.9234003Z ##[group]Operating System
palace	UNKNOWN STEP	2026-09-29T17:26:26.9234739Z Ubuntu
palace	UNKNOWN STEP	2026-09-29T17:26:26.9235413Z 24.04.5
palace	UNKNOWN STEP	2026-09-29T17:26:26.9235985Z LTS
palace	UNKNOWN STEP	2026-09-29T17:26:26.9236960Z ##[endgroup]
palace	UNKNOWN STEP	2026-09-29T17:26:26.9237581Z ##[group]Runner Image
palace	UNKNOWN STEP	2026-09-29T17:26:26.9238237Z Image: ubuntu-24.04
palace	UNKNOWN STEP	2026-09-29T17:26:26.9239029Z Version: 20260920.314.1
palace	UNKNOWN STEP	2026-09-29T17:26:26.9240370Z Included Software: https://github.com/actions/runner-images/blob/ubuntu24/20260920.314/images/ubuntu/Ubuntu2404-Readme.md
palace	UNKNOWN STEP	2026-09-29T17:26:26.9242186Z Image Release: https://github.com/actions/runner-images/releases/tag/ubuntu24%2F20260920.314
palace	UNKNOWN STEP	2026-09-29T17:26:26.9243192Z ##[endgroup]
palace	UNKNOWN STEP	2026-09-29T17:26:26.9244591Z ##[group]GITHUB_TOKEN Permissions
palace	UNKNOWN STEP	2026-09-29T17:26:26.9246859Z Contents: read
palace	UNKNOWN STEP	2026-09-29T17:26:26.9247680Z Metadata: read
palace	UNKNOWN STEP	2026-09-29T17:26:26.9248307Z Packages: read
palace	UNKNOWN STEP	2026-09-29T17:26:26.9249015Z ##[endgroup]
palace	UNKNOWN STEP	2026-09-29T17:26:26.9251163Z Secret source: Actions
palace	UNKNOWN STEP	2026-09-29T17:26:26.9252663Z Cache mode: write
palace	UNKNOWN STEP	2026-09-29T17:26:26.9253529Z Prepare workflow directory
palace	UNKNOWN STEP	2026-09-29T17:26:26.9588085Z Prepare all required actions
palace	UNKNOWN STEP	2026-09-29T17:26:26.9638263Z Getting action download info
palace	UNKNOWN STEP	2026-09-29T17:26:27.3534559Z Download action repository 'actions/checkout@v4' (SHA:11d5960a326750d5838078e36cf38b85af677262)
palace	UNKNOWN STEP	2026-09-29T17:26:27.4563243Z Download action repository 'astral-sh/setup-uv@v5' (SHA:d4b2f3b6ecc6e67c4457f6d3e41ec42d3d0fcb86)
palace	UNKNOWN STEP	2026-09-29T17:26:27.7952757Z Download action repository 'actions/cache@v4' (SHA:0057852bfaa89a56745cba8c7296529d2fc39830)
palace	UNKNOWN STEP	2026-09-29T17:26:27.8989120Z Download action repository 'actions/upload-artifact@v4' (SHA:ea165f8d65b6e75b540449e92b4886f43607fa02)
palace	UNKNOWN STEP	2026-09-29T17:26:28.1312770Z Complete job name: palace
palace	UNKNOWN STEP	2026-09-29T17:26:28.2149704Z ##[group]Run actions/checkout@v4
palace	UNKNOWN STEP	2026-09-29T17:26:28.2150584Z with:
palace	UNKNOWN STEP	2026-09-29T17:26:28.2151095Z   repository: JungluChen/Text-to-Layout
palace	UNKNOWN STEP	2026-09-29T17:26:28.2156057Z   token: ***
palace	UNKNOWN STEP	2026-09-29T17:26:28.2156570Z   ssh-strict: true
palace	UNKNOWN STEP	2026-09-29T17:26:28.2157070Z   ssh-user: git
palace	UNKNOWN STEP	2026-09-29T17:26:28.2157571Z   persist-credentials: true
palace	UNKNOWN STEP	2026-09-29T17:26:28.2158108Z   clean: true
palace	UNKNOWN STEP	2026-09-29T17:26:28.2158596Z   sparse-checkout-cone-mode: true
palace	UNKNOWN STEP	2026-09-29T17:26:28.2159164Z   fetch-depth: 1
palace	UNKNOWN STEP	2026-09-29T17:26:28.2159640Z   fetch-tags: false
palace	UNKNOWN STEP	2026-09-29T17:26:28.2160126Z   show-progress: true
palace	UNKNOWN STEP	2026-09-29T17:26:28.2160623Z   lfs: false
palace	UNKNOWN STEP	2026-09-29T17:26:28.2161089Z   submodules: false
palace	UNKNOWN STEP	2026-09-29T17:26:28.2161692Z   set-safe-directory: true
palace	UNKNOWN STEP	2026-09-29T17:26:28.2162250Z   allow-unsafe-pr-checkout: false
palace	UNKNOWN STEP	2026-09-29T17:26:28.2163073Z ##[endgroup]
palace	UNKNOWN STEP	2026-09-29T17:26:28.3237836Z Syncing repository: JungluChen/Text-to-Layout
palace	UNKNOWN STEP	2026-09-29T17:26:28.3240659Z ##[group]Getting Git version info
palace	UNKNOWN STEP	2026-09-29T17:26:28.3242345Z Working directory is '/home/runner/work/Text-to-Layout/Text-to-Layout'
palace	UNKNOWN STEP	2026-09-29T17:26:28.3244355Z [command]/usr/bin/git version
palace	UNKNOWN STEP	2026-09-29T17:26:28.3270365Z git version 2.55.0
palace	UNKNOWN STEP	2026-09-29T17:26:28.3290778Z ##[endgroup]
palace	UNKNOWN STEP	2026-09-29T17:26:28.3305687Z Temporarily overriding HOME='/home/runner/work/_temp/9abfbc30-3cda-43a9-b283-c5e4e068332b' before making global git config changes
palace	UNKNOWN STEP	2026-09-29T17:26:28.3308262Z Adding repository directory to the temporary git global config as a safe directory
palace	UNKNOWN STEP	2026-09-29T17:26:28.3310768Z [command]/usr/bin/git config --global --add safe.directory /home/runner/work/Text-to-Layout/Text-to-Layout
palace	UNKNOWN STEP	2026-09-29T17:26:28.3371563Z Deleting the contents of '/home/runner/work/Text-to-Layout/Text-to-Layout'
palace	UNKNOWN STEP	2026-09-29T17:26:28.3373989Z ##[group]Initializing the repository
palace	UNKNOWN STEP	2026-09-29T17:26:28.3376162Z [command]/usr/bin/git init /home/runner/work/Text-to-Layout/Text-to-Layout
palace	UNKNOWN STEP	2026-09-29T17:26:28.3467190Z hint: Using 'master' as the name for the initial branch. This default branch name
palace	UNKNOWN STEP	2026-09-29T17:26:28.3469266Z hint: will change to "main" in Git 3.0. To configure the initial branch name
palace	UNKNOWN STEP	2026-09-29T17:26:28.3471494Z hint: to use in all of your new repositories, which will suppress this warning,
palace	UNKNOWN STEP	2026-09-29T17:26:28.3473063Z hint: call:
palace	UNKNOWN STEP	2026-09-29T17:26:28.3474016Z hint:
palace	UNKNOWN STEP	2026-09-29T17:26:28.3475130Z hint: 	git config --global init.defaultBranch <name>
palace	UNKNOWN STEP	2026-09-29T17:26:28.3477304Z hint:
palace	UNKNOWN STEP	2026-09-29T17:26:28.3478625Z hint: Names commonly chosen instead of 'master' are 'main', 'trunk' and
palace	UNKNOWN STEP	2026-09-29T17:26:28.3480489Z hint: 'development'. The just-created branch can be renamed via this command:
palace	UNKNOWN STEP	2026-09-29T17:26:28.3482308Z hint:
palace	UNKNOWN STEP	2026-09-29T17:26:28.3483543Z hint: 	git branch -m <name>
palace	UNKNOWN STEP	2026-09-29T17:26:28.3484169Z hint:
palace	UNKNOWN STEP	2026-09-29T17:26:28.3484896Z hint: Disable this message with "git config set advice.defaultBranchName false"
palace	UNKNOWN STEP	2026-09-29T17:26:28.3486178Z Initialized empty Git repository in /home/runner/work/Text-to-Layout/Text-to-Layout/.git/
palace	UNKNOWN STEP	2026-09-29T17:26:28.3488180Z [command]/usr/bin/git remote add origin https://github.com/JungluChen/Text-to-Layout
palace	UNKNOWN STEP	2026-09-29T17:26:28.3537429Z ##[endgroup]
palace	UNKNOWN STEP	2026-09-29T17:26:28.3538851Z ##[group]Disabling automatic garbage collection
palace	UNKNOWN STEP	2026-09-29T17:26:28.3542716Z [command]/usr/bin/git config --local gc.auto 0
palace	UNKNOWN STEP	2026-09-29T17:26:28.3576481Z ##[endgroup]
palace	UNKNOWN STEP	2026-09-29T17:26:28.3577823Z ##[group]Setting up auth
palace	UNKNOWN STEP	2026-09-29T17:26:28.3610254Z [command]/usr/bin/git config --local --name-only --get-regexp core\.sshCommand
palace	UNKNOWN STEP	2026-09-29T17:26:28.3646225Z [command]/usr/bin/git submodule foreach --recursive sh -c "git config --local --name-only --get-regexp 'core\.sshCommand' && git config --local --unset-all 'core.sshCommand' || :"
palace	UNKNOWN STEP	2026-09-29T17:26:28.4023438Z [command]/usr/bin/git config --local --name-only --get-regexp http\.https\:\/\/github\.com\/\.extraheader
palace	UNKNOWN STEP	2026-09-29T17:26:28.4055690Z [command]/usr/bin/git submodule foreach --recursive sh -c "git config --local --name-only --get-regexp 'http\.https\:\/\/github\.com\/\.extraheader' && git config --local --unset-all 'http.https://github.com/.extraheader' || :"
palace	UNKNOWN STEP	2026-09-29T17:26:28.4309807Z [command]/usr/bin/git config --local --name-only --get-regexp ^includeIf\.gitdir:
palace	UNKNOWN STEP	2026-09-29T17:26:28.4350324Z [command]/usr/bin/git submodule foreach --recursive git config --local --show-origin --name-only --get-regexp remote.origin.url
palace	UNKNOWN STEP	2026-09-29T17:26:28.4598985Z [command]/usr/bin/git config --local http.https://github.com/.extraheader AUTHORIZATION: basic ***
palace	UNKNOWN STEP	2026-09-29T17:26:28.4645143Z ##[endgroup]
palace	UNKNOWN STEP	2026-09-29T17:26:28.4646044Z ##[group]Fetching the repository
palace	UNKNOWN STEP	2026-09-29T17:26:28.4654972Z [command]/usr/bin/git -c protocol.version=2 fetch --no-tags --prune --no-recurse-submodules --depth=1 origin +59e8c654c1cfcc84788b488daf0482682bcda2ba:refs/remotes/origin/main
palace	UNKNOWN STEP	2026-09-29T17:26:29.2985232Z From https://github.com/JungluChen/Text-to-Layout
palace	UNKNOWN STEP	2026-09-29T17:26:29.2988250Z  * [new ref]         59e8c654c1cfcc84788b488daf0482682bcda2ba -> origin/main
palace	UNKNOWN STEP	2026-09-29T17:26:29.2992389Z ##[endgroup]
palace	UNKNOWN STEP	2026-09-29T17:26:29.2993945Z ##[group]Determining the checkout info
palace	UNKNOWN STEP	2026-09-29T17:26:29.2995531Z ##[endgroup]
palace	UNKNOWN STEP	2026-09-29T17:26:29.2999597Z [command]/usr/bin/git sparse-checkout disable
palace	UNKNOWN STEP	2026-09-29T17:26:29.3056684Z [command]/usr/bin/git config --local --unset-all extensions.worktreeConfig
palace	UNKNOWN STEP	2026-09-29T17:26:29.3095982Z ##[group]Checking out the ref
palace	UNKNOWN STEP	2026-09-29T17:26:29.3097569Z [command]/usr/bin/git checkout --progress --force -B main refs/remotes/origin/main
palace	UNKNOWN STEP	2026-09-29T17:26:29.6231605Z Switched to a new branch 'main'
palace	UNKNOWN STEP	2026-09-29T17:26:29.6234010Z branch 'main' set up to track 'origin/main'.
palace	UNKNOWN STEP	2026-09-29T17:26:29.6251677Z ##[endgroup]
palace	UNKNOWN STEP	2026-09-29T17:26:29.6300148Z [command]/usr/bin/git log -1 --format=%H
palace	UNKNOWN STEP	2026-09-29T17:26:29.6329949Z 59e8c654c1cfcc84788b488daf0482682bcda2ba
palace	UNKNOWN STEP	2026-09-29T17:26:29.6709525Z ##[group]Run astral-sh/setup-uv@v5
palace	UNKNOWN STEP	2026-09-29T17:26:29.6710655Z with:
palace	UNKNOWN STEP	2026-09-29T17:26:29.6720633Z   github-token: ***
palace	UNKNOWN STEP	2026-09-29T17:26:29.6721793Z   enable-cache: auto
palace	UNKNOWN STEP	2026-09-29T17:26:29.6723007Z   cache-dependency-glob: **/uv.lock
palace	UNKNOWN STEP	**/requirements*.txt
palace	UNKNOWN STEP	
palace	UNKNOWN STEP	2026-09-29T17:26:29.6724414Z   prune-cache: true
palace	UNKNOWN STEP	2026-09-29T17:26:29.6725388Z   ignore-nothing-to-cache: false
palace	UNKNOWN STEP	2026-09-29T17:26:29.6726518Z   ignore-empty-workdir: false
palace	UNKNOWN STEP	2026-09-29T17:26:29.6727568Z ##[endgroup]
palace	UNKNOWN STEP	2026-09-29T17:26:29.8549796Z (node:2252) [DEP0040] DeprecationWarning: The `punycode` module is deprecated. Please use a userland alternative instead.
palace	UNKNOWN STEP	2026-09-29T17:26:29.8554026Z (Use `node --trace-deprecation ...` to show where the warning was created)
palace	UNKNOWN STEP	2026-09-29T17:26:30.1211508Z Downloading uv from "https://github.com/astral-sh/uv/releases/download/0.12.20/uv-x86_64-unknown-linux-gnu.tar.gz" ...
palace	UNKNOWN STEP	2026-09-29T17:26:30.4374713Z [command]/usr/bin/tar xz --warning=no-unknown-keyword --overwrite -C /home/runner/work/_temp/2b76c34f-ed36-461d-89e5-2053ee900167 -f /home/runner/work/_temp/34e888b4-0fdf-449a-892e-a7d7e2761700
palace	UNKNOWN STEP	2026-09-29T17:26:30.8526740Z Added /home/runner/.local/bin to the path
palace	UNKNOWN STEP	2026-09-29T17:26:30.8529539Z Added /opt/hostedtoolcache/uv/0.12.20/x86_64 to the path
palace	UNKNOWN STEP	2026-09-29T17:26:30.8556754Z Set UV_CACHE_DIR to /home/runner/work/_temp/setup-uv-cache
palace	UNKNOWN STEP	2026-09-29T17:26:30.8557408Z Successfully installed uv version 0.12.20
palace	UNKNOWN STEP	2026-09-29T17:26:30.8558189Z Searching files using cache dependency glob: **/uv.lock,**/requirements*.txt
palace	UNKNOWN STEP	2026-09-29T17:26:30.9179546Z /home/runner/work/Text-to-Layout/Text-to-Layout/docs/progress/evidence/2026-09-15-051619/commands/requirements-consistency-after-1.log.txt
palace	UNKNOWN STEP	2026-09-29T17:26:30.9195229Z /home/runner/work/Text-to-Layout/Text-to-Layout/docs/progress/evidence/2026-09-15-051619/commands/requirements-consistency-after-2.log.txt
palace	UNKNOWN STEP	2026-09-29T17:26:30.9203671Z /home/runner/work/Text-to-Layout/Text-to-Layout/docs/progress/evidence/2026-09-15-051619/commands/requirements-consistency-before-1.log.txt
palace	UNKNOWN STEP	2026-09-29T17:26:30.9210529Z /home/runner/work/Text-to-Layout/Text-to-Layout/docs/progress/evidence/2026-09-15-051619/commands/requirements-consistency-before-2.log.txt
palace	UNKNOWN STEP	2026-09-29T17:26:31.0451524Z /home/runner/work/Text-to-Layout/Text-to-Layout/requirements.txt
palace	UNKNOWN STEP	2026-09-29T17:26:31.1173144Z /home/runner/work/Text-to-Layout/Text-to-Layout/uv.lock
palace	UNKNOWN STEP	2026-09-29T17:26:31.1217086Z Found 6 files to hash.
palace	UNKNOWN STEP	2026-09-29T17:26:31.1916668Z Trying to restore uv cache from GitHub Actions cache with key: setup-uv-1-x86_64-unknown-linux-gnu-3.12.3-c4e8c473725bf452d7fc9a79e3b2611ae34e2f23d5c72e16a8b8b62da3ba314c
palace	UNKNOWN STEP	2026-09-29T17:26:31.4388654Z Cache hit for: setup-uv-1-x86_64-unknown-linux-gnu-3.12.3-c4e8c473725bf452d7fc9a79e3b2611ae34e2f23d5c72e16a8b8b62da3ba314c
palace	UNKNOWN STEP	2026-09-29T17:26:31.4494195Z (node:2252) [DEP0169] DeprecationWarning: `url.parse()` behavior is not standardized and prone to errors that have security implications. Use the WHATWG URL API instead. CVEs are not issued for `url.parse()` vulnerabilities.
palace	UNKNOWN STEP	2026-09-29T17:26:32.0903440Z Received 316493 of 316493 (100.0%), 0.9 MBs/sec
palace	UNKNOWN STEP	2026-09-29T17:26:32.0904065Z Cache Size: ~0 MB (316493 B)
palace	UNKNOWN STEP	2026-09-29T17:26:32.0929390Z [command]/usr/bin/tar -xf /home/runner/work/_temp/216d5f3c-de38-4bef-8007-134c1e3204b6/cache.tzst -P -C /home/runner/work/Text-to-Layout/Text-to-Layout --use-compress-program unzstd
palace	UNKNOWN STEP	2026-09-29T17:26:32.1032607Z Cache restored successfully
palace	UNKNOWN STEP	2026-09-29T17:26:32.1039704Z uv cache restored from GitHub Actions cache with key: setup-uv-1-x86_64-unknown-linux-gnu-3.12.3-c4e8c473725bf452d7fc9a79e3b2611ae34e2f23d5c72e16a8b8b62da3ba314c
palace	UNKNOWN STEP	2026-09-29T17:26:32.1207177Z ##[group]Run sudo apt-get update
palace	UNKNOWN STEP	2026-09-29T17:26:32.1207574Z ^[[36;1msudo apt-get update^[[0m
palace	UNKNOWN STEP	2026-09-29T17:26:32.1207943Z ^[[36;1msudo apt-get install -y --no-install-recommends \^[[0m
palace	UNKNOWN STEP	2026-09-29T17:26:32.1208416Z ^[[36;1m  build-essential gfortran git openmpi-bin libopenmpi-dev \^[[0m
palace	UNKNOWN STEP	2026-09-29T17:26:32.1208884Z ^[[36;1m  libglu1-mesa libxrender1 libxcursor1 libxft2 libxinerama1^[[0m
palace	UNKNOWN STEP	2026-09-29T17:26:32.1457143Z shell: /usr/bin/bash -e {0}
palace	UNKNOWN STEP	2026-09-29T17:26:32.1457450Z env:
palace	UNKNOWN STEP	2026-09-29T17:26:32.1457741Z   UV_CACHE_DIR: /home/runner/work/_temp/setup-uv-cache
palace	UNKNOWN STEP	2026-09-29T17:26:32.1458357Z ##[endgroup]
palace	UNKNOWN STEP	2026-09-29T17:26:32.2319723Z Get:1 file:/etc/apt/apt-mirrors.txt Mirrorlist [144 B]
palace	UNKNOWN STEP	2026-09-29T17:26:32.2649628Z Hit:2 http://azure.archive.ubuntu.com/ubuntu noble InRelease
palace	UNKNOWN STEP	2026-09-29T17:26:32.2660968Z Get:6 https://packages.microsoft.com/ubuntu/24.04/prod noble InRelease [3600 B]
palace	UNKNOWN STEP	2026-09-29T17:26:32.2662647Z Get:3 http://azure.archive.ubuntu.com/ubuntu noble-updates InRelease [126 kB]
palace	UNKNOWN STEP	2026-09-29T17:26:32.2712795Z Get:4 http://azure.archive.ubuntu.com/ubuntu noble-backports InRelease [126 kB]
palace	UNKNOWN STEP	2026-09-29T17:26:32.2734200Z Get:5 http://azure.archive.ubuntu.com/ubuntu noble-security InRelease [126 kB]
palace	UNKNOWN STEP	2026-09-29T17:26:32.4009460Z Get:7 https://packages.microsoft.com/ubuntu/24.04/prod noble/main arm64 Packages [452 kB]
palace	UNKNOWN STEP	2026-09-29T17:26:32.4152484Z Get:8 https://packages.microsoft.com/ubuntu/24.04/prod noble/main amd64 Packages [501 kB]
palace	UNKNOWN STEP	2026-09-29T17:26:32.4544584Z Get:9 http://azure.archive.ubuntu.com/ubuntu noble-updates/main amd64 Packages [1318 kB]
palace	UNKNOWN STEP	2026-09-29T17:26:32.4625406Z Get:10 http://azure.archive.ubuntu.com/ubuntu noble-updates/main Translation-en [299 kB]
palace	UNKNOWN STEP	2026-09-29T17:26:32.4692440Z Get:11 http://azure.archive.ubuntu.com/ubuntu noble-updates/main amd64 Components [181 kB]
palace	UNKNOWN STEP	2026-09-29T17:26:32.4788377Z Get:12 http://azure.archive.ubuntu.com/ubuntu noble-updates/universe amd64 Packages [1697 kB]
palace	UNKNOWN STEP	2026-09-29T17:26:32.4947668Z Get:13 http://azure.archive.ubuntu.com/ubuntu noble-updates/universe Translation-en [340 kB]
palace	UNKNOWN STEP	2026-09-29T17:26:32.4960629Z Get:14 http://azure.archive.ubuntu.com/ubuntu noble-updates/universe amd64 Components [388 kB]
palace	UNKNOWN STEP	2026-09-29T17:26:32.5012268Z Get:15 http://azure.archive.ubuntu.com/ubuntu noble-updates/restricted amd64 Packages [1654 kB]
palace	UNKNOWN STEP	2026-09-29T17:26:32.5132493Z Get:16 http://azure.archive.ubuntu.com/ubuntu noble-updates/restricted Translation-en [377 kB]
palace	UNKNOWN STEP	2026-09-29T17:26:32.5162389Z Get:17 http://azure.archive.ubuntu.com/ubuntu noble-updates/multiverse amd64 Components [940 B]
palace	UNKNOWN STEP	2026-09-29T17:26:32.5272827Z Get:18 http://azure.archive.ubuntu.com/ubuntu noble-backports/main amd64 Packages [40.6 kB]
palace	UNKNOWN STEP	2026-09-29T17:26:32.5745226Z Get:19 http://azure.archive.ubuntu.com/ubuntu noble-backports/main amd64 Components [5788 B]
palace	UNKNOWN STEP	2026-09-29T17:26:32.5775378Z Get:20 http://azure.archive.ubuntu.com/ubuntu noble-backports/universe amd64 Packages [31.0 kB]
palace	UNKNOWN STEP	2026-09-29T17:26:32.5790542Z Get:21 http://azure.archive.ubuntu.com/ubuntu noble-backports/universe Translation-en [18.6 kB]
palace	UNKNOWN STEP	2026-09-29T17:26:32.5805306Z Get:22 http://azure.archive.ubuntu.com/ubuntu noble-backports/universe amd64 Components [12.6 kB]
palace	UNKNOWN STEP	2026-09-29T17:26:32.5870814Z Get:23 http://azure.archive.ubuntu.com/ubuntu noble-security/main amd64 Packages [1063 kB]
palace	UNKNOWN STEP	2026-09-29T17:26:32.5935159Z Get:24 http://azure.archive.ubuntu.com/ubuntu noble-security/main Translation-en [220 kB]
palace	UNKNOWN STEP	2026-09-29T17:26:32.5957493Z Get:25 http://azure.archive.ubuntu.com/ubuntu noble-security/main amd64 Components [46.3 kB]
palace	UNKNOWN STEP	2026-09-29T17:26:32.5974111Z Get:26 http://azure.archive.ubuntu.com/ubuntu noble-security/universe amd64 Packages [1216 kB]
palace	UNKNOWN STEP	2026-09-29T17:26:32.6042784Z Get:27 http://azure.archive.ubuntu.com/ubuntu noble-security/universe Translation-en [244 kB]
palace	UNKNOWN STEP	2026-09-29T17:26:32.6066528Z Get:28 http://azure.archive.ubuntu.com/ubuntu noble-security/universe amd64 Components [76.3 kB]
palace	UNKNOWN STEP	2026-09-29T17:26:32.6082007Z Get:29 http://azure.archive.ubuntu.com/ubuntu noble-security/restricted amd64 Packages [1559 kB]
palace	UNKNOWN STEP	2026-09-29T17:26:32.6172686Z Get:30 http://azure.archive.ubuntu.com/ubuntu noble-security/restricted Translation-en [359 kB]
palace	UNKNOWN STEP	2026-09-29T17:26:37.1352394Z Fetched 12.5 MB in 1s (8680 kB/s)
palace	UNKNOWN STEP	2026-09-29T17:26:37.9827590Z Reading package lists...
palace	UNKNOWN STEP	2026-09-29T17:26:38.0164443Z Reading package lists...
palace	UNKNOWN STEP	2026-09-29T17:26:38.2347034Z Building dependency tree...
palace	UNKNOWN STEP	2026-09-29T17:26:38.2354738Z Reading state information...
palace	UNKNOWN STEP	2026-09-29T17:26:38.4055084Z gfortran is already the newest version (4:13.2.0-7ubuntu1).
palace	UNKNOWN STEP	2026-09-29T17:26:38.4055886Z git is already the newest version (1:2.55.0-0ppa1~ubuntu24.04.2).
palace	UNKNOWN STEP	2026-09-29T17:26:38.4057082Z git set to manually installed.
palace	UNKNOWN STEP	2026-09-29T17:26:38.4057628Z libxrender1 is already the newest version (1:0.9.10-1.1build1).
palace	UNKNOWN STEP	2026-09-29T17:26:38.4058300Z libxrender1 set to manually installed.
palace	UNKNOWN STEP	2026-09-29T17:26:38.4058853Z libxcursor1 is already the newest version (1:1.2.1-1build1).
palace	UNKNOWN STEP	2026-09-29T17:26:38.4059533Z libxcursor1 set to manually installed.
palace	UNKNOWN STEP	2026-09-29T17:26:38.4060012Z libxft2 is already the newest version (2.3.6-1build1).
palace	UNKNOWN STEP	2026-09-29T17:26:38.4060542Z libxft2 set to manually installed.
palace	UNKNOWN STEP	2026-09-29T17:26:38.4061039Z libxinerama1 is already the newest version (2:1.1.4-3build1).
palace	UNKNOWN STEP	2026-09-29T17:26:38.4061798Z libxinerama1 set to manually installed.
palace	UNKNOWN STEP	2026-09-29T17:26:38.4062290Z The following additional packages will be installed:
palace	UNKNOWN STEP	2026-09-29T17:26:38.4062934Z   libamd-comgr2 libamdhip64-5 libevent-2.1-7t64 libevent-core-2.1-7t64
palace	UNKNOWN STEP	2026-09-29T17:26:38.4063674Z   libevent-dev libevent-extra-2.1-7t64 libevent-openssl-2.1-7t64
palace	UNKNOWN STEP	2026-09-29T17:26:38.4064415Z   libevent-pthreads-2.1-7t64 libfabric1 libhsa-runtime64-1 libhsakmt1
palace	UNKNOWN STEP	2026-09-29T17:26:38.4065218Z   libhwloc-dev libhwloc-plugins libhwloc15 libibverbs-dev libjs-jquery-ui
palace	UNKNOWN STEP	2026-09-29T17:26:38.4066025Z   libltdl-dev libmunge2 libnl-3-dev libnl-route-3-dev libnuma-dev libopengl0
palace	UNKNOWN STEP	2026-09-29T17:26:38.4066891Z   libopenmpi3t64 libpmix-dev libpmix2t64 libpsm-infinipath1 libpsm2-2
palace	UNKNOWN STEP	2026-09-29T17:26:38.4067746Z   librdmacm1t64 libucx0 libxnvctrl0 ocl-icd-libopencl1 openmpi-common
palace	UNKNOWN STEP	2026-09-29T17:26:38.4071733Z Suggested packages:
palace	UNKNOWN STEP	2026-09-29T17:26:38.4072340Z   libhwloc-contrib-plugins libjs-jquery-ui-docs libtool-doc openmpi-doc
palace	UNKNOWN STEP	2026-09-29T17:26:38.4072983Z   opencl-icd
palace	UNKNOWN STEP	2026-09-29T17:26:38.4073293Z Recommended packages:
palace	UNKNOWN STEP	2026-09-29T17:26:38.4073644Z   libcoarrays-openmpi-dev
palace	UNKNOWN STEP	2026-09-29T17:26:38.4380565Z The following NEW packages will be installed:
palace	UNKNOWN STEP	2026-09-29T17:26:38.4382651Z   build-essential libamd-comgr2 libamdhip64-5 libevent-2.1-7t64 libevent-dev
palace	UNKNOWN STEP	2026-09-29T17:26:38.4383483Z   libevent-extra-2.1-7t64 libevent-openssl-2.1-7t64 libfabric1 libglu1-mesa
palace	UNKNOWN STEP	2026-09-29T17:26:38.4384327Z   libhsa-runtime64-1 libhsakmt1 libhwloc-dev libhwloc-plugins libhwloc15
palace	UNKNOWN STEP	2026-09-29T17:26:38.4385074Z   libibverbs-dev libjs-jquery-ui libltdl-dev libmunge2 libnl-3-dev
palace	UNKNOWN STEP	2026-09-29T17:26:38.4385646Z   libnl-route-3-dev libnuma-dev libopengl0 libopenmpi-dev libopenmpi3t64
palace	UNKNOWN STEP	2026-09-29T17:26:38.4387944Z   libpmix-dev libpmix2t64 libpsm-infinipath1 libpsm2-2 librdmacm1t64 libucx0
palace	UNKNOWN STEP	2026-09-29T17:26:38.4392722Z   libxnvctrl0 ocl-icd-libopencl1 openmpi-bin openmpi-common
palace	UNKNOWN STEP	2026-09-29T17:26:38.4398247Z The following packages will be upgraded:
palace	UNKNOWN STEP	2026-09-29T17:26:38.4404213Z   libevent-core-2.1-7t64 libevent-pthreads-2.1-7t64
palace	UNKNOWN STEP	2026-09-29T17:26:38.4601730Z 2 upgraded, 34 newly installed, 0 to remove and 35 not upgraded.
palace	UNKNOWN STEP	2026-09-29T17:26:38.4602372Z Need to get 38.0 MB of archives.
palace	UNKNOWN STEP	2026-09-29T17:26:38.4602947Z After this operation, 142 MB of additional disk space will be used.
palace	UNKNOWN STEP	2026-09-29T17:26:38.4603599Z Get:1 file:/etc/apt/apt-mirrors.txt Mirrorlist [144 B]
palace	UNKNOWN STEP	2026-09-29T17:26:38.6142643Z Get:2 http://azure.archive.ubuntu.com/ubuntu noble/main amd64 build-essential amd64 12.10ubuntu1 [4928 B]
palace	UNKNOWN STEP	2026-09-29T17:26:38.7504932Z Get:3 http://azure.archive.ubuntu.com/ubuntu noble/universe amd64 libamd-comgr2 amd64 6.0+git20231212.4510c28+dfsg-3build2 [14.4 MB]
palace	UNKNOWN STEP	2026-09-29T17:26:40.0151873Z Get:4 http://azure.archive.ubuntu.com/ubuntu noble/universe amd64 libhsakmt1 amd64 5.7.0-1build1 [62.9 kB]
palace	UNKNOWN STEP	2026-09-29T17:26:40.1510042Z Get:5 http://azure.archive.ubuntu.com/ubuntu noble/universe amd64 libhsa-runtime64-1 amd64 5.7.1-2build1 [491 kB]
palace	UNKNOWN STEP	2026-09-29T17:26:40.2909862Z Get:6 http://azure.archive.ubuntu.com/ubuntu noble/universe amd64 libamdhip64-5 amd64 5.7.1-3 [9621 kB]
palace	UNKNOWN STEP	2026-09-29T17:26:40.8291691Z Get:7 http://azure.archive.ubuntu.com/ubuntu noble-updates/main amd64 libevent-2.1-7t64 amd64 2.1.12-stable-9ubuntu2.2 [146 kB]
palace	UNKNOWN STEP	2026-09-29T17:26:40.9682744Z Get:8 http://azure.archive.ubuntu.com/ubuntu noble-updates/main amd64 libevent-pthreads-2.1-7t64 amd64 2.1.12-stable-9ubuntu2.2 [7988 B]
palace	UNKNOWN STEP	2026-09-29T17:26:41.1024280Z Get:9 http://azure.archive.ubuntu.com/ubuntu noble-updates/main amd64 libevent-core-2.1-7t64 amd64 2.1.12-stable-9ubuntu2.2 [91.9 kB]
palace	UNKNOWN STEP	2026-09-29T17:26:41.2398677Z Get:10 http://azure.archive.ubuntu.com/ubuntu noble-updates/main amd64 libevent-extra-2.1-7t64 amd64 2.1.12-stable-9ubuntu2.2 [64.6 kB]
palace	UNKNOWN STEP	2026-09-29T17:26:41.3748203Z Get:11 http://azure.archive.ubuntu.com/ubuntu noble-updates/main amd64 libevent-openssl-2.1-7t64 amd64 2.1.12-stable-9ubuntu2.2 [15.8 kB]
palace	UNKNOWN STEP	2026-09-29T17:26:41.5083692Z Get:12 http://azure.archive.ubuntu.com/ubuntu noble-updates/main amd64 libevent-dev amd64 2.1.12-stable-9ubuntu2.2 [274 kB]
palace	UNKNOWN STEP	2026-09-29T17:26:41.6446271Z Get:13 http://azure.archive.ubuntu.com/ubuntu noble/universe amd64 libpsm-infinipath1 amd64 3.3+20.604758e7-6.3build1 [178 kB]
palace	UNKNOWN STEP	2026-09-29T17:26:41.7797277Z Get:14 http://azure.archive.ubuntu.com/ubuntu noble/universe amd64 libpsm2-2 amd64 11.2.185-2build1 [194 kB]
palace	UNKNOWN STEP	2026-09-29T17:26:41.9147296Z Get:15 http://azure.archive.ubuntu.com/ubuntu noble-updates/main amd64 librdmacm1t64 amd64 50.0-2ubuntu0.2 [70.7 kB]
palace	UNKNOWN STEP	2026-09-29T17:26:42.0485343Z Get:16 http://azure.archive.ubuntu.com/ubuntu noble/universe amd64 libfabric1 amd64 1.17.0-3build2 [657 kB]
palace	UNKNOWN STEP	2026-09-29T17:26:42.1905882Z Get:17 http://azure.archive.ubuntu.com/ubuntu noble/universe amd64 libhwloc15 amd64 2.10.0-1build1 [172 kB]
palace	UNKNOWN STEP	2026-09-29T17:26:42.3254804Z Get:18 http://azure.archive.ubuntu.com/ubuntu noble/universe amd64 libjs-jquery-ui all 1.13.2+dfsg-1 [252 kB]
palace	UNKNOWN STEP	2026-09-29T17:26:42.4647257Z Get:19 http://azure.archive.ubuntu.com/ubuntu noble/main amd64 libltdl-dev amd64 2.4.7-7build1 [168 kB]
palace	UNKNOWN STEP	2026-09-29T17:26:42.5994409Z Get:20 http://azure.archive.ubuntu.com/ubuntu noble-updates/main amd64 libnl-3-dev amd64 3.7.0-0.3build1.1 [99.5 kB]
palace	UNKNOWN STEP	2026-09-29T17:26:42.7336365Z Get:21 http://azure.archive.ubuntu.com/ubuntu noble-updates/main amd64 libnl-route-3-dev amd64 3.7.0-0.3build1.1 [216 kB]
palace	UNKNOWN STEP	2026-09-29T17:26:42.8690351Z Get:22 http://azure.archive.ubuntu.com/ubuntu noble-updates/universe amd64 libmunge2 amd64 0.5.15-4ubuntu0.1 [14.8 kB]
palace	UNKNOWN STEP	2026-09-29T17:26:43.0028088Z Get:23 http://azure.archive.ubuntu.com/ubuntu noble-updates/main amd64 libxnvctrl0 amd64 510.47.03-0ubuntu4.24.04.1 [12.7 kB]
palace	UNKNOWN STEP	2026-09-29T17:26:43.1363336Z Get:24 http://azure.archive.ubuntu.com/ubuntu noble/universe amd64 ocl-icd-libopencl1 amd64 2.3.2-1build1 [38.5 kB]
palace	UNKNOWN STEP	2026-09-29T17:26:43.2699456Z Get:25 http://azure.archive.ubuntu.com/ubuntu noble/universe amd64 libhwloc-plugins amd64 2.10.0-1build1 [15.7 kB]
palace	UNKNOWN STEP	2026-09-29T17:26:43.4034155Z Get:26 http://azure.archive.ubuntu.com/ubuntu noble/universe amd64 libpmix2t64 amd64 5.0.1-4.1build1 [697 kB]
palace	UNKNOWN STEP	2026-09-29T17:26:43.5565116Z Get:27 http://azure.archive.ubuntu.com/ubuntu noble/universe amd64 libucx0 amd64 1.16.0+ds-5ubuntu1 [1140 kB]
palace	UNKNOWN STEP	2026-09-29T17:26:43.6969109Z Get:28 http://azure.archive.ubuntu.com/ubuntu noble/universe amd64 libopenmpi3t64 amd64 4.1.6-7ubuntu2 [2563 kB]
palace	UNKNOWN STEP	2026-09-29T17:26:43.8669877Z Get:29 http://azure.archive.ubuntu.com/ubuntu noble-updates/main amd64 libnuma-dev amd64 2.0.18-1ubuntu0.24.04.1 [37.0 kB]
palace	UNKNOWN STEP	2026-09-29T17:26:44.0007924Z Get:30 http://azure.archive.ubuntu.com/ubuntu noble/universe amd64 libhwloc-dev amd64 2.10.0-1build1 [268 kB]
palace	UNKNOWN STEP	2026-09-29T17:26:44.1370435Z Get:31 http://azure.archive.ubuntu.com/ubuntu noble/universe amd64 libpmix-dev amd64 5.0.1-4.1build1 [4018 kB]
palace	UNKNOWN STEP	2026-09-29T17:26:44.4151197Z Get:32 http://azure.archive.ubuntu.com/ubuntu noble/universe amd64 openmpi-common all 4.1.6-7ubuntu2 [170 kB]
palace	UNKNOWN STEP	2026-09-29T17:26:44.5498826Z Get:33 http://azure.archive.ubuntu.com/ubuntu noble/universe amd64 openmpi-bin amd64 4.1.6-7ubuntu2 [114 kB]
palace	UNKNOWN STEP	2026-09-29T17:26:44.6842200Z Get:34 http://azure.archive.ubuntu.com/ubuntu noble/main amd64 libopengl0 amd64 1.7.0-1build1 [32.8 kB]
palace	UNKNOWN STEP	2026-09-29T17:26:44.8177940Z Get:35 http://azure.archive.ubuntu.com/ubuntu noble/main amd64 libglu1-mesa amd64 9.0.2-1.1build1 [152 kB]
palace	UNKNOWN STEP	2026-09-29T17:26:44.9526796Z Get:36 http://azure.archive.ubuntu.com/ubuntu noble-updates/main amd64 libibverbs-dev amd64 50.0-2ubuntu0.2 [686 kB]
palace	UNKNOWN STEP	2026-09-29T17:26:45.0945571Z Get:37 http://azure.archive.ubuntu.com/ubuntu noble/universe amd64 libopenmpi-dev amd64 4.1.6-7ubuntu2 [864 kB]
palace	UNKNOWN STEP	2026-09-29T17:26:45.4042369Z Fetched 38.0 MB in 7s (5710 kB/s)
palace	UNKNOWN STEP	2026-09-29T17:26:45.4259535Z Selecting previously unselected package build-essential.
palace	UNKNOWN STEP	2026-09-29T17:26:45.4507153Z (Reading database ... 
palace	UNKNOWN STEP	2026-09-29T17:26:45.4507861Z (Reading database ... 5%
palace	UNKNOWN STEP	2026-09-29T17:26:45.4508591Z (Reading database ... 10%
palace	UNKNOWN STEP	2026-09-29T17:26:45.4508908Z (Reading database ... 15%
palace	UNKNOWN STEP	2026-09-29T17:26:45.4509211Z (Reading database ... 20%
palace	UNKNOWN STEP	2026-09-29T17:26:45.4509462Z (Reading database ... 25%
palace	UNKNOWN STEP	2026-09-29T17:26:45.4509687Z (Reading database ... 30%
palace	UNKNOWN STEP	2026-09-29T17:26:45.4509912Z (Reading database ... 35%
palace	UNKNOWN STEP	2026-09-29T17:26:45.4510140Z (Reading database ... 40%
palace	UNKNOWN STEP	2026-09-29T17:26:45.4510365Z (Reading database ... 45%
palace	UNKNOWN STEP	2026-09-29T17:26:45.4510598Z (Reading database ... 50%
palace	UNKNOWN STEP	2026-09-29T17:26:45.4554786Z (Reading database ... 55%
palace	UNKNOWN STEP	2026-09-29T17:26:45.5489505Z (Reading database ... 60%
palace	UNKNOWN STEP	2026-09-29T17:26:45.7378219Z (Reading database ... 65%
palace	UNKNOWN STEP	2026-09-29T17:26:45.9432647Z (Reading database ... 70%
palace	UNKNOWN STEP	2026-09-29T17:26:46.1090760Z (Reading database ... 75%
palace	UNKNOWN STEP	2026-09-29T17:26:46.2900814Z (Reading database ... 80%
palace	UNKNOWN STEP	2026-09-29T17:26:46.4519941Z (Reading database ... 85%
palace	UNKNOWN STEP	2026-09-29T17:26:46.5588559Z (Reading database ... 90%
palace	UNKNOWN STEP	2026-09-29T17:26:46.7137626Z (Reading database ... 95%
palace	UNKNOWN STEP	2026-09-29T17:26:46.7138106Z (Reading database ... 100%
palace	UNKNOWN STEP	2026-09-29T17:26:46.7138489Z (Reading database ... 202190 files and directories currently installed.)
palace	UNKNOWN STEP	2026-09-29T17:26:46.7187312Z Preparing to unpack .../00-build-essential_12.10ubuntu1_amd64.deb ...
palace	UNKNOWN STEP	2026-09-29T17:26:46.7215058Z Unpacking build-essential (12.10ubuntu1) ...
palace	UNKNOWN STEP	2026-09-29T17:26:46.7430119Z Selecting previously unselected package libamd-comgr2:amd64.
palace	UNKNOWN STEP	2026-09-29T17:26:46.7563987Z Preparing to unpack .../01-libamd-comgr2_6.0+git20231212.4510c28+dfsg-3build2_amd64.deb ...
palace	UNKNOWN STEP	2026-09-29T17:26:46.7578605Z Unpacking libamd-comgr2:amd64 (6.0+git20231212.4510c28+dfsg-3build2) ...
palace	UNKNOWN STEP	2026-09-29T17:26:46.9835367Z Selecting previously unselected package libhsakmt1:amd64.
palace	UNKNOWN STEP	2026-09-29T17:26:46.9970470Z Preparing to unpack .../02-libhsakmt1_5.7.0-1build1_amd64.deb ...
palace	UNKNOWN STEP	2026-09-29T17:26:46.9978663Z Unpacking libhsakmt1:amd64 (5.7.0-1build1) ...
palace	UNKNOWN STEP	2026-09-29T17:26:47.0186142Z Selecting previously unselected package libhsa-runtime64-1.
palace	UNKNOWN STEP	2026-09-29T17:26:47.0319567Z Preparing to unpack .../03-libhsa-runtime64-1_5.7.1-2build1_amd64.deb ...
palace	UNKNOWN STEP	2026-09-29T17:26:47.0328143Z Unpacking libhsa-runtime64-1 (5.7.1-2build1) ...
palace	UNKNOWN STEP	2026-09-29T17:26:47.0625657Z Selecting previously unselected package libamdhip64-5.
palace	UNKNOWN STEP	2026-09-29T17:26:47.0758877Z Preparing to unpack .../04-libamdhip64-5_5.7.1-3_amd64.deb ...
palace	UNKNOWN STEP	2026-09-29T17:26:47.0766685Z Unpacking libamdhip64-5 (5.7.1-3) ...
palace	UNKNOWN STEP	2026-09-29T17:26:47.1851981Z Selecting previously unselected package libevent-2.1-7t64:amd64.
palace	UNKNOWN STEP	2026-09-29T17:26:47.1987801Z Preparing to unpack .../05-libevent-2.1-7t64_2.1.12-stable-9ubuntu2.2_amd64.deb ...
palace	UNKNOWN STEP	2026-09-29T17:26:47.1997036Z Unpacking libevent-2.1-7t64:amd64 (2.1.12-stable-9ubuntu2.2) ...
palace	UNKNOWN STEP	2026-09-29T17:26:47.2358380Z Preparing to unpack .../06-libevent-pthreads-2.1-7t64_2.1.12-stable-9ubuntu2.2_amd64.deb ...
palace	UNKNOWN STEP	2026-09-29T17:26:47.2432162Z Unpacking libevent-pthreads-2.1-7t64:amd64 (2.1.12-stable-9ubuntu2.2) over (2.1.12-stable-9ubuntu2.1) ...
palace	UNKNOWN STEP	2026-09-29T17:26:47.2787639Z Preparing to unpack .../07-libevent-core-2.1-7t64_2.1.12-stable-9ubuntu2.2_amd64.deb ...
palace	UNKNOWN STEP	2026-09-29T17:26:47.2884959Z Unpacking libevent-core-2.1-7t64:amd64 (2.1.12-stable-9ubuntu2.2) over (2.1.12-stable-9ubuntu2.1) ...
palace	UNKNOWN STEP	2026-09-29T17:26:47.3110109Z Selecting previously unselected package libevent-extra-2.1-7t64:amd64.
palace	UNKNOWN STEP	2026-09-29T17:26:47.3241715Z Preparing to unpack .../08-libevent-extra-2.1-7t64_2.1.12-stable-9ubuntu2.2_amd64.deb ...
palace	UNKNOWN STEP	2026-09-29T17:26:47.3249896Z Unpacking libevent-extra-2.1-7t64:amd64 (2.1.12-stable-9ubuntu2.2) ...
palace	UNKNOWN STEP	2026-09-29T17:26:47.3466329Z Selecting previously unselected package libevent-openssl-2.1-7t64:amd64.
palace	UNKNOWN STEP	2026-09-29T17:26:47.3611527Z Preparing to unpack .../09-libevent-openssl-2.1-7t64_2.1.12-stable-9ubuntu2.2_amd64.deb ...
palace	UNKNOWN STEP	2026-09-29T17:26:47.3618646Z Unpacking libevent-openssl-2.1-7t64:amd64 (2.1.12-stable-9ubuntu2.2) ...
palace	UNKNOWN STEP	2026-09-29T17:26:47.3816460Z Selecting previously unselected package libevent-dev.
palace	UNKNOWN STEP	2026-09-29T17:26:47.3949715Z Preparing to unpack .../10-libevent-dev_2.1.12-stable-9ubuntu2.2_amd64.deb ...
palace	UNKNOWN STEP	2026-09-29T17:26:47.3956776Z Unpacking libevent-dev (2.1.12-stable-9ubuntu2.2) ...
palace	UNKNOWN STEP	2026-09-29T17:26:47.4323424Z Selecting previously unselected package libpsm-infinipath1.
palace	UNKNOWN STEP	2026-09-29T17:26:47.4461667Z Preparing to unpack .../11-libpsm-infinipath1_3.3+20.604758e7-6.3build1_amd64.deb ...
palace	UNKNOWN STEP	2026-09-29T17:26:47.4469424Z Unpacking libpsm-infinipath1 (3.3+20.604758e7-6.3build1) ...
palace	UNKNOWN STEP	2026-09-29T17:26:47.4705692Z Selecting previously unselected package libpsm2-2.
palace	UNKNOWN STEP	2026-09-29T17:26:47.4842318Z Preparing to unpack .../12-libpsm2-2_11.2.185-2build1_amd64.deb ...
palace	UNKNOWN STEP	2026-09-29T17:26:47.4850234Z Unpacking libpsm2-2 (11.2.185-2build1) ...
palace	UNKNOWN STEP	2026-09-29T17:26:47.5085977Z Selecting previously unselected package librdmacm1t64:amd64.
palace	UNKNOWN STEP	2026-09-29T17:26:47.5224069Z Preparing to unpack .../13-librdmacm1t64_50.0-2ubuntu0.2_amd64.deb ...
palace	UNKNOWN STEP	2026-09-29T17:26:47.5231060Z Unpacking librdmacm1t64:amd64 (50.0-2ubuntu0.2) ...
palace	UNKNOWN STEP	2026-09-29T17:26:47.5459278Z Selecting previously unselected package libfabric1:amd64.
palace	UNKNOWN STEP	2026-09-29T17:26:47.5597291Z Preparing to unpack .../14-libfabric1_1.17.0-3build2_amd64.deb ...
palace	UNKNOWN STEP	2026-09-29T17:26:47.5604830Z Unpacking libfabric1:amd64 (1.17.0-3build2) ...
palace	UNKNOWN STEP	2026-09-29T17:26:47.5888662Z Selecting previously unselected package libhwloc15:amd64.
palace	UNKNOWN STEP	2026-09-29T17:26:47.6027592Z Preparing to unpack .../15-libhwloc15_2.10.0-1build1_amd64.deb ...
palace	UNKNOWN STEP	2026-09-29T17:26:47.6036757Z Unpacking libhwloc15:amd64 (2.10.0-1build1) ...
palace	UNKNOWN STEP	2026-09-29T17:26:47.6270431Z Selecting previously unselected package libjs-jquery-ui.
palace	UNKNOWN STEP	2026-09-29T17:26:47.6408520Z Preparing to unpack .../16-libjs-jquery-ui_1.13.2+dfsg-1_all.deb ...
palace	UNKNOWN STEP	2026-09-29T17:26:47.6416988Z Unpacking libjs-jquery-ui (1.13.2+dfsg-1) ...
palace	UNKNOWN STEP	2026-09-29T17:26:47.7089113Z Selecting previously unselected package libltdl-dev:amd64.
palace	UNKNOWN STEP	2026-09-29T17:26:47.7228341Z Preparing to unpack .../17-libltdl-dev_2.4.7-7build1_amd64.deb ...
palace	UNKNOWN STEP	2026-09-29T17:26:47.7236800Z Unpacking libltdl-dev:amd64 (2.4.7-7build1) ...
palace	UNKNOWN STEP	2026-09-29T17:26:47.7596920Z Selecting previously unselected package libnl-3-dev:amd64.
palace	UNKNOWN STEP	2026-09-29T17:26:47.7737354Z Preparing to unpack .../18-libnl-3-dev_3.7.0-0.3build1.1_amd64.deb ...
palace	UNKNOWN STEP	2026-09-29T17:26:47.7746060Z Unpacking libnl-3-dev:amd64 (3.7.0-0.3build1.1) ...
palace	UNKNOWN STEP	2026-09-29T17:26:47.8144533Z Selecting previously unselected package libnl-route-3-dev:amd64.
palace	UNKNOWN STEP	2026-09-29T17:26:47.8285024Z Preparing to unpack .../19-libnl-route-3-dev_3.7.0-0.3build1.1_amd64.deb ...
palace	UNKNOWN STEP	2026-09-29T17:26:47.8293594Z Unpacking libnl-route-3-dev:amd64 (3.7.0-0.3build1.1) ...
palace	UNKNOWN STEP	2026-09-29T17:26:47.8562075Z Selecting previously unselected package libmunge2:amd64.
palace	UNKNOWN STEP	2026-09-29T17:26:47.8702158Z Preparing to unpack .../20-libmunge2_0.5.15-4ubuntu0.1_amd64.deb ...
palace	UNKNOWN STEP	2026-09-29T17:26:47.8711249Z Unpacking libmunge2:amd64 (0.5.15-4ubuntu0.1) ...
palace	UNKNOWN STEP	2026-09-29T17:26:47.8936843Z Selecting previously unselected package libxnvctrl0:amd64.
palace	UNKNOWN STEP	2026-09-29T17:26:47.9076280Z Preparing to unpack .../21-libxnvctrl0_510.47.03-0ubuntu4.24.04.1_amd64.deb ...
palace	UNKNOWN STEP	2026-09-29T17:26:47.9084809Z Unpacking libxnvctrl0:amd64 (510.47.03-0ubuntu4.24.04.1) ...
palace	UNKNOWN STEP	2026-09-29T17:26:47.9303876Z Selecting previously unselected package ocl-icd-libopencl1:amd64.
palace	UNKNOWN STEP	2026-09-29T17:26:47.9442708Z Preparing to unpack .../22-ocl-icd-libopencl1_2.3.2-1build1_amd64.deb ...
palace	UNKNOWN STEP	2026-09-29T17:26:47.9451101Z Unpacking ocl-icd-libopencl1:amd64 (2.3.2-1build1) ...
palace	UNKNOWN STEP	2026-09-29T17:26:47.9695193Z Selecting previously unselected package libhwloc-plugins:amd64.
palace	UNKNOWN STEP	2026-09-29T17:26:47.9833862Z Preparing to unpack .../23-libhwloc-plugins_2.10.0-1build1_amd64.deb ...
palace	UNKNOWN STEP	2026-09-29T17:26:47.9842708Z Unpacking libhwloc-plugins:amd64 (2.10.0-1build1) ...
palace	UNKNOWN STEP	2026-09-29T17:26:48.0056055Z Selecting previously unselected package libpmix2t64:amd64.
palace	UNKNOWN STEP	2026-09-29T17:26:48.0192952Z Preparing to unpack .../24-libpmix2t64_5.0.1-4.1build1_amd64.deb ...
palace	UNKNOWN STEP	2026-09-29T17:26:48.0201638Z Unpacking libpmix2t64:amd64 (5.0.1-4.1build1) ...
palace	UNKNOWN STEP	2026-09-29T17:26:48.0533250Z Selecting previously unselected package libucx0:amd64.
palace	UNKNOWN STEP	2026-09-29T17:26:48.0671065Z Preparing to unpack .../25-libucx0_1.16.0+ds-5ubuntu1_amd64.deb ...
palace	UNKNOWN STEP	2026-09-29T17:26:48.0679496Z Unpacking libucx0:amd64 (1.16.0+ds-5ubuntu1) ...
palace	UNKNOWN STEP	2026-09-29T17:26:48.1032755Z Selecting previously unselected package libopenmpi3t64:amd64.
palace	UNKNOWN STEP	2026-09-29T17:26:48.1171112Z Preparing to unpack .../26-libopenmpi3t64_4.1.6-7ubuntu2_amd64.deb ...
palace	UNKNOWN STEP	2026-09-29T17:26:48.1178130Z Unpacking libopenmpi3t64:amd64 (4.1.6-7ubuntu2) ...
palace	UNKNOWN STEP	2026-09-29T17:26:48.1927017Z Selecting previously unselected package libnuma-dev:amd64.
palace	UNKNOWN STEP	2026-09-29T17:26:48.2065972Z Preparing to unpack .../27-libnuma-dev_2.0.18-1ubuntu0.24.04.1_amd64.deb ...
palace	UNKNOWN STEP	2026-09-29T17:26:48.2072339Z Unpacking libnuma-dev:amd64 (2.0.18-1ubuntu0.24.04.1) ...
palace	UNKNOWN STEP	2026-09-29T17:26:48.2343747Z Selecting previously unselected package libhwloc-dev:amd64.
palace	UNKNOWN STEP	2026-09-29T17:26:48.2480935Z Preparing to unpack .../28-libhwloc-dev_2.10.0-1build1_amd64.deb ...
palace	UNKNOWN STEP	2026-09-29T17:26:48.2487308Z Unpacking libhwloc-dev:amd64 (2.10.0-1build1) ...
palace	UNKNOWN STEP	2026-09-29T17:26:48.2763433Z Selecting previously unselected package libpmix-dev:amd64.
palace	UNKNOWN STEP	2026-09-29T17:26:48.2899228Z Preparing to unpack .../29-libpmix-dev_5.0.1-4.1build1_amd64.deb ...
palace	UNKNOWN STEP	2026-09-29T17:26:48.2905892Z Unpacking libpmix-dev:amd64 (5.0.1-4.1build1) ...
palace	UNKNOWN STEP	2026-09-29T17:26:48.3917794Z Selecting previously unselected package openmpi-common.
palace	UNKNOWN STEP	2026-09-29T17:26:48.4056366Z Preparing to unpack .../30-openmpi-common_4.1.6-7ubuntu2_all.deb ...
palace	UNKNOWN STEP	2026-09-29T17:26:48.4063131Z Unpacking openmpi-common (4.1.6-7ubuntu2) ...
palace	UNKNOWN STEP	2026-09-29T17:26:48.4411030Z Selecting previously unselected package openmpi-bin.
palace	UNKNOWN STEP	2026-09-29T17:26:48.4549299Z Preparing to unpack .../31-openmpi-bin_4.1.6-7ubuntu2_amd64.deb ...
palace	UNKNOWN STEP	2026-09-29T17:26:48.4556918Z Unpacking openmpi-bin (4.1.6-7ubuntu2) ...
palace	UNKNOWN STEP	2026-09-29T17:26:48.4927649Z Selecting previously unselected package libopengl0:amd64.
palace	UNKNOWN STEP	2026-09-29T17:26:48.5065881Z Preparing to unpack .../32-libopengl0_1.7.0-1build1_amd64.deb ...
palace	UNKNOWN STEP	2026-09-29T17:26:48.5072667Z Unpacking libopengl0:amd64 (1.7.0-1build1) ...
palace	UNKNOWN STEP	2026-09-29T17:26:48.5286332Z Selecting previously unselected package libglu1-mesa:amd64.
palace	UNKNOWN STEP	2026-09-29T17:26:48.5424402Z Preparing to unpack .../33-libglu1-mesa_9.0.2-1.1build1_amd64.deb ...
palace	UNKNOWN STEP	2026-09-29T17:26:48.5430805Z Unpacking libglu1-mesa:amd64 (9.0.2-1.1build1) ...
palace	UNKNOWN STEP	2026-09-29T17:26:48.5644340Z Selecting previously unselected package libibverbs-dev:amd64.
palace	UNKNOWN STEP	2026-09-29T17:26:48.5778800Z Preparing to unpack .../34-libibverbs-dev_50.0-2ubuntu0.2_amd64.deb ...
palace	UNKNOWN STEP	2026-09-29T17:26:48.5786265Z Unpacking libibverbs-dev:amd64 (50.0-2ubuntu0.2) ...
palace	UNKNOWN STEP	2026-09-29T17:26:48.6440474Z Selecting previously unselected package libopenmpi-dev:amd64.
palace	UNKNOWN STEP	2026-09-29T17:26:48.6579051Z Preparing to unpack .../35-libopenmpi-dev_4.1.6-7ubuntu2_amd64.deb ...
palace	UNKNOWN STEP	2026-09-29T17:26:48.6806666Z Unpacking libopenmpi-dev:amd64 (4.1.6-7ubuntu2) ...
palace	UNKNOWN STEP	2026-09-29T17:26:48.9239932Z Setting up libevent-2.1-7t64:amd64 (2.1.12-stable-9ubuntu2.2) ...
palace	UNKNOWN STEP	2026-09-29T17:26:48.9257917Z Setting up libopengl0:amd64 (1.7.0-1build1) ...
palace	UNKNOWN STEP	2026-09-29T17:26:48.9272388Z Setting up libnuma-dev:amd64 (2.0.18-1ubuntu0.24.04.1) ...
palace	UNKNOWN STEP	2026-09-29T17:26:48.9286879Z Setting up libxnvctrl0:amd64 (510.47.03-0ubuntu4.24.04.1) ...
palace	UNKNOWN STEP	2026-09-29T17:26:48.9301019Z Setting up libltdl-dev:amd64 (2.4.7-7build1) ...
palace	UNKNOWN STEP	2026-09-29T17:26:48.9315603Z Setting up libjs-jquery-ui (1.13.2+dfsg-1) ...
palace	UNKNOWN STEP	2026-09-29T17:26:48.9330253Z Setting up libmunge2:amd64 (0.5.15-4ubuntu0.1) ...
palace	UNKNOWN STEP	2026-09-29T17:26:48.9344259Z Setting up libhwloc15:amd64 (2.10.0-1build1) ...
palace	UNKNOWN STEP	2026-09-29T17:26:48.9359148Z Setting up libnl-3-dev:amd64 (3.7.0-0.3build1.1) ...
palace	UNKNOWN STEP	2026-09-29T17:26:48.9373914Z Setting up ocl-icd-libopencl1:amd64 (2.3.2-1build1) ...
palace	UNKNOWN STEP	2026-09-29T17:26:48.9388159Z Setting up libpsm2-2 (11.2.185-2build1) ...
palace	UNKNOWN STEP	2026-09-29T17:26:48.9402215Z Setting up openmpi-common (4.1.6-7ubuntu2) ...
palace	UNKNOWN STEP	2026-09-29T17:26:48.9416546Z Setting up build-essential (12.10ubuntu1) ...
palace	UNKNOWN STEP	2026-09-29T17:26:48.9430725Z Setting up librdmacm1t64:amd64 (50.0-2ubuntu0.2) ...
palace	UNKNOWN STEP	2026-09-29T17:26:48.9445385Z Setting up libhwloc-dev:amd64 (2.10.0-1build1) ...
palace	UNKNOWN STEP	2026-09-29T17:26:48.9459110Z Setting up libevent-core-2.1-7t64:amd64 (2.1.12-stable-9ubuntu2.2) ...
palace	UNKNOWN STEP	2026-09-29T17:26:48.9473015Z Setting up libglu1-mesa:amd64 (9.0.2-1.1build1) ...
palace	UNKNOWN STEP	2026-09-29T17:26:48.9486998Z Setting up libamd-comgr2:amd64 (6.0+git20231212.4510c28+dfsg-3build2) ...
palace	UNKNOWN STEP	2026-09-29T17:26:48.9505569Z Setting up libpsm-infinipath1 (3.3+20.604758e7-6.3build1) ...
palace	UNKNOWN STEP	2026-09-29T17:26:48.9569306Z update-alternatives: using /usr/lib/libpsm1/libpsm_infinipath.so.1.16 to provide /usr/lib/x86_64-linux-gnu/libpsm_infinipath.so.1 (libpsm_infinipath.so.1) in auto mode
palace	UNKNOWN STEP	2026-09-29T17:26:48.9582319Z Setting up libhsakmt1:amd64 (5.7.0-1build1) ...
palace	UNKNOWN STEP	2026-09-29T17:26:48.9596958Z Setting up libfabric1:amd64 (1.17.0-3build2) ...
palace	UNKNOWN STEP	2026-09-29T17:26:48.9611021Z Setting up libevent-pthreads-2.1-7t64:amd64 (2.1.12-stable-9ubuntu2.2) ...
palace	UNKNOWN STEP	2026-09-29T17:26:48.9625273Z Setting up libevent-openssl-2.1-7t64:amd64 (2.1.12-stable-9ubuntu2.2) ...
palace	UNKNOWN STEP	2026-09-29T17:26:48.9651012Z Setting up libhwloc-plugins:amd64 (2.10.0-1build1) ...
palace	UNKNOWN STEP	2026-09-29T17:26:48.9665607Z Setting up libnl-route-3-dev:amd64 (3.7.0-0.3build1.1) ...
palace	UNKNOWN STEP	2026-09-29T17:26:48.9679681Z Setting up libpmix2t64:amd64 (5.0.1-4.1build1) ...
palace	UNKNOWN STEP	2026-09-29T17:26:48.9694657Z Setting up libevent-extra-2.1-7t64:amd64 (2.1.12-stable-9ubuntu2.2) ...
palace	UNKNOWN STEP	2026-09-29T17:26:48.9709265Z Setting up libhsa-runtime64-1 (5.7.1-2build1) ...
palace	UNKNOWN STEP	2026-09-29T17:26:48.9724167Z Setting up libibverbs-dev:amd64 (50.0-2ubuntu0.2) ...
palace	UNKNOWN STEP	2026-09-29T17:26:48.9738037Z Setting up libamdhip64-5 (5.7.1-3) ...
palace	UNKNOWN STEP	2026-09-29T17:26:48.9753370Z Setting up libevent-dev (2.1.12-stable-9ubuntu2.2) ...
palace	UNKNOWN STEP	2026-09-29T17:26:48.9767961Z Setting up libpmix-dev:amd64 (5.0.1-4.1build1) ...
palace	UNKNOWN STEP	2026-09-29T17:26:48.9781721Z Setting up libucx0:amd64 (1.16.0+ds-5ubuntu1) ...
palace	UNKNOWN STEP	2026-09-29T17:26:48.9797014Z Setting up libopenmpi3t64:amd64 (4.1.6-7ubuntu2) ...
palace	UNKNOWN STEP	2026-09-29T17:26:48.9812185Z Setting up openmpi-bin (4.1.6-7ubuntu2) ...
palace	UNKNOWN STEP	2026-09-29T17:26:48.9889439Z update-alternatives: using /usr/bin/mpirun.openmpi to provide /usr/bin/mpirun (mpirun) in auto mode
palace	UNKNOWN STEP	2026-09-29T17:26:48.9944457Z update-alternatives: using /usr/bin/mpicc.openmpi to provide /usr/bin/mpicc (mpi) in auto mode
palace	UNKNOWN STEP	2026-09-29T17:26:48.9979046Z Setting up libopenmpi-dev:amd64 (4.1.6-7ubuntu2) ...
palace	UNKNOWN STEP	2026-09-29T17:26:49.0040039Z update-alternatives: using /usr/lib/x86_64-linux-gnu/openmpi/include to provide /usr/include/x86_64-linux-gnu/mpi (mpi-x86_64-linux-gnu) in auto mode
palace	UNKNOWN STEP	2026-09-29T17:26:49.0068687Z Processing triggers for man-db (2.12.0-4build2) ...
palace	UNKNOWN STEP	2026-09-29T17:26:49.0087695Z Not building database; man-db/auto-update is not 'true'.
palace	UNKNOWN STEP	2026-09-29T17:26:49.0099253Z Processing triggers for libc-bin (2.39-0ubuntu8.9) ...
palace	UNKNOWN STEP	2026-09-29T17:26:49.6605448Z 
palace	UNKNOWN STEP	2026-09-29T17:26:49.6606023Z Running kernel seems to be up-to-date.
palace	UNKNOWN STEP	2026-09-29T17:26:49.6606367Z 
palace	UNKNOWN STEP	2026-09-29T17:26:49.6606516Z No services need to be restarted.
palace	UNKNOWN STEP	2026-09-29T17:26:49.6606782Z 
palace	UNKNOWN STEP	2026-09-29T17:26:49.6627388Z No containers need to be restarted.
palace	UNKNOWN STEP	2026-09-29T17:26:49.6627758Z 
palace	UNKNOWN STEP	2026-09-29T17:26:49.6627931Z No user sessions are running outdated binaries.
palace	UNKNOWN STEP	2026-09-29T17:26:49.6628166Z 
palace	UNKNOWN STEP	2026-09-29T17:26:49.6628394Z No VM guests are running outdated hypervisor (qemu) binaries on this host.
palace	UNKNOWN STEP	2026-09-29T17:26:50.7482277Z ##[group]Run uv sync --all-extras
palace	UNKNOWN STEP	2026-09-29T17:26:50.7482658Z ^[[36;1muv sync --all-extras^[[0m
palace	UNKNOWN STEP	2026-09-29T17:26:50.7555912Z shell: /usr/bin/bash -e {0}
palace	UNKNOWN STEP	2026-09-29T17:26:50.7556187Z env:
palace	UNKNOWN STEP	2026-09-29T17:26:50.7556458Z   UV_CACHE_DIR: /home/runner/work/_temp/setup-uv-cache
palace	UNKNOWN STEP	2026-09-29T17:26:50.7556801Z ##[endgroup]
palace	UNKNOWN STEP	2026-09-29T17:26:50.7736120Z Using CPython 3.12.3 interpreter at: /usr/bin/python3
palace	UNKNOWN STEP	2026-09-29T17:26:50.7736699Z Creating virtual environment at: .venv
palace	UNKNOWN STEP	2026-09-29T17:26:50.7812899Z Resolved 230 packages in 1ms
palace	UNKNOWN STEP	2026-09-29T17:26:50.8149265Z    Building text-to-gds @ file:///home/runner/work/Text-to-Layout/Text-to-Layout
palace	UNKNOWN STEP	2026-09-29T17:26:50.8868085Z Downloading pydantic-core (2.0MiB)
palace	UNKNOWN STEP	2026-09-29T17:26:50.8870595Z Downloading widgetsnbextension (2.1MiB)
palace	UNKNOWN STEP	2026-09-29T17:26:50.8872077Z Downloading networkx (2.0MiB)
palace	UNKNOWN STEP	2026-09-29T17:26:50.8873498Z Downloading ast-serialize (1.2MiB)
palace	UNKNOWN STEP	2026-09-29T17:26:50.9014679Z Downloading babel (9.7MiB)
palace	UNKNOWN STEP	2026-09-29T17:26:50.9015599Z Downloading sympy (6.0MiB)
palace	UNKNOWN STEP	2026-09-29T17:26:50.9016711Z Downloading shapely (3.0MiB)
palace	UNKNOWN STEP	2026-09-29T17:26:50.9017902Z Downloading fonttools (4.8MiB)
palace	UNKNOWN STEP	2026-09-29T17:26:50.9018996Z Downloading cryptography (4.5MiB)
palace	UNKNOWN STEP	2026-09-29T17:26:50.9020115Z Downloading h5py (5.2MiB)
palace	UNKNOWN STEP	2026-09-29T17:26:50.9021497Z Downloading jedi (4.7MiB)
palace	UNKNOWN STEP	2026-09-29T17:26:50.9022739Z Downloading pygments (1.2MiB)
palace	UNKNOWN STEP	2026-09-29T17:26:50.9024147Z Downloading mkdocs (3.7MiB)
palace	UNKNOWN STEP	2026-09-29T17:26:50.9025294Z Downloading mypy (14.4MiB)
palace	UNKNOWN STEP	2026-09-29T17:26:50.9026620Z Downloading scikit-image (12.9MiB)
palace	UNKNOWN STEP	2026-09-29T17:26:50.9027885Z Downloading rapidfuzz (3.0MiB)
palace	UNKNOWN STEP	2026-09-29T17:26:50.9029321Z Downloading sqlalchemy (3.2MiB)
palace	UNKNOWN STEP	2026-09-29T17:26:50.9030570Z Downloading kiwisolver (1.4MiB)
palace	UNKNOWN STEP	2026-09-29T17:26:50.9032401Z Downloading pillow (6.8MiB)
palace	UNKNOWN STEP	2026-09-29T17:26:50.9033612Z Downloading matplotlib (8.4MiB)
palace	UNKNOWN STEP	2026-09-29T17:26:50.9035359Z Downloading scipy (33.6MiB)
palace	UNKNOWN STEP	2026-09-29T17:26:50.9036297Z Downloading debugpy (3.8MiB)
palace	UNKNOWN STEP	2026-09-29T17:26:50.9037728Z Downloading pyarrow (46.6MiB)
palace	UNKNOWN STEP	2026-09-29T17:26:50.9040190Z Downloading pandas (10.4MiB)
palace	UNKNOWN STEP	2026-09-29T17:26:50.9041647Z Downloading ruff (10.9MiB)
palace	UNKNOWN STEP	2026-09-29T17:26:50.9043032Z Downloading pyproj (9.1MiB)
palace	UNKNOWN STEP	2026-09-29T17:26:50.9044467Z Downloading numpy (17.1MiB)
palace	UNKNOWN STEP	2026-09-29T17:26:50.9047973Z Downloading zstandard (5.3MiB)
palace	UNKNOWN STEP	2026-09-29T17:26:50.9050482Z Downloading mkdocs-material (8.9MiB)
palace	UNKNOWN STEP	2026-09-29T17:26:50.9053145Z Downloading qutip (27.2MiB)
palace	UNKNOWN STEP	2026-09-29T17:26:50.9054641Z Downloading pyogrio (31.0MiB)
palace	UNKNOWN STEP	2026-09-29T17:26:50.9061828Z Downloading scqubits (6.2MiB)
palace	UNKNOWN STEP	2026-09-29T17:26:50.9123751Z Downloading dask (1.4MiB)
palace	UNKNOWN STEP	2026-09-29T17:26:50.9125006Z Downloading gmsh (38.2MiB)
palace	UNKNOWN STEP	2026-09-29T17:26:50.9127056Z Downloading pygit2 (5.5MiB)
palace	UNKNOWN STEP	2026-09-29T17:26:50.9128542Z Downloading klayout (26.0MiB)
palace	UNKNOWN STEP	2026-09-29T17:26:50.9131248Z Downloading pyside2 (156.7MiB)
palace	UNKNOWN STEP	2026-09-29T17:26:50.9133864Z Downloading ipytree (1.2MiB)
palace	UNKNOWN STEP	2026-09-29T17:26:50.9137879Z Downloading xarray (1.3MiB)
palace	UNKNOWN STEP	2026-09-29T17:26:50.9762795Z Downloading qiskit-metal (2.4MiB)
palace	UNKNOWN STEP	2026-09-29T17:26:51.4201613Z  Downloaded pygments
palace	UNKNOWN STEP	2026-09-29T17:26:51.4503802Z  Downloaded ast-serialize
palace	UNKNOWN STEP	2026-09-29T17:26:51.4748210Z  Downloaded ipytree
palace	UNKNOWN STEP	2026-09-29T17:26:51.4988553Z  Downloaded kiwisolver
palace	UNKNOWN STEP	2026-09-29T17:26:51.5003598Z  Downloaded xarray
palace	UNKNOWN STEP	2026-09-29T17:26:51.5212889Z  Downloaded dask
palace	UNKNOWN STEP	2026-09-29T17:26:51.6646900Z  Downloaded pydantic-core
palace	UNKNOWN STEP	2026-09-29T17:26:51.6985348Z  Downloaded networkx
palace	UNKNOWN STEP	2026-09-29T17:26:51.7102368Z  Downloaded widgetsnbextension
palace	UNKNOWN STEP	2026-09-29T17:26:51.8234446Z  Downloaded qiskit-metal
palace	UNKNOWN STEP	2026-09-29T17:26:51.9225002Z  Downloaded shapely
palace	UNKNOWN STEP	2026-09-29T17:26:51.9579459Z  Downloaded rapidfuzz
palace	UNKNOWN STEP	2026-09-29T17:26:51.9580030Z  Downloaded sqlalchemy
palace	UNKNOWN STEP	2026-09-29T17:26:52.1368236Z    Building gdspy==1.6.13
palace	UNKNOWN STEP	2026-09-29T17:26:52.1986222Z  Downloaded mkdocs
palace	UNKNOWN STEP	2026-09-29T17:26:52.2020900Z  Downloaded debugpy
palace	UNKNOWN STEP	2026-09-29T17:26:52.3431068Z  Downloaded cryptography
palace	UNKNOWN STEP	2026-09-29T17:26:52.3679233Z  Downloaded jedi
palace	UNKNOWN STEP	2026-09-29T17:26:52.3822876Z  Downloaded fonttools
palace	UNKNOWN STEP	2026-09-29T17:26:52.4179681Z  Downloaded h5py
palace	UNKNOWN STEP	2026-09-29T17:26:52.4480514Z  Downloaded pygit2
palace	UNKNOWN STEP	2026-09-29T17:26:52.4615089Z  Downloaded zstandard
palace	UNKNOWN STEP	2026-09-29T17:26:52.5222053Z  Downloaded sympy
palace	UNKNOWN STEP	2026-09-29T17:26:52.5638058Z  Downloaded scqubits
palace	UNKNOWN STEP	2026-09-29T17:26:52.5963498Z  Downloaded pillow
palace	UNKNOWN STEP	2026-09-29T17:26:52.7755598Z  Downloaded matplotlib
palace	UNKNOWN STEP	2026-09-29T17:26:52.7774875Z  Downloaded pyproj
palace	UNKNOWN STEP	2026-09-29T17:26:52.8288033Z  Downloaded babel
palace	UNKNOWN STEP	2026-09-29T17:26:52.8932492Z  Downloaded ruff
palace	UNKNOWN STEP	2026-09-29T17:26:52.8933545Z  Downloaded pandas
palace	UNKNOWN STEP	2026-09-29T17:26:53.0220201Z  Downloaded scikit-image
palace	UNKNOWN STEP	2026-09-29T17:26:53.0692636Z  Downloaded mkdocs-material
palace	UNKNOWN STEP	2026-09-29T17:26:53.2012809Z  Downloaded mypy
palace	UNKNOWN STEP	2026-09-29T17:26:53.2431506Z  Downloaded numpy
palace	UNKNOWN STEP	2026-09-29T17:26:53.4199766Z       Built text-to-gds @ file:///home/runner/work/Text-to-Layout/Text-to-Layout
palace	UNKNOWN STEP	2026-09-29T17:26:53.6338419Z  Downloaded qutip
palace	UNKNOWN STEP	2026-09-29T17:26:53.6375147Z  Downloaded klayout
palace	UNKNOWN STEP	2026-09-29T17:26:53.7452613Z  Downloaded scipy
palace	UNKNOWN STEP	2026-09-29T17:26:53.7652501Z  Downloaded pyogrio
palace	UNKNOWN STEP	2026-09-29T17:26:53.8611885Z  Downloaded gmsh
palace	UNKNOWN STEP	2026-09-29T17:26:53.9744391Z  Downloaded pyarrow
palace	UNKNOWN STEP	2026-09-29T17:26:54.8279761Z  Downloaded pyside2
palace	UNKNOWN STEP	2026-09-29T17:27:01.1355247Z       Built gdspy==1.6.13
palace	UNKNOWN STEP	2026-09-29T17:27:01.1978573Z Prepared 218 packages in 10.41s
palace	UNKNOWN STEP	2026-09-29T17:27:02.2479129Z Installed 218 packages in 1.04s
palace	UNKNOWN STEP	2026-09-29T17:27:02.2480281Z  + addict==2.4.0
palace	UNKNOWN STEP	2026-09-29T17:27:02.2482361Z  + aenum==3.1.17
palace	UNKNOWN STEP	2026-09-29T17:27:02.2482686Z  + alembic==1.18.4
palace	UNKNOWN STEP	2026-09-29T17:27:02.2482971Z  + annotated-doc==0.0.4
palace	UNKNOWN STEP	2026-09-29T17:27:02.2483347Z  + annotated-types==0.7.0
palace	UNKNOWN STEP	2026-09-29T17:27:02.2483592Z  + anyio==4.13.0
palace	UNKNOWN STEP	2026-09-29T17:27:02.2483831Z  + ast-serialize==0.5.0
palace	UNKNOWN STEP	2026-09-29T17:27:02.2484207Z  + asttokens==3.0.1
palace	UNKNOWN STEP	2026-09-29T17:27:02.2484604Z  + attrs==26.1.0
palace	UNKNOWN STEP	2026-09-29T17:27:02.2484961Z  + babel==2.18.0
palace	UNKNOWN STEP	2026-09-29T17:27:02.2485329Z  + backrefs==7.0
palace	UNKNOWN STEP	2026-09-29T17:27:02.2485760Z  + broadbean==0.15.0
palace	UNKNOWN STEP	2026-09-29T17:27:02.2486166Z  + build==1.5.1
palace	UNKNOWN STEP	2026-09-29T17:27:02.2486536Z  + cachetools==7.1.4
palace	UNKNOWN STEP	2026-09-29T17:27:02.2486953Z  + certifi==2026.5.20
palace	UNKNOWN STEP	2026-09-29T17:27:02.2487363Z  + cf-xarray==0.11.3
palace	UNKNOWN STEP	2026-09-29T17:27:02.2487774Z  + cffi==2.0.0
palace	UNKNOWN STEP	2026-09-29T17:27:02.2488178Z  + charset-normalizer==3.4.7
palace	UNKNOWN STEP	2026-09-29T17:27:02.2488623Z  + click==8.4.1
palace	UNKNOWN STEP	2026-09-29T17:27:02.2488998Z  + cloudpickle==3.1.2
palace	UNKNOWN STEP	2026-09-29T17:27:02.2489402Z  + colorama==0.4.6
palace	UNKNOWN STEP	2026-09-29T17:27:02.2489758Z  + colorlog==6.10.1
palace	UNKNOWN STEP	2026-09-29T17:27:02.2490149Z  + comm==0.2.3
palace	UNKNOWN STEP	2026-09-29T17:27:02.2490503Z  + contourpy==1.3.3
palace	UNKNOWN STEP	2026-09-29T17:27:02.2490868Z  + coverage==7.14.3
palace	UNKNOWN STEP	2026-09-29T17:27:02.2491234Z  + cryptography==48.0.0
palace	UNKNOWN STEP	2026-09-29T17:27:02.2491787Z  + cycler==0.12.1
palace	UNKNOWN STEP	2026-09-29T17:27:02.2492150Z  + dask==2026.6.0
palace	UNKNOWN STEP	2026-09-29T17:27:02.2492526Z  + debugpy==1.8.21
palace	UNKNOWN STEP	2026-09-29T17:27:02.2492844Z  + decorator==5.3.1
palace	UNKNOWN STEP	2026-09-29T17:27:02.2493263Z  + descartes==1.1.0
palace	UNKNOWN STEP	2026-09-29T17:27:02.2493602Z  + dill==0.4.1
palace	UNKNOWN STEP	2026-09-29T17:27:02.2493953Z  + distro==1.9.0
palace	UNKNOWN STEP	2026-09-29T17:27:02.2494285Z  + executing==2.2.1
palace	UNKNOWN STEP	2026-09-29T17:27:02.2494640Z  + fastapi==0.138.1
palace	UNKNOWN STEP	2026-09-29T17:27:02.2494996Z  + flexcache==0.3
palace	UNKNOWN STEP	2026-09-29T17:27:02.2495373Z  + flexparser==0.4
palace	UNKNOWN STEP	2026-09-29T17:27:02.2495747Z  + fonttools==4.63.0
palace	UNKNOWN STEP	2026-09-29T17:27:02.2496172Z  + freetype-py==2.5.1
palace	UNKNOWN STEP	2026-09-29T17:27:02.2496579Z  + fsspec==2026.6.0
palace	UNKNOWN STEP	2026-09-29T17:27:02.2496900Z  + gdsfactory==9.43.0
palace	UNKNOWN STEP	2026-09-29T17:27:02.2497304Z  + gdspy==1.6.13
palace	UNKNOWN STEP	2026-09-29T17:27:02.2497666Z  + geopandas==1.1.3
palace	UNKNOWN STEP	2026-09-29T17:27:02.2498057Z  + ghp-import==2.1.0
palace	UNKNOWN STEP	2026-09-29T17:27:02.2498477Z  + gmsh==4.15.2
palace	UNKNOWN STEP	2026-09-29T17:27:02.2498843Z  + graphviz==0.21
palace	UNKNOWN STEP	2026-09-29T17:27:02.2499197Z  + greenlet==3.5.2
palace	UNKNOWN STEP	2026-09-29T17:27:02.2499552Z  + h11==0.16.0
palace	UNKNOWN STEP	2026-09-29T17:27:02.2499857Z  + h5netcdf==1.8.1
palace	UNKNOWN STEP	2026-09-29T17:27:02.2500253Z  + h5py==3.16.0
palace	UNKNOWN STEP	2026-09-29T17:27:02.2500602Z  + hatchling==1.31.0
palace	UNKNOWN STEP	2026-09-29T17:27:02.2501013Z  + httpcore==1.0.9
palace	UNKNOWN STEP	2026-09-29T17:27:02.2501485Z  + httpx==0.28.1
palace	UNKNOWN STEP	2026-09-29T17:27:02.2501840Z  + httpx-sse==0.4.3
palace	UNKNOWN STEP	2026-09-29T17:27:02.2502200Z  + idna==3.18
palace	UNKNOWN STEP	2026-09-29T17:27:02.2502526Z  + imageio==2.37.3
palace	UNKNOWN STEP	2026-09-29T17:27:02.2502931Z  + iniconfig==2.3.0
palace	UNKNOWN STEP	2026-09-29T17:27:02.2503223Z  + ipyevents==2.0.4
palace	UNKNOWN STEP	2026-09-29T17:27:02.2504111Z  + ipykernel==7.2.0
palace	UNKNOWN STEP	2026-09-29T17:27:02.2504467Z  + ipython==9.14.0
palace	UNKNOWN STEP	2026-09-29T17:27:02.2504836Z  + ipython-pygments-lexers==1.1.1
palace	UNKNOWN STEP	2026-09-29T17:27:02.2505269Z  + ipytree==0.2.2
palace	UNKNOWN STEP	2026-09-29T17:27:02.2505581Z  + ipywidgets==8.1.8
palace	UNKNOWN STEP	2026-09-29T17:27:02.2505896Z  + jedi==0.20.0
palace	UNKNOWN STEP	2026-09-29T17:27:02.2506425Z  + jinja2==3.1.6
palace	UNKNOWN STEP	2026-09-29T17:27:02.2506800Z  + jsonpatch==1.33
palace	UNKNOWN STEP	2026-09-29T17:27:02.2507140Z  + jsonpointer==3.1.1
palace	UNKNOWN STEP	2026-09-29T17:27:02.2507485Z  + jsonschema==4.26.0
palace	UNKNOWN STEP	2026-09-29T17:27:02.2507864Z  + jsonschema-specifications==2025.9.1
palace	UNKNOWN STEP	2026-09-29T17:27:02.2508318Z  + jupyter-client==8.8.0
palace	UNKNOWN STEP	2026-09-29T17:27:02.2508683Z  + jupyter-core==5.9.1
palace	UNKNOWN STEP	2026-09-29T17:27:02.2509049Z  + jupyterlab-widgets==3.0.16
palace	UNKNOWN STEP	2026-09-29T17:27:02.2509435Z  + kfactory==2.5.3
palace	UNKNOWN STEP	2026-09-29T17:27:02.2509769Z  + kiwisolver==1.5.0
palace	UNKNOWN STEP	2026-09-29T17:27:02.2510348Z  + klayout==0.30.9
palace	UNKNOWN STEP	2026-09-29T17:27:02.2510664Z  + kqcircuits==4.9.11
palace	UNKNOWN STEP	2026-09-29T17:27:02.2511001Z  + langchain-core==1.4.8
palace	UNKNOWN STEP	2026-09-29T17:27:02.2511549Z  + langchain-protocol==0.0.18
palace	UNKNOWN STEP	2026-09-29T17:27:02.2511953Z  + langgraph==1.2.7
palace	UNKNOWN STEP	2026-09-29T17:27:02.2512441Z  + langgraph-checkpoint==4.1.1
palace	UNKNOWN STEP	2026-09-29T17:27:02.2512840Z  + langgraph-prebuilt==1.1.0
palace	UNKNOWN STEP	2026-09-29T17:27:02.2513227Z  + langgraph-sdk==0.4.2
palace	UNKNOWN STEP	2026-09-29T17:27:02.2513585Z  + langsmith==0.9.7
palace	UNKNOWN STEP	2026-09-29T17:27:02.2513912Z  + lazy-loader==0.5
palace	UNKNOWN STEP	2026-09-29T17:27:02.2514234Z  + librt==0.11.0
palace	UNKNOWN STEP	2026-09-29T17:27:02.2514538Z  + locket==1.0.0
palace	UNKNOWN STEP	2026-09-29T17:27:02.2514858Z  + loguru==0.7.3
palace	UNKNOWN STEP	2026-09-29T17:27:02.2515155Z  + mako==1.3.12
palace	UNKNOWN STEP	2026-09-29T17:27:02.2515473Z  + mapbox-earcut==2.0.0
palace	UNKNOWN STEP	2026-09-29T17:27:02.2515812Z  + markdown==3.10.2
palace	UNKNOWN STEP	2026-09-29T17:27:02.2516153Z  + markdown-it-py==4.2.0
palace	UNKNOWN STEP	2026-09-29T17:27:02.2516508Z  + markupsafe==3.0.3
palace	UNKNOWN STEP	2026-09-29T17:27:02.2516839Z  + matplotlib==3.10.9
palace	UNKNOWN STEP	2026-09-29T17:27:02.2517187Z  + matplotlib-inline==0.2.2
palace	UNKNOWN STEP	2026-09-29T17:27:02.2517503Z  + mcp==1.27.2
palace	UNKNOWN STEP	2026-09-29T17:27:02.2517716Z  + mdurl==0.1.2
palace	UNKNOWN STEP	2026-09-29T17:27:02.2517924Z  + mergedeep==1.3.4
palace	UNKNOWN STEP	2026-09-29T17:27:02.2518135Z  + meshio==5.3.5
palace	UNKNOWN STEP	2026-09-29T17:27:02.2518338Z  + mkdocs==1.6.1
palace	UNKNOWN STEP	2026-09-29T17:27:02.2522103Z  + mkdocs-get-deps==0.2.2
palace	UNKNOWN STEP	2026-09-29T17:27:02.2522481Z  + mkdocs-material==9.7.6
palace	UNKNOWN STEP	2026-09-29T17:27:02.2522892Z  + mkdocs-material-extensions==1.3.1
palace	UNKNOWN STEP	2026-09-29T17:27:02.2523308Z  + mpmath==1.3.0
palace	UNKNOWN STEP	2026-09-29T17:27:02.2523638Z  + multiprocess==0.70.19
palace	UNKNOWN STEP	2026-09-29T17:27:02.2523975Z  + mypy==2.1.0
palace	UNKNOWN STEP	2026-09-29T17:27:02.2524290Z  + mypy-extensions==1.1.0
palace	UNKNOWN STEP	2026-09-29T17:27:02.2524635Z  + natsort==8.4.0
palace	UNKNOWN STEP	2026-09-29T17:27:02.2524967Z  + nest-asyncio==1.6.0
palace	UNKNOWN STEP	2026-09-29T17:27:02.2525301Z  + networkx==3.6.1
palace	UNKNOWN STEP	2026-09-29T17:27:02.2525611Z  + numpy==1.26.4
palace	UNKNOWN STEP	2026-09-29T17:27:02.2525940Z  + opentelemetry-api==1.42.1
palace	UNKNOWN STEP	2026-09-29T17:27:02.2526313Z  + optuna==4.9.0
palace	UNKNOWN STEP	2026-09-29T17:27:02.2526618Z  + orjson==3.11.9
palace	UNKNOWN STEP	2026-09-29T17:27:02.2526937Z  + ormsgpack==1.12.2
palace	UNKNOWN STEP	2026-09-29T17:27:02.2527274Z  + packaging==26.2
palace	UNKNOWN STEP	2026-09-29T17:27:02.2527586Z  + paginate==0.5.7
palace	UNKNOWN STEP	2026-09-29T17:27:02.2527901Z  + pandas==3.0.3
palace	UNKNOWN STEP	2026-09-29T17:27:02.2528200Z  + parso==0.8.7
palace	UNKNOWN STEP	2026-09-29T17:27:02.2528499Z  + partd==1.4.2
palace	UNKNOWN STEP	2026-09-29T17:27:02.2528803Z  + pathos==0.3.5
palace	UNKNOWN STEP	2026-09-29T17:27:02.2529148Z  + pathspec==1.1.1
palace	UNKNOWN STEP	2026-09-29T17:27:02.2529467Z  + pexpect==4.9.0
palace	UNKNOWN STEP	2026-09-29T17:27:02.2529780Z  + pillow==12.2.0
palace	UNKNOWN STEP	2026-09-29T17:27:02.2530081Z  + pint==0.25.3
palace	UNKNOWN STEP	2026-09-29T17:27:02.2530398Z  + platformdirs==4.10.0
palace	UNKNOWN STEP	2026-09-29T17:27:02.2530746Z  + pluggy==1.6.0
palace	UNKNOWN STEP	2026-09-29T17:27:02.2531046Z  + pox==0.3.7
palace	UNKNOWN STEP	2026-09-29T17:27:02.2531500Z  + ppft==1.7.8
palace	UNKNOWN STEP	2026-09-29T17:27:02.2531823Z  + prompt-toolkit==3.0.52
palace	UNKNOWN STEP	2026-09-29T17:27:02.2532190Z  + psutil==7.2.2
palace	UNKNOWN STEP	2026-09-29T17:27:02.2532509Z  + ptyprocess==0.7.0
palace	UNKNOWN STEP	2026-09-29T17:27:02.2532833Z  + pure-eval==0.2.3
palace	UNKNOWN STEP	2026-09-29T17:27:02.2533148Z  + pyarrow==24.0.0
palace	UNKNOWN STEP	2026-09-29T17:27:02.2533459Z  + pycparser==3.0
palace	UNKNOWN STEP	2026-09-29T17:27:02.2533780Z  + pydantic==2.12.5
palace	UNKNOWN STEP	2026-09-29T17:27:02.2534107Z  + pydantic-core==2.41.5
palace	UNKNOWN STEP	2026-09-29T17:27:02.2534492Z  + pydantic-extra-types==2.11.1
palace	UNKNOWN STEP	2026-09-29T17:27:02.2534916Z  + pydantic-settings==2.14.1
palace	UNKNOWN STEP	2026-09-29T17:27:02.2535292Z  + pyepr-quantum==0.9.6
palace	UNKNOWN STEP	2026-09-29T17:27:02.2535629Z  + pygit2==1.19.2
palace	UNKNOWN STEP	2026-09-29T17:27:02.2536143Z  + pyglet==2.1.14
palace	UNKNOWN STEP	2026-09-29T17:27:02.2536457Z  + pygments==2.20.0
palace	UNKNOWN STEP	2026-09-29T17:27:02.2536792Z  + pyjwt==2.13.0
palace	UNKNOWN STEP	2026-09-29T17:27:02.2537126Z  + pymdown-extensions==11.0
palace	UNKNOWN STEP	2026-09-29T17:27:02.2537499Z  + pyogrio==0.12.1
palace	UNKNOWN STEP	2026-09-29T17:27:02.2537824Z  + pyparsing==3.3.2
palace	UNKNOWN STEP	2026-09-29T17:27:02.2538157Z  + pyproj==3.7.2
palace	UNKNOWN STEP	2026-09-29T17:27:02.2538482Z  + pyproject-hooks==1.2.0
palace	UNKNOWN STEP	2026-09-29T17:27:02.2538839Z  + pyside2==5.15.2.1
palace	UNKNOWN STEP	2026-09-29T17:27:02.2539165Z  + pytest==9.0.3
palace	UNKNOWN STEP	2026-09-29T17:27:02.2539473Z  + pytest-cov==7.1.0
palace	UNKNOWN STEP	2026-09-29T17:27:02.2539828Z  + python-dateutil==2.9.0.post0
palace	UNKNOWN STEP	2026-09-29T17:27:02.2540221Z  + python-dotenv==1.2.2
palace	UNKNOWN STEP	2026-09-29T17:27:02.2540581Z  + python-multipart==0.0.30
palace	UNKNOWN STEP	2026-09-29T17:27:02.2540939Z  + pyvisa==1.16.2
palace	UNKNOWN STEP	2026-09-29T17:27:02.2541256Z  + pyyaml==6.0.3
palace	UNKNOWN STEP	2026-09-29T17:27:02.2541876Z  + pyyaml-env-tag==1.1
palace	UNKNOWN STEP	2026-09-29T17:27:02.2542213Z  + pyzmq==27.1.0
palace	UNKNOWN STEP	2026-09-29T17:27:02.2542519Z  + qcodes==0.58.0
palace	UNKNOWN STEP	2026-09-29T17:27:02.2542846Z  + qiskit-metal==0.1.2
palace	UNKNOWN STEP	2026-09-29T17:27:02.2543184Z  + qrcode==8.2
palace	UNKNOWN STEP	2026-09-29T17:27:02.2543487Z  + qutip==5.3.0
palace	UNKNOWN STEP	2026-09-29T17:27:02.2543803Z  + rapidfuzz==3.14.5
palace	UNKNOWN STEP	2026-09-29T17:27:02.2544161Z  + rectangle-packer==2.1.0
palace	UNKNOWN STEP	2026-09-29T17:27:02.2544531Z  + rectpack==0.2.2
palace	UNKNOWN STEP	2026-09-29T17:27:02.2544855Z  + referencing==0.37.0
palace	UNKNOWN STEP	2026-09-29T17:27:02.2545195Z  + requests==2.34.2
palace	UNKNOWN STEP	2026-09-29T17:27:02.2545525Z  + requests-toolbelt==1.0.0
palace	UNKNOWN STEP	2026-09-29T17:27:02.2545902Z  + rich==15.0.0
palace	UNKNOWN STEP	2026-09-29T17:27:02.2546213Z  + rpds-py==2026.5.1
palace	UNKNOWN STEP	2026-09-29T17:27:02.2546542Z  + ruamel-yaml==0.19.1
palace	UNKNOWN STEP	2026-09-29T17:27:02.2546890Z  + ruamel-yaml-string==0.1.1
palace	UNKNOWN STEP	2026-09-29T17:27:02.2547268Z  + ruff==0.15.15
palace	UNKNOWN STEP	2026-09-29T17:27:02.2547590Z  + schema==0.7.8
palace	UNKNOWN STEP	2026-09-29T17:27:02.2547906Z  + scikit-image==0.26.0
palace	UNKNOWN STEP	2026-09-29T17:27:02.2548251Z  + scikit-rf==1.12.0
palace	UNKNOWN STEP	2026-09-29T17:27:02.2548589Z  + scipy==1.17.1
palace	UNKNOWN STEP	2026-09-29T17:27:02.2548899Z  + scqubits==4.3.1
palace	UNKNOWN STEP	2026-09-29T17:27:02.2549212Z  + seaborn==0.13.2
palace	UNKNOWN STEP	2026-09-29T17:27:02.2549517Z  + semver==3.0.4
palace	UNKNOWN STEP	2026-09-29T17:27:02.2549831Z  + setuptools==82.0.1
palace	UNKNOWN STEP	2026-09-29T17:27:02.2550187Z  + shapely==2.1.2
palace	UNKNOWN STEP	2026-09-29T17:27:02.2550501Z  + shellingham==1.5.4
palace	UNKNOWN STEP	2026-09-29T17:27:02.2550835Z  + shiboken2==5.15.2.1
palace	UNKNOWN STEP	2026-09-29T17:27:02.2551158Z  + six==1.17.0
palace	UNKNOWN STEP	2026-09-29T17:27:02.2551699Z  + sniffio==1.3.1
palace	UNKNOWN STEP	2026-09-29T17:27:02.2552014Z  + sqlalchemy==2.0.51
palace	UNKNOWN STEP	2026-09-29T17:27:02.2552348Z  + sse-starlette==3.4.4
palace	UNKNOWN STEP	2026-09-29T17:27:02.2552692Z  + stack-data==0.6.3
palace	UNKNOWN STEP	2026-09-29T17:27:02.2553029Z  + starlette==1.2.1
palace	UNKNOWN STEP	2026-09-29T17:27:02.2553408Z  + sympy==1.14.0
palace	UNKNOWN STEP	2026-09-29T17:27:02.2553715Z  + tabulate==0.10.0
palace	UNKNOWN STEP	2026-09-29T17:27:02.2554058Z  + tenacity==9.1.4
palace	UNKNOWN STEP	2026-09-29T17:27:02.2554594Z  + text-to-gds==0.3.1 (from file:///home/runner/work/Text-to-Layout/Text-to-Layout)
palace	UNKNOWN STEP	2026-09-29T17:27:02.2555206Z  + tifffile==2026.3.3
palace	UNKNOWN STEP	2026-09-29T17:27:02.2555536Z  + toolz==1.1.0
palace	UNKNOWN STEP	2026-09-29T17:27:02.2555859Z  + tornado==6.5.6
palace	UNKNOWN STEP	2026-09-29T17:27:02.2556163Z  + tqdm==4.68.3
palace	UNKNOWN STEP	2026-09-29T17:27:02.2556466Z  + traitlets==5.15.0
palace	UNKNOWN STEP	2026-09-29T17:27:02.2556798Z  + trimesh==4.12.2
palace	UNKNOWN STEP	2026-09-29T17:27:02.2557146Z  + trove-classifiers==2026.6.1.19
palace	UNKNOWN STEP	2026-09-29T17:27:02.2557538Z  + typer==0.24.2
palace	UNKNOWN STEP	2026-09-29T17:27:02.2558027Z  + types-pyyaml==6.0.12.20260518
palace	UNKNOWN STEP	2026-09-29T17:27:02.2558505Z  + typing-extensions==4.15.0
palace	UNKNOWN STEP	2026-09-29T17:27:02.2559100Z  + typing-inspection==0.4.2
palace	UNKNOWN STEP	2026-09-29T17:27:02.2559501Z  + uncertainties==3.2.3
palace	UNKNOWN STEP	2026-09-29T17:27:02.2560037Z  + urllib3==2.7.0
palace	UNKNOWN STEP	2026-09-29T17:27:02.2560583Z  + uuid-utils==0.16.2
palace	UNKNOWN STEP	2026-09-29T17:27:02.2561124Z  + uvicorn==0.48.0
palace	UNKNOWN STEP	2026-09-29T17:27:02.2561742Z  + versioningit==3.3.0
palace	UNKNOWN STEP	2026-09-29T17:27:02.2562167Z  + versiontag==1.2.0
palace	UNKNOWN STEP	2026-09-29T17:27:02.2562650Z  + watchdog==6.0.0
palace	UNKNOWN STEP	2026-09-29T17:27:02.2563030Z  + wcwidth==0.7.0
palace	UNKNOWN STEP	2026-09-29T17:27:02.2563454Z  + websockets==15.0.1
palace	UNKNOWN STEP	2026-09-29T17:27:02.2563898Z  + widgetsnbextension==4.0.15
palace	UNKNOWN STEP	2026-09-29T17:27:02.2564362Z  + xarray==2026.4.0
palace	UNKNOWN STEP	2026-09-29T17:27:02.2564712Z  + xxhash==3.8.0
palace	UNKNOWN STEP	2026-09-29T17:27:02.2565143Z  + zstandard==0.25.0
palace	UNKNOWN STEP	2026-09-29T17:27:02.3721203Z ##[group]Run actions/cache@v4
palace	UNKNOWN STEP	2026-09-29T17:27:02.3721852Z with:
palace	UNKNOWN STEP	2026-09-29T17:27:02.3722182Z   path: ~/.cache/textlayout-palace
palace	UNKNOWN STEP	.tools/palace
palace	UNKNOWN STEP	.tools/external/sources
palace	UNKNOWN STEP	
palace	UNKNOWN STEP	2026-09-29T17:27:02.3722727Z   key: palace-0.17.0-471a7a114734e5e34aa0336e76b6579e854d12020a9bf410ae4304052e38c143
palace	UNKNOWN STEP	2026-09-29T17:27:02.3723161Z   enableCrossOsArchive: false
palace	UNKNOWN STEP	2026-09-29T17:27:02.3723430Z   fail-on-cache-miss: false
palace	UNKNOWN STEP	2026-09-29T17:27:02.3723677Z   lookup-only: false
palace	UNKNOWN STEP	2026-09-29T17:27:02.3723899Z   save-always: false
palace	UNKNOWN STEP	2026-09-29T17:27:02.3724105Z env:
palace	UNKNOWN STEP	2026-09-29T17:27:02.3724374Z   UV_CACHE_DIR: /home/runner/work/_temp/setup-uv-cache
palace	UNKNOWN STEP	2026-09-29T17:27:02.3724696Z ##[endgroup]
palace	UNKNOWN STEP	2026-09-29T17:27:02.4839284Z (node:3146) [DEP0040] DeprecationWarning: The `punycode` module is deprecated. Please use a userland alternative instead.
palace	UNKNOWN STEP	2026-09-29T17:27:02.4840369Z (Use `node --trace-deprecation ...` to show where the warning was created)
palace	UNKNOWN STEP	2026-09-29T17:27:02.7511150Z Cache not found for input keys: palace-0.17.0-471a7a114734e5e34aa0336e76b6579e854d12020a9bf410ae4304052e38c143
palace	UNKNOWN STEP	2026-09-29T17:27:02.7616820Z ##[group]Run uv run python scripts/external/install_palace.py
palace	UNKNOWN STEP	2026-09-29T17:27:02.7617286Z ^[[36;1muv run python scripts/external/install_palace.py^[[0m
palace	UNKNOWN STEP	2026-09-29T17:27:02.7689551Z shell: /usr/bin/bash -e {0}
palace	UNKNOWN STEP	2026-09-29T17:27:02.7689823Z env:
palace	UNKNOWN STEP	2026-09-29T17:27:02.7690093Z   UV_CACHE_DIR: /home/runner/work/_temp/setup-uv-cache
palace	UNKNOWN STEP	2026-09-29T17:27:02.7690427Z ##[endgroup]
palace	UNKNOWN STEP	2026-09-29T18:43:21.5133907Z {
palace	UNKNOWN STEP	2026-09-29T18:43:21.5134319Z   "schema": "textlayout.palace-install.v1",
palace	UNKNOWN STEP	2026-09-29T18:43:21.5134849Z   "requested_version": "0.17.0",
palace	UNKNOWN STEP	2026-09-29T18:43:21.5135226Z   "gmsh": {
palace	UNKNOWN STEP	2026-09-29T18:43:21.5135525Z     "available": true,
palace	UNKNOWN STEP	2026-09-29T18:43:21.5135881Z     "version": "4.15.2",
palace	UNKNOWN STEP	2026-09-29T18:43:21.5136253Z     "expected_version": "4.15.2",
palace	UNKNOWN STEP	2026-09-29T18:43:21.5136956Z     "module": "/home/runner/work/Text-to-Layout/Text-to-Layout/.venv/lib/python3.12/site-packages/gmsh.py",
palace	UNKNOWN STEP	2026-09-29T18:43:21.5137700Z     "module_sha256": "f4b0935cebde899750293d87a643090e5ea33c9b18d249267f507db68a0e01c3"
palace	UNKNOWN STEP	2026-09-29T18:43:21.5138122Z   },
palace	UNKNOWN STEP	2026-09-29T18:43:21.5138332Z   "source_archive": {
palace	UNKNOWN STEP	2026-09-29T18:43:21.5138576Z     "available": true,
palace	UNKNOWN STEP	2026-09-29T18:43:21.5139155Z     "path": "/home/runner/work/Text-to-Layout/Text-to-Layout/.tools/external/sources/palace-12d8069afb5aa9e169a17e303d735e120968e9f2.tar.gz",
palace	UNKNOWN STEP	2026-09-29T18:43:21.5139895Z     "sha256": "169f7fe210ea6e771a29bfe0803dd84a774b25b00d2aa3a1f33b9d97a510ff9d",
palace	UNKNOWN STEP	2026-09-29T18:43:21.5140309Z     "size_bytes": 47331791
palace	UNKNOWN STEP	2026-09-29T18:43:21.5140544Z   },
palace	UNKNOWN STEP	2026-09-29T18:43:21.5140754Z   "status": "INSTALLED",
palace	UNKNOWN STEP	2026-09-29T18:43:21.5141011Z   "strategy": "pinned_spack_wsl",
palace	UNKNOWN STEP	2026-09-29T18:43:21.5141533Z   "palace_version": "0.17.0",
palace	UNKNOWN STEP	2026-09-29T18:43:21.5141879Z   "palace_commit": "12d8069afb5aa9e169a17e303d735e120968e9f2",
palace	UNKNOWN STEP	2026-09-29T18:43:21.5142612Z   "palace_executable": "/home/runner/.cache/textlayout-palace/spack-opt/linux-x86_64_v3/palace-0.17.0-fc5grs6ugcjdbzpdpqbqsnmf6ejlq4hx/bin/palace",
palace	UNKNOWN STEP	2026-09-29T18:43:21.5143450Z   "palace_executable_sha256": "ad43ec030f51435f32150a5c72cb324ca03083d2ffc2f91405bbf41c6bc2240f",
palace	UNKNOWN STEP	2026-09-29T18:43:21.5143923Z   "spack_version": "1.1.0",
palace	UNKNOWN STEP	2026-09-29T18:43:21.5144249Z   "spack_commit": "0c2be44e4ece21eb091ad5de4c97716b7c6d4c87",
palace	UNKNOWN STEP	2026-09-29T18:43:21.5144695Z   "spack_packages_commit": "a2928a3376d286ddbf07da62847d5ba5b0fa3c67",
palace	UNKNOWN STEP	2026-09-29T18:43:21.5145132Z   "spack_environment": "external_tools/palace/spack.yaml",
palace	UNKNOWN STEP	2026-09-29T18:43:21.5145550Z   "spack_runtime_cache": "/home/runner/.cache/textlayout-palace",
palace	UNKNOWN STEP	2026-09-29T18:43:21.5145996Z   "install_tree": "/home/runner/.cache/textlayout-palace/spack-opt",
palace	UNKNOWN STEP	2026-09-29T18:43:21.5146447Z   "build_stage": "/home/runner/.cache/textlayout-palace/build-stage",
palace	UNKNOWN STEP	2026-09-29T18:43:21.5146818Z   "compiler_and_mpi_tail": [
palace	UNKNOWN STEP	2026-09-29T18:43:21.5147354Z     "[+] /home/runner/.cache/textlayout-palace/spack-opt/linux-x86_64_v3/palace-0.17.0-fc5grs6ugcjdbzpdpqbqsnmf6ejlq4hx",
palace	UNKNOWN STEP	2026-09-29T18:43:21.5148057Z     "==> Installing palace-0.17.0-fc5grs6ugcjdbzpdpqbqsnmf6ejlq4hx [63/63]",
palace	UNKNOWN STEP	2026-09-29T18:43:21.5148631Z     "==> Updating view at /home/runner/.cache/textlayout-palace/environment/.spack-env/view",
palace	UNKNOWN STEP	2026-09-29T18:43:21.5149119Z     "gcc (Ubuntu 13.3.0-6ubuntu2~24.04.1) 13.3.0",
palace	UNKNOWN STEP	2026-09-29T18:43:21.5149440Z     "g++ (Ubuntu 13.3.0-6ubuntu2~24.04.1) 13.3.0",
palace	UNKNOWN STEP	2026-09-29T18:43:21.5149776Z     "GNU Fortran (Ubuntu 13.3.0-6ubuntu2~24.04.1) 13.3.0",
palace	UNKNOWN STEP	2026-09-29T18:43:21.5150103Z     "mpirun (Open MPI) 4.1.6",
palace	UNKNOWN STEP	2026-09-29T18:43:21.5150355Z     ""
palace	UNKNOWN STEP	2026-09-29T18:43:21.5150555Z   ],
palace	UNKNOWN STEP	2026-09-29T18:43:21.5150815Z   "installed_at": "2026-09-29T18:43:21.397659+00:00",
palace	UNKNOWN STEP	2026-09-29T18:43:21.5151126Z   "reused": false,
palace	UNKNOWN STEP	2026-09-29T18:43:21.5151574Z   "gmsh_version": "4.15.2",
palace	UNKNOWN STEP	2026-09-29T18:43:21.5151894Z   "native_root": "/home/runner/.cache/textlayout-palace",
palace	UNKNOWN STEP	2026-09-29T18:43:21.5152621Z   "source_archive_path": "/home/runner/work/Text-to-Layout/Text-to-Layout/.tools/external/sources/palace-12d8069afb5aa9e169a17e303d735e120968e9f2.tar.gz",
palace	UNKNOWN STEP	2026-09-29T18:43:21.5153961Z   "source_archive_sha256": "169f7fe210ea6e771a29bfe0803dd84a774b25b00d2aa3a1f33b9d97a510ff9d",
palace	UNKNOWN STEP	2026-09-29T18:43:21.5154456Z   "mpi_version": "mpirun (Open MPI) 4.1.6",
palace	UNKNOWN STEP	2026-09-29T18:43:21.5162900Z   "compiler_versions": {
palace	UNKNOWN STEP	2026-09-29T18:43:21.5163248Z     "gcc": "gcc (Ubuntu 13.3.0-6ubuntu2~24.04.1) 13.3.0",
palace	UNKNOWN STEP	2026-09-29T18:43:21.5163743Z     "gxx": "g++ (Ubuntu 13.3.0-6ubuntu2~24.04.1) 13.3.0",
palace	UNKNOWN STEP	2026-09-29T18:43:21.5164256Z     "gfortran": "GNU Fortran (Ubuntu 13.3.0-6ubuntu2~24.04.1) 13.3.0"
palace	UNKNOWN STEP	2026-09-29T18:43:21.5164754Z   },
palace	UNKNOWN STEP	2026-09-29T18:43:21.5165027Z   "git_commit": "59e8c654c1cfcc84788b488daf0482682bcda2ba"
palace	UNKNOWN STEP	2026-09-29T18:43:21.5165351Z }
palace	UNKNOWN STEP	2026-09-29T18:43:21.5840737Z ##[group]Run uv run python scripts/external/check_palace.py
palace	UNKNOWN STEP	2026-09-29T18:43:21.5841684Z ^[[36;1muv run python scripts/external/check_palace.py^[[0m
palace	UNKNOWN STEP	2026-09-29T18:43:21.5925023Z shell: /usr/bin/bash -e {0}
palace	UNKNOWN STEP	2026-09-29T18:43:21.5925419Z env:
palace	UNKNOWN STEP	2026-09-29T18:43:21.5925745Z   UV_CACHE_DIR: /home/runner/work/_temp/setup-uv-cache
palace	UNKNOWN STEP	2026-09-29T18:43:21.5926084Z ##[endgroup]
palace	UNKNOWN STEP	2026-09-29T18:43:22.2852539Z {
palace	UNKNOWN STEP	2026-09-29T18:43:22.2871901Z   "schema": "textlayout.palace-check.v1",
palace	UNKNOWN STEP	2026-09-29T18:43:22.2901811Z   "state": "INSTALLED",
palace	UNKNOWN STEP	2026-09-29T18:43:22.2931900Z   "required_palace_version": "0.17.0",
palace	UNKNOWN STEP	2026-09-29T18:43:22.2961823Z   "source_archive": {
palace	UNKNOWN STEP	2026-09-29T18:43:22.2991809Z     "available": true,
palace	UNKNOWN STEP	2026-09-29T18:43:22.3022419Z     "path": "/home/runner/work/Text-to-Layout/Text-to-Layout/.tools/external/sources/palace-12d8069afb5aa9e169a17e303d735e120968e9f2.tar.gz",
palace	UNKNOWN STEP	2026-09-29T18:43:22.3052042Z     "sha256": "169f7fe210ea6e771a29bfe0803dd84a774b25b00d2aa3a1f33b9d97a510ff9d",
palace	UNKNOWN STEP	2026-09-29T18:43:22.3081911Z     "size_bytes": 47331791
palace	UNKNOWN STEP	2026-09-29T18:43:22.3111838Z   },
palace	UNKNOWN STEP	2026-09-29T18:43:22.3141846Z   "installation": {
palace	UNKNOWN STEP	2026-09-29T18:43:22.3171881Z     "schema": "textlayout.palace-install.v1",
palace	UNKNOWN STEP	2026-09-29T18:43:22.3201872Z     "requested_version": "0.17.0",
palace	UNKNOWN STEP	2026-09-29T18:43:22.3231808Z     "gmsh": {
palace	UNKNOWN STEP	2026-09-29T18:43:22.3261876Z       "available": true,
palace	UNKNOWN STEP	2026-09-29T18:43:22.3291808Z       "version": "4.15.2",
palace	UNKNOWN STEP	2026-09-29T18:43:22.3322080Z       "expected_version": "4.15.2",
palace	UNKNOWN STEP	2026-09-29T18:43:22.3352304Z       "module": "/home/runner/work/Text-to-Layout/Text-to-Layout/.venv/lib/python3.12/site-packages/gmsh.py",
palace	UNKNOWN STEP	2026-09-29T18:43:22.3382083Z       "module_sha256": "f4b0935cebde899750293d87a643090e5ea33c9b18d249267f507db68a0e01c3"
palace	UNKNOWN STEP	2026-09-29T18:43:22.3411994Z     },
palace	UNKNOWN STEP	2026-09-29T18:43:22.3442003Z     "source_archive": {
palace	UNKNOWN STEP	2026-09-29T18:43:22.3459700Z       "available": true,
palace	UNKNOWN STEP	2026-09-29T18:43:22.3460663Z       "path": "/home/runner/work/Text-to-Layout/Text-to-Layout/.tools/external/sources/palace-12d8069afb5aa9e169a17e303d735e120968e9f2.tar.gz",
palace	UNKNOWN STEP	2026-09-29T18:43:22.3462111Z       "sha256": "169f7fe210ea6e771a29bfe0803dd84a774b25b00d2aa3a1f33b9d97a510ff9d",
palace	UNKNOWN STEP	2026-09-29T18:43:22.3462791Z       "size_bytes": 47331791
palace	UNKNOWN STEP	2026-09-29T18:43:22.3463151Z     },
palace	UNKNOWN STEP	2026-09-29T18:43:22.3463448Z     "status": "INSTALLED",
palace	UNKNOWN STEP	2026-09-29T18:43:22.3463836Z     "strategy": "pinned_spack_wsl",
palace	UNKNOWN STEP	2026-09-29T18:43:22.3464254Z     "palace_version": "0.17.0",
palace	UNKNOWN STEP	2026-09-29T18:43:22.3464748Z     "palace_commit": "12d8069afb5aa9e169a17e303d735e120968e9f2",
palace	UNKNOWN STEP	2026-09-29T18:43:22.3465893Z     "palace_executable": "/home/runner/.cache/textlayout-palace/spack-opt/linux-x86_64_v3/palace-0.17.0-fc5grs6ugcjdbzpdpqbqsnmf6ejlq4hx/bin/palace",
palace	UNKNOWN STEP	2026-09-29T18:43:22.3467313Z     "palace_executable_sha256": "ad43ec030f51435f32150a5c72cb324ca03083d2ffc2f91405bbf41c6bc2240f",
palace	UNKNOWN STEP	2026-09-29T18:43:22.3468076Z     "spack_version": "1.1.0",
palace	UNKNOWN STEP	2026-09-29T18:43:22.3468579Z     "spack_commit": "0c2be44e4ece21eb091ad5de4c97716b7c6d4c87",
palace	UNKNOWN STEP	2026-09-29T18:43:22.3469282Z     "spack_packages_commit": "a2928a3376d286ddbf07da62847d5ba5b0fa3c67",
palace	UNKNOWN STEP	2026-09-29T18:43:22.3469978Z     "spack_environment": "external_tools/palace/spack.yaml",
palace	UNKNOWN STEP	2026-09-29T18:43:22.3470647Z     "spack_runtime_cache": "/home/runner/.cache/textlayout-palace",
palace	UNKNOWN STEP	2026-09-29T18:43:22.3471544Z     "install_tree": "/home/runner/.cache/textlayout-palace/spack-opt",
palace	UNKNOWN STEP	2026-09-29T18:43:22.3472757Z     "build_stage": "/home/runner/.cache/textlayout-palace/build-stage",
palace	UNKNOWN STEP	2026-09-29T18:43:22.3473346Z     "compiler_and_mpi_tail": [
palace	UNKNOWN STEP	2026-09-29T18:43:22.3474278Z       "[+] /home/runner/.cache/textlayout-palace/spack-opt/linux-x86_64_v3/palace-0.17.0-fc5grs6ugcjdbzpdpqbqsnmf6ejlq4hx",
palace	UNKNOWN STEP	2026-09-29T18:43:22.3475374Z       "==> Installing palace-0.17.0-fc5grs6ugcjdbzpdpqbqsnmf6ejlq4hx [63/63]",
palace	UNKNOWN STEP	2026-09-29T18:43:22.3476264Z       "==> Updating view at /home/runner/.cache/textlayout-palace/environment/.spack-env/view",
palace	UNKNOWN STEP	2026-09-29T18:43:22.3476965Z       "gcc (Ubuntu 13.3.0-6ubuntu2~24.04.1) 13.3.0",
palace	UNKNOWN STEP	2026-09-29T18:43:22.3477789Z       "g++ (Ubuntu 13.3.0-6ubuntu2~24.04.1) 13.3.0",
palace	UNKNOWN STEP	2026-09-29T18:43:22.3478309Z       "GNU Fortran (Ubuntu 13.3.0-6ubuntu2~24.04.1) 13.3.0",
palace	UNKNOWN STEP	2026-09-29T18:43:22.3478812Z       "mpirun (Open MPI) 4.1.6",
palace	UNKNOWN STEP	2026-09-29T18:43:22.3479174Z       ""
palace	UNKNOWN STEP	2026-09-29T18:43:22.3479457Z     ],
palace	UNKNOWN STEP	2026-09-29T18:43:22.3479814Z     "installed_at": "2026-09-29T18:43:21.397659+00:00",
palace	UNKNOWN STEP	2026-09-29T18:43:22.3480265Z     "reused": false,
palace	UNKNOWN STEP	2026-09-29T18:43:22.3480604Z     "gmsh_version": "4.15.2",
palace	UNKNOWN STEP	2026-09-29T18:43:22.3481055Z     "native_root": "/home/runner/.cache/textlayout-palace",
palace	UNKNOWN STEP	2026-09-29T18:43:22.3482469Z     "source_archive_path": "/home/runner/work/Text-to-Layout/Text-to-Layout/.tools/external/sources/palace-12d8069afb5aa9e169a17e303d735e120968e9f2.tar.gz",
palace	UNKNOWN STEP	2026-09-29T18:43:22.3483980Z     "source_archive_sha256": "169f7fe210ea6e771a29bfe0803dd84a774b25b00d2aa3a1f33b9d97a510ff9d",
palace	UNKNOWN STEP	2026-09-29T18:43:22.3484771Z     "mpi_version": "mpirun (Open MPI) 4.1.6",
palace	UNKNOWN STEP	2026-09-29T18:43:22.3485230Z     "compiler_versions": {
palace	UNKNOWN STEP	2026-09-29T18:43:22.3485662Z       "gcc": "gcc (Ubuntu 13.3.0-6ubuntu2~24.04.1) 13.3.0",
palace	UNKNOWN STEP	2026-09-29T18:43:22.3486184Z       "gxx": "g++ (Ubuntu 13.3.0-6ubuntu2~24.04.1) 13.3.0",
palace	UNKNOWN STEP	2026-09-29T18:43:22.3486755Z       "gfortran": "GNU Fortran (Ubuntu 13.3.0-6ubuntu2~24.04.1) 13.3.0"
palace	UNKNOWN STEP	2026-09-29T18:43:22.3487278Z     },
palace	UNKNOWN STEP	2026-09-29T18:43:22.3487669Z     "git_commit": "59e8c654c1cfcc84788b488daf0482682bcda2ba"
palace	UNKNOWN STEP	2026-09-29T18:43:22.3488137Z   },
palace	UNKNOWN STEP	2026-09-29T18:43:22.3488406Z   "gmsh": {
palace	UNKNOWN STEP	2026-09-29T18:43:22.3488708Z     "available": true,
palace	UNKNOWN STEP	2026-09-29T18:43:22.3489051Z     "version": "4.15.2",
palace	UNKNOWN STEP	2026-09-29T18:43:22.3489422Z     "expected_version": "4.15.2",
palace	UNKNOWN STEP	2026-09-29T18:43:22.3490150Z     "module": "/home/runner/work/Text-to-Layout/Text-to-Layout/.venv/lib/python3.12/site-packages/gmsh.py",
palace	UNKNOWN STEP	2026-09-29T18:43:22.3491146Z     "module_sha256": "f4b0935cebde899750293d87a643090e5ea33c9b18d249267f507db68a0e01c3"
palace	UNKNOWN STEP	2026-09-29T18:43:22.3492034Z   },
palace	UNKNOWN STEP	2026-09-29T18:43:22.3492336Z   "gmsh_version_valid": true
palace	UNKNOWN STEP	2026-09-29T18:43:22.3492693Z }
palace	UNKNOWN STEP	2026-09-29T18:43:22.3616038Z ##[group]Run uv run python scripts/external/run_palace_smoke.py
palace	UNKNOWN STEP	2026-09-29T18:43:22.3616503Z ^[[36;1muv run python scripts/external/run_palace_smoke.py^[[0m
palace	UNKNOWN STEP	2026-09-29T18:43:22.3689311Z shell: /usr/bin/bash -e {0}
palace	UNKNOWN STEP	2026-09-29T18:43:22.3689582Z env:
palace	UNKNOWN STEP	2026-09-29T18:43:22.3689851Z   UV_CACHE_DIR: /home/runner/work/_temp/setup-uv-cache
palace	UNKNOWN STEP	2026-09-29T18:43:22.3690199Z ##[endgroup]
palace	UNKNOWN STEP	2026-09-29T18:43:35.9966860Z {
palace	UNKNOWN STEP	2026-09-29T18:43:35.9967315Z   "schema": "textlayout.palace-smoke-result.v1",
palace	UNKNOWN STEP	2026-09-29T18:43:35.9967699Z   "status": "SMOKE_TEST_PASSED",
palace	UNKNOWN STEP	2026-09-29T18:43:35.9967984Z   "solver_output_parsed": true,
palace	UNKNOWN STEP	2026-09-29T18:43:35.9968251Z   "palace_version": "0.17.0",
palace	UNKNOWN STEP	2026-09-29T18:43:35.9968576Z   "palace_commit": "12d8069afb5aa9e169a17e303d735e120968e9f2",
palace	UNKNOWN STEP	2026-09-29T18:43:35.9969112Z   "palace_executable_sha256": "ad43ec030f51435f32150a5c72cb324ca03083d2ffc2f91405bbf41c6bc2240f",
palace	UNKNOWN STEP	2026-09-29T18:43:35.9969596Z   "official_example": "examples/cavity2d",
palace	UNKNOWN STEP	2026-09-29T18:43:35.9971834Z   "command": [
palace	UNKNOWN STEP	2026-09-29T18:43:35.9972186Z     "bash",
palace	UNKNOWN STEP	2026-09-29T18:43:35.9972472Z     "-lc",
palace	UNKNOWN STEP	2026-09-29T18:43:35.9973658Z     "cd /home/runner/work/Text-to-Layout/Text-to-Layout/out/toolchain/palace_smoke && /home/runner/.cache/textlayout-palace/spack-opt/linux-x86_64_v3/palace-0.17.0-fc5grs6ugcjdbzpdpqbqsnmf6ejlq4hx/bin/palace -np 2 cavity2d.json"
palace	UNKNOWN STEP	2026-09-29T18:43:35.9975282Z   ],
palace	UNKNOWN STEP	2026-09-29T18:43:35.9975535Z   "return_code": 0,
palace	UNKNOWN STEP	2026-09-29T18:43:35.9975849Z   "runtime_seconds": 12.625707242999852,
palace	UNKNOWN STEP	2026-09-29T18:43:35.9976224Z   "frequencies_ghz": [
palace	UNKNOWN STEP	2026-09-29T18:43:35.9976535Z     0.103934328377,
palace	UNKNOWN STEP	2026-09-29T18:43:35.9976804Z     0.2078686586235,
palace	UNKNOWN STEP	2026-09-29T18:43:35.9977065Z     0.2078686591775,
palace	UNKNOWN STEP	2026-09-29T18:43:35.9977356Z     0.2324042265491,
palace	UNKNOWN STEP	2026-09-29T18:43:35.9977570Z     0.2939706870914
palace	UNKNOWN STEP	2026-09-29T18:43:35.9977764Z   ],
palace	UNKNOWN STEP	2026-09-29T18:43:35.9977960Z   "domain_energies_j": {
palace	UNKNOWN STEP	2026-09-29T18:43:35.9978193Z     "1": 1.667820475991e-09
palace	UNKNOWN STEP	2026-09-29T18:43:35.9978418Z   },
palace	UNKNOWN STEP	2026-09-29T18:43:35.9978619Z   "input_file_hashes": {
palace	UNKNOWN STEP	2026-09-29T18:43:35.9979016Z     "cavity2d.json": "a606f861b4ac7dfefdd180dd2b00321f46abb85e08f84227e6f0b2b242a6a75d",
palace	UNKNOWN STEP	2026-09-29T18:43:35.9979632Z     "mesh/cavity2d.msh": "4ab22f7051abb00e881a9a098d5dcda082dd1fcfde7784f8c2ff3a7c2a95d6f1"
palace	UNKNOWN STEP	2026-09-29T18:43:35.9980055Z   },
palace	UNKNOWN STEP	2026-09-29T18:43:35.9980243Z   "output_file_hashes": {
palace	UNKNOWN STEP	2026-09-29T18:43:35.9980686Z     "postpro/eigenmode/eig.csv": "b29eefa4b90a21e38e28393f94de088124332ae56821fe3379b2d000318f2684",
palace	UNKNOWN STEP	2026-09-29T18:43:35.9981781Z     "postpro/eigenmode/domain-E.csv": "0a1d26850d410422e3e4d0a415782cb46738bfb5a4f02ca569a628393cdd324e"
palace	UNKNOWN STEP	2026-09-29T18:43:35.9982255Z   },
palace	UNKNOWN STEP	2026-09-29T18:43:35.9982480Z   "completed_at": "2026-09-29T18:43:35.995804+00:00"
palace	UNKNOWN STEP	2026-09-29T18:43:35.9982765Z }
palace	UNKNOWN STEP	2026-09-29T18:43:36.0658599Z ##[group]Run uv run python scripts/external/check_palace.py
palace	UNKNOWN STEP	2026-09-29T18:43:36.0659078Z ^[[36;1muv run python scripts/external/check_palace.py^[[0m
palace	UNKNOWN STEP	2026-09-29T18:43:36.0659425Z ^[[36;1muv run python - <<'EOF'^[[0m
palace	UNKNOWN STEP	2026-09-29T18:43:36.0659722Z ^[[36;1mimport json, pathlib, sys^[[0m
palace	UNKNOWN STEP	2026-09-29T18:43:36.0660197Z ^[[36;1mstate = json.loads(pathlib.Path("out/toolchain/palace_check.json").read_text())["state"]^[[0m
palace	UNKNOWN STEP	2026-09-29T18:43:36.0660697Z ^[[36;1mprint(f"palace check state: {state}")^[[0m
palace	UNKNOWN STEP	2026-09-29T18:43:36.0661120Z ^[[36;1msys.exit(0 if state in {"SMOKE_TEST_PASSED", "BENCHMARK_EXECUTED"} else 1)^[[0m
palace	UNKNOWN STEP	2026-09-29T18:43:36.0661870Z ^[[36;1mEOF^[[0m
palace	UNKNOWN STEP	2026-09-29T18:43:36.0734616Z shell: /usr/bin/bash -e {0}
palace	UNKNOWN STEP	2026-09-29T18:43:36.0734890Z env:
palace	UNKNOWN STEP	2026-09-29T18:43:36.0735157Z   UV_CACHE_DIR: /home/runner/work/_temp/setup-uv-cache
palace	UNKNOWN STEP	2026-09-29T18:43:36.0735492Z ##[endgroup]
palace	UNKNOWN STEP	2026-09-29T18:43:36.7577454Z {
palace	UNKNOWN STEP	2026-09-29T18:43:36.7582389Z   "schema": "textlayout.palace-check.v1",
palace	UNKNOWN STEP	2026-09-29T18:43:36.7601954Z   "state": "SMOKE_TEST_PASSED",
palace	UNKNOWN STEP	2026-09-29T18:43:36.7621997Z   "required_palace_version": "0.17.0",
palace	UNKNOWN STEP	2026-09-29T18:43:36.7651795Z   "source_archive": {
palace	UNKNOWN STEP	2026-09-29T18:43:36.7682002Z     "available": true,
palace	UNKNOWN STEP	2026-09-29T18:43:36.7712546Z     "path": "/home/runner/work/Text-to-Layout/Text-to-Layout/.tools/external/sources/palace-12d8069afb5aa9e169a17e303d735e120968e9f2.tar.gz",
palace	UNKNOWN STEP	2026-09-29T18:43:36.7742198Z     "sha256": "169f7fe210ea6e771a29bfe0803dd84a774b25b00d2aa3a1f33b9d97a510ff9d",
palace	UNKNOWN STEP	2026-09-29T18:43:36.7771998Z     "size_bytes": 47331791
palace	UNKNOWN STEP	2026-09-29T18:43:36.7801779Z   },
palace	UNKNOWN STEP	2026-09-29T18:43:36.7831772Z   "installation": {
palace	UNKNOWN STEP	2026-09-29T18:43:36.7861928Z     "schema": "textlayout.palace-install.v1",
palace	UNKNOWN STEP	2026-09-29T18:43:36.7891815Z     "requested_version": "0.17.0",
palace	UNKNOWN STEP	2026-09-29T18:43:36.7921772Z     "gmsh": {
palace	UNKNOWN STEP	2026-09-29T18:43:36.7951986Z       "available": true,
palace	UNKNOWN STEP	2026-09-29T18:43:36.7981965Z       "version": "4.15.2",
palace	UNKNOWN STEP	2026-09-29T18:43:36.8011817Z       "expected_version": "4.15.2",
palace	UNKNOWN STEP	2026-09-29T18:43:36.8042179Z       "module": "/home/runner/work/Text-to-Layout/Text-to-Layout/.venv/lib/python3.12/site-packages/gmsh.py",
palace	UNKNOWN STEP	2026-09-29T18:43:36.8072075Z       "module_sha256": "f4b0935cebde899750293d87a643090e5ea33c9b18d249267f507db68a0e01c3"
palace	UNKNOWN STEP	2026-09-29T18:43:36.8101767Z     },
palace	UNKNOWN STEP	2026-09-29T18:43:36.8131918Z     "source_archive": {
palace	UNKNOWN STEP	2026-09-29T18:43:36.8162031Z       "available": true,
palace	UNKNOWN STEP	2026-09-29T18:43:36.8192602Z       "path": "/home/runner/work/Text-to-Layout/Text-to-Layout/.tools/external/sources/palace-12d8069afb5aa9e169a17e303d735e120968e9f2.tar.gz",
palace	UNKNOWN STEP	2026-09-29T18:43:36.8203139Z       "sha256": "169f7fe210ea6e771a29bfe0803dd84a774b25b00d2aa3a1f33b9d97a510ff9d",
palace	UNKNOWN STEP	2026-09-29T18:43:36.8204362Z       "size_bytes": 47331791
palace	UNKNOWN STEP	2026-09-29T18:43:36.8204708Z     },
palace	UNKNOWN STEP	2026-09-29T18:43:36.8204999Z     "status": "INSTALLED",
palace	UNKNOWN STEP	2026-09-29T18:43:36.8205378Z     "strategy": "pinned_spack_wsl",
palace	UNKNOWN STEP	2026-09-29T18:43:36.8205788Z     "palace_version": "0.17.0",
palace	UNKNOWN STEP	2026-09-29T18:43:36.8206269Z     "palace_commit": "12d8069afb5aa9e169a17e303d735e120968e9f2",
palace	UNKNOWN STEP	2026-09-29T18:43:36.8207411Z     "palace_executable": "/home/runner/.cache/textlayout-palace/spack-opt/linux-x86_64_v3/palace-0.17.0-fc5grs6ugcjdbzpdpqbqsnmf6ejlq4hx/bin/palace",
palace	UNKNOWN STEP	2026-09-29T18:43:36.8208747Z     "palace_executable_sha256": "ad43ec030f51435f32150a5c72cb324ca03083d2ffc2f91405bbf41c6bc2240f",
palace	UNKNOWN STEP	2026-09-29T18:43:36.8209508Z     "spack_version": "1.1.0",
palace	UNKNOWN STEP	2026-09-29T18:43:36.8209986Z     "spack_commit": "0c2be44e4ece21eb091ad5de4c97716b7c6d4c87",
palace	UNKNOWN STEP	2026-09-29T18:43:36.8210649Z     "spack_packages_commit": "a2928a3376d286ddbf07da62847d5ba5b0fa3c67",
palace	UNKNOWN STEP	2026-09-29T18:43:36.8211459Z     "spack_environment": "external_tools/palace/spack.yaml",
palace	UNKNOWN STEP	2026-09-29T18:43:36.8212107Z     "spack_runtime_cache": "/home/runner/.cache/textlayout-palace",
palace	UNKNOWN STEP	2026-09-29T18:43:36.8212784Z     "install_tree": "/home/runner/.cache/textlayout-palace/spack-opt",
palace	UNKNOWN STEP	2026-09-29T18:43:36.8213470Z     "build_stage": "/home/runner/.cache/textlayout-palace/build-stage",
palace	UNKNOWN STEP	2026-09-29T18:43:36.8214034Z     "compiler_and_mpi_tail": [
palace	UNKNOWN STEP	2026-09-29T18:43:36.8215158Z       "[+] /home/runner/.cache/textlayout-palace/spack-opt/linux-x86_64_v3/palace-0.17.0-fc5grs6ugcjdbzpdpqbqsnmf6ejlq4hx",
palace	UNKNOWN STEP	2026-09-29T18:43:36.8216212Z       "==> Installing palace-0.17.0-fc5grs6ugcjdbzpdpqbqsnmf6ejlq4hx [63/63]",
palace	UNKNOWN STEP	2026-09-29T18:43:36.8217076Z       "==> Updating view at /home/runner/.cache/textlayout-palace/environment/.spack-env/view",
palace	UNKNOWN STEP	2026-09-29T18:43:36.8217795Z       "gcc (Ubuntu 13.3.0-6ubuntu2~24.04.1) 13.3.0",
palace	UNKNOWN STEP	2026-09-29T18:43:36.8218272Z       "g++ (Ubuntu 13.3.0-6ubuntu2~24.04.1) 13.3.0",
palace	UNKNOWN STEP	2026-09-29T18:43:36.8218766Z       "GNU Fortran (Ubuntu 13.3.0-6ubuntu2~24.04.1) 13.3.0",
palace	UNKNOWN STEP	2026-09-29T18:43:36.8219264Z       "mpirun (Open MPI) 4.1.6",
palace	UNKNOWN STEP	2026-09-29T18:43:36.8219634Z       ""
palace	UNKNOWN STEP	2026-09-29T18:43:36.8219900Z     ],
palace	UNKNOWN STEP	2026-09-29T18:43:36.8220239Z     "installed_at": "2026-09-29T18:43:21.397659+00:00",
palace	UNKNOWN STEP	2026-09-29T18:43:36.8220684Z     "reused": false,
palace	UNKNOWN STEP	2026-09-29T18:43:36.8221013Z     "gmsh_version": "4.15.2",
palace	UNKNOWN STEP	2026-09-29T18:43:36.8221613Z     "native_root": "/home/runner/.cache/textlayout-palace",
palace	UNKNOWN STEP	2026-09-29T18:43:36.8222792Z     "source_archive_path": "/home/runner/work/Text-to-Layout/Text-to-Layout/.tools/external/sources/palace-12d8069afb5aa9e169a17e303d735e120968e9f2.tar.gz",
palace	UNKNOWN STEP	2026-09-29T18:43:36.8224020Z     "source_archive_sha256": "169f7fe210ea6e771a29bfe0803dd84a774b25b00d2aa3a1f33b9d97a510ff9d",
palace	UNKNOWN STEP	2026-09-29T18:43:36.8224572Z     "mpi_version": "mpirun (Open MPI) 4.1.6",
palace	UNKNOWN STEP	2026-09-29T18:43:36.8224911Z     "compiler_versions": {
palace	UNKNOWN STEP	2026-09-29T18:43:36.8225224Z       "gcc": "gcc (Ubuntu 13.3.0-6ubuntu2~24.04.1) 13.3.0",
palace	UNKNOWN STEP	2026-09-29T18:43:36.8225600Z       "gxx": "g++ (Ubuntu 13.3.0-6ubuntu2~24.04.1) 13.3.0",
palace	UNKNOWN STEP	2026-09-29T18:43:36.8225981Z       "gfortran": "GNU Fortran (Ubuntu 13.3.0-6ubuntu2~24.04.1) 13.3.0"
palace	UNKNOWN STEP	2026-09-29T18:43:36.8226328Z     },
palace	UNKNOWN STEP	2026-09-29T18:43:36.8226583Z     "git_commit": "59e8c654c1cfcc84788b488daf0482682bcda2ba"
palace	UNKNOWN STEP	2026-09-29T18:43:36.8226888Z   },
palace	UNKNOWN STEP	2026-09-29T18:43:36.8227082Z   "gmsh": {
palace	UNKNOWN STEP	2026-09-29T18:43:36.8227284Z     "available": true,
palace	UNKNOWN STEP	2026-09-29T18:43:36.8227518Z     "version": "4.15.2",
palace	UNKNOWN STEP	2026-09-29T18:43:36.8227766Z     "expected_version": "4.15.2",
palace	UNKNOWN STEP	2026-09-29T18:43:36.8228255Z     "module": "/home/runner/work/Text-to-Layout/Text-to-Layout/.venv/lib/python3.12/site-packages/gmsh.py",
palace	UNKNOWN STEP	2026-09-29T18:43:36.8228878Z     "module_sha256": "f4b0935cebde899750293d87a643090e5ea33c9b18d249267f507db68a0e01c3"
palace	UNKNOWN STEP	2026-09-29T18:43:36.8229289Z   },
palace	UNKNOWN STEP	2026-09-29T18:43:36.8229492Z   "gmsh_version_valid": true
palace	UNKNOWN STEP	2026-09-29T18:43:36.8229737Z }
palace	UNKNOWN STEP	2026-09-29T18:43:36.8800696Z palace check state: SMOKE_TEST_PASSED
palace	UNKNOWN STEP	2026-09-29T18:43:36.8881876Z ##[group]Run mkdir -p out/toolchain
palace	UNKNOWN STEP	2026-09-29T18:43:36.8882461Z ^[[36;1mmkdir -p out/toolchain^[[0m
palace	UNKNOWN STEP	2026-09-29T18:43:36.8882721Z ^[[36;1m{^[[0m
palace	UNKNOWN STEP	2026-09-29T18:43:36.8882939Z ^[[36;1m  date -u +%FT%TZ^[[0m
palace	UNKNOWN STEP	2026-09-29T18:43:36.8883179Z ^[[36;1m  uname -a^[[0m
palace	UNKNOWN STEP	2026-09-29T18:43:36.8883400Z ^[[36;1m  free -m^[[0m
palace	UNKNOWN STEP	2026-09-29T18:43:36.8883614Z ^[[36;1m  df -h .^[[0m
palace	UNKNOWN STEP	2026-09-29T18:43:36.8883824Z ^[[36;1m  ulimit -a^[[0m
palace	UNKNOWN STEP	2026-09-29T18:43:36.8884086Z ^[[36;1m} > out/toolchain/runner_resources.txt^[[0m
palace	UNKNOWN STEP	2026-09-29T18:43:36.8884415Z ^[[36;1mcat out/toolchain/runner_resources.txt^[[0m
palace	UNKNOWN STEP	2026-09-29T18:43:36.8957076Z shell: /usr/bin/bash -e {0}
palace	UNKNOWN STEP	2026-09-29T18:43:36.8957354Z env:
palace	UNKNOWN STEP	2026-09-29T18:43:36.8957617Z   UV_CACHE_DIR: /home/runner/work/_temp/setup-uv-cache
palace	UNKNOWN STEP	2026-09-29T18:43:36.8957941Z ##[endgroup]
palace	UNKNOWN STEP	2026-09-29T18:43:36.9129460Z 2026-09-29T18:43:36Z
palace	UNKNOWN STEP	2026-09-29T18:43:36.9129959Z Linux runnervmtr4k5 6.17.0-1022-azure #22-Ubuntu SMP Mon Jul 27 17:24:03 UTC 2026 x86_64 x86_64 x86_64 GNU/Linux
palace	UNKNOWN STEP	2026-09-29T18:43:36.9130874Z                total        used        free      shared  buff/cache   available
palace	UNKNOWN STEP	2026-09-29T18:43:36.9131699Z Mem:           15989        1046        6628          51        8713       14943
palace	UNKNOWN STEP	2026-09-29T18:43:36.9132275Z Swap:           3071           0        3071
palace	UNKNOWN STEP	2026-09-29T18:43:36.9132822Z Filesystem      Size  Used Avail Use% Mounted on
palace	UNKNOWN STEP	2026-09-29T18:43:36.9133285Z /dev/root       145G   63G   82G  44% /
palace	UNKNOWN STEP	2026-09-29T18:43:36.9133778Z real-time non-blocking time  (microseconds, -R) unlimited
palace	UNKNOWN STEP	2026-09-29T18:43:36.9134285Z core file size              (blocks, -c) 0
palace	UNKNOWN STEP	2026-09-29T18:43:36.9134616Z data seg size               (kbytes, -d) unlimited
palace	UNKNOWN STEP	2026-09-29T18:43:36.9134938Z scheduling priority                 (-e) 0
palace	UNKNOWN STEP	2026-09-29T18:43:36.9135232Z file size                   (blocks, -f) unlimited
palace	UNKNOWN STEP	2026-09-29T18:43:36.9135538Z pending signals                     (-i) 63838
palace	UNKNOWN STEP	2026-09-29T18:43:36.9135850Z max locked memory           (kbytes, -l) 8192
palace	UNKNOWN STEP	2026-09-29T18:43:36.9136171Z max memory size             (kbytes, -m) unlimited
palace	UNKNOWN STEP	2026-09-29T18:43:36.9136470Z open files                          (-n) 65536
palace	UNKNOWN STEP	2026-09-29T18:43:36.9136765Z pipe size                (512 bytes, -p) 8
palace	UNKNOWN STEP	2026-09-29T18:43:36.9137065Z POSIX message queues         (bytes, -q) 819200
palace	UNKNOWN STEP	2026-09-29T18:43:36.9137366Z real-time priority                  (-r) 0
palace	UNKNOWN STEP	2026-09-29T18:43:36.9137671Z stack size                  (kbytes, -s) 16384
palace	UNKNOWN STEP	2026-09-29T18:43:36.9137979Z cpu time                   (seconds, -t) unlimited
palace	UNKNOWN STEP	2026-09-29T18:43:36.9138331Z max user processes                  (-u) 63838
palace	UNKNOWN STEP	2026-09-29T18:43:36.9138653Z virtual memory              (kbytes, -v) unlimited
palace	UNKNOWN STEP	2026-09-29T18:43:36.9138969Z file locks                          (-x) unlimited
palace	UNKNOWN STEP	2026-09-29T18:43:36.9202784Z ##[group]Run actions/upload-artifact@v4
palace	UNKNOWN STEP	2026-09-29T18:43:36.9203082Z with:
palace	UNKNOWN STEP	2026-09-29T18:43:36.9203312Z   name: palace-pre-benchmark-1
palace	UNKNOWN STEP	2026-09-29T18:43:36.9204129Z   path: .tools/palace/install.json
palace	UNKNOWN STEP	out/toolchain/*.json
palace	UNKNOWN STEP	out/toolchain/*.txt
palace	UNKNOWN STEP	out/toolchain/*.log
palace	UNKNOWN STEP	out/toolchain/palace_smoke/*.json
palace	UNKNOWN STEP	out/toolchain/palace_smoke/*.txt
palace	UNKNOWN STEP	out/toolchain/palace_smoke/postpro/eigenmode/*.csv
palace	UNKNOWN STEP	
palace	UNKNOWN STEP	2026-09-29T18:43:36.9204964Z   include-hidden-files: true
palace	UNKNOWN STEP	2026-09-29T18:43:36.9205221Z   if-no-files-found: error
palace	UNKNOWN STEP	2026-09-29T18:43:36.9205463Z   retention-days: 30
palace	UNKNOWN STEP	2026-09-29T18:43:36.9205692Z   compression-level: 6
palace	UNKNOWN STEP	2026-09-29T18:43:36.9205923Z   overwrite: false
palace	UNKNOWN STEP	2026-09-29T18:43:36.9206128Z env:
palace	UNKNOWN STEP	2026-09-29T18:43:36.9206374Z   UV_CACHE_DIR: /home/runner/work/_temp/setup-uv-cache
palace	UNKNOWN STEP	2026-09-29T18:43:36.9206691Z ##[endgroup]
palace	UNKNOWN STEP	2026-09-29T18:43:37.0889243Z (node:679550) [DEP0040] DeprecationWarning: The `punycode` module is deprecated. Please use a userland alternative instead.
palace	UNKNOWN STEP	2026-09-29T18:43:37.0890210Z (Use `node --trace-deprecation ...` to show where the warning was created)
palace	UNKNOWN STEP	2026-09-29T18:43:37.1040557Z Multiple search paths detected. Calculating the least common ancestor of all paths
palace	UNKNOWN STEP	2026-09-29T18:43:37.1043206Z The least common ancestor is /home/runner/work/Text-to-Layout/Text-to-Layout. This will be the root directory of the artifact
palace	UNKNOWN STEP	2026-09-29T18:43:37.1044557Z With the provided path, there will be 16 files uploaded
palace	UNKNOWN STEP	2026-09-29T18:43:37.1048793Z Artifact name is valid!
palace	UNKNOWN STEP	2026-09-29T18:43:37.1049803Z Root directory input is valid!
palace	UNKNOWN STEP	2026-09-29T18:43:37.5006111Z Beginning upload of artifact content to blob storage
palace	UNKNOWN STEP	2026-09-29T18:43:37.5466444Z (node:679550) [DEP0169] DeprecationWarning: `url.parse()` behavior is not standardized and prone to errors that have security implications. Use the WHATWG URL API instead. CVEs are not issued for `url.parse()` vulnerabilities.
palace	UNKNOWN STEP	2026-09-29T18:43:37.8924139Z Uploaded bytes 27657
palace	UNKNOWN STEP	2026-09-29T18:43:37.9769552Z Finished uploading artifact content to blob storage!
palace	UNKNOWN STEP	2026-09-29T18:43:37.9770363Z SHA256 digest of uploaded artifact zip is 4664174edba4419f9a6179b5179f0a3e2fda6620fe8de30a8460dff63b3273fd
palace	UNKNOWN STEP	2026-09-29T18:43:37.9772914Z Finalizing artifact upload
palace	UNKNOWN STEP	2026-09-29T18:43:38.2553592Z Artifact palace-pre-benchmark-1.zip successfully finalized. Artifact ID 11054263143
palace	UNKNOWN STEP	2026-09-29T18:43:38.2554932Z Artifact palace-pre-benchmark-1 has been successfully uploaded! Final size is 27657 bytes. Artifact ID is 11054263143
palace	UNKNOWN STEP	2026-09-29T18:43:38.2572291Z Artifact download URL: https://github.com/JungluChen/Text-to-Layout/actions/runs/36604920743/artifacts/11054263143
palace	UNKNOWN STEP	2026-09-29T18:43:38.2723595Z ##[group]Run # Observe without owning or changing the solver command. On shell exit,
palace	UNKNOWN STEP	2026-09-29T18:43:38.2724208Z ^[[36;1m# Observe without owning or changing the solver command. On shell exit,^[[0m
palace	UNKNOWN STEP	2026-09-29T18:43:38.2724725Z ^[[36;1m# stop only this observer; retain the benchmark's original exit status.^[[0m
palace	UNKNOWN STEP	2026-09-29T18:43:38.2725185Z ^[[36;1m.venv/bin/python -u scripts/observe_palace_ci.py \^[[0m
palace	UNKNOWN STEP	2026-09-29T18:43:38.2725554Z ^[[36;1m  --run out/palace_resonator_v017 \^[[0m
palace	UNKNOWN STEP	2026-09-29T18:43:38.2725903Z ^[[36;1m  --output out/toolchain/palace_runtime.txt &^[[0m
palace	UNKNOWN STEP	2026-09-29T18:43:38.2726229Z ^[[36;1mobserver_pid=$!^[[0m
palace	UNKNOWN STEP	2026-09-29T18:43:38.2726652Z ^[[36;1mtrap 'kill "$observer_pid" 2>/dev/null || true; wait "$observer_pid" 2>/dev/null || true' EXIT^[[0m
palace	UNKNOWN STEP	2026-09-29T18:43:38.2727153Z ^[[36;1muv run textlayout simulate palace-resonator \^[[0m
palace	UNKNOWN STEP	2026-09-29T18:43:38.2727515Z ^[[36;1m  --out out/palace_resonator_v017 \^[[0m
palace	UNKNOWN STEP	2026-09-29T18:43:38.2727807Z ^[[36;1m  --processes 2 \^[[0m
palace	UNKNOWN STEP	2026-09-29T18:43:38.2728098Z ^[[36;1m  --mesh-scale 4.0 \^[[0m
palace	UNKNOWN STEP	2026-09-29T18:43:38.2728358Z ^[[36;1m  --amr-iterations 4^[[0m
palace	UNKNOWN STEP	2026-09-29T18:43:38.2801211Z shell: /usr/bin/bash -e {0}
palace	UNKNOWN STEP	2026-09-29T18:43:38.2801622Z env:
palace	UNKNOWN STEP	2026-09-29T18:43:38.2801889Z   UV_CACHE_DIR: /home/runner/work/_temp/setup-uv-cache
palace	UNKNOWN STEP	2026-09-29T18:43:38.2802221Z ##[endgroup]
palace	UNKNOWN STEP	2026-09-29T18:43:38.3406802Z {"schema": "textlayout.palace-ci-observation.v1", "timestamp": "2026-09-29T18:43:38.323234+00:00", "scope": "host/process diagnostics; not numerical validation", "meminfo": {"unavailable": "OSError"}, "files": {"toolchain.json": {"unavailable": "FileNotFoundError"}, "resource_decision.json": {"unavailable": "FileNotFoundError"}, "run_manifest.json": {"unavailable": "FileNotFoundError"}, "base_mesh/mesh_metrics.json": {"unavailable": "FileNotFoundError"}, "base_mesh/palace_amr.json": {"unavailable": "FileNotFoundError"}, "base_mesh/palace.stdout.txt": {"unavailable": "FileNotFoundError"}, "base_mesh/palace.stderr.txt": {"unavailable": "FileNotFoundError"}, "base_mesh/resource_summary.json": {"unavailable": "FileNotFoundError"}, "base_mesh/resource_samples.json": {"unavailable": "FileNotFoundError"}}, "cgroup_path": "/system.slice/hosted-compute-agent.service", "cgroup_memory": {"memory.current": {"size_bytes": 0, "tail": "6857175040\n", "truncated": false}, "memory.peak": {"size_bytes": 0, "tail": "10793062400\n", "truncated": false}, "memory.max": {"size_bytes": 0, "tail": "max\n", "truncated": false}, "memory.events": {"size_bytes": 0, "tail": "low 0\nhigh 0\nmax 0\noom 0\noom_kill 0\noom_group_kill 0\n", "truncated": false}}, "process_columns": "pid ppid rss_KiB vsz_KiB cpu_percent command_name", "largest_processes": ["   2046    2044 161196 1431384 0.3 provjobd1305015", "   2112    2090 151120 274614784 0.5 Runner.Worker", "   2090    2032 120860 274345468 0.0 Runner.Listener", "   1154       1 72680 2127092 0.0 dockerd", "    987       1 51748 295280  0.0 php-fpm8.3", " 679564  679562 47408 219128 25.0 uv", "   1063       1 46124 1960992 0.0 containerd", "    225       1 43716 305388  0.0 multipathd", "   1712    1021 37424 454656  0.0 python3", "   1021       1 31100  39480  0.0 python3", "   1245     987 21524 295884  0.0 php-fpm8.3", "   1244     987 21520 295880  0.0 php-fpm8.3"]}
palace	UNKNOWN STEP	2026-09-29T18:44:08.3614062Z {"schema": "textlayout.palace-ci-observation.v1", "timestamp": "2026-09-29T18:44:08.340087+00:00", "scope": "host/process diagnostics; not numerical validation", "meminfo": {"unavailable": "OSError"}, "files": {"toolchain.json": {"size_bytes": 3922, "tail": "{\n  \"capability\": {\n    \"available\": true,\n    \"container_digest\": null,\n    \"container_engine\": null,\n    \"container_image\": null,\n    \"executable\": \"/home/runner/.cache/textlayout-palace/spack-opt/linux-x86_64_v3/palace-0.17.0-fc5grs6ugcjdbzpdpqbqsnmf6ejlq4hx/bin/palace\",\n    \"executable_sha256\": \"ad43ec030f51435f32150a5c72cb324ca03083d2ffc2f91405bbf41c6bc2240f\",\n    \"execution_kind\": \"executable\",\n    \"identified\": true,\n    \"mpi_launcher\": \"/usr/bin/mpirun\",\n    \"status\": \"AVAILABLE\",\n    \"unavailable_reason\": null,\n    \"version\": \"0.17.0\"\n  },\n  \"generated_at\": \"2026-09-29T18:43:39+00:00\",\n  \"git_commit\": \"59e8c654c1cfcc84788b488daf0482682bcda2ba\",\n  \"gmsh\": {\n    \"available\": true,\n    \"expected_version\": \"4.15.2\",\n    \"module\": \"/home/runner/work/Text-to-Layout/Text-to-Layout/.venv/lib/python3.12/site-packages/gmsh.py\",\n    \"module_sha256\": \"f4b0935cebde899750293d87a643090e5ea33c9b18d249267f507db68a0e01c3\",\n    \"version\": \"4.15.2\"\n  },\n  \"install_record\": {\n    \"build_stage\": \"/home/runner/.cache/textlayout-palace/build-stage\",\n    \"compiler_and_mpi_tail\": [\n      \"[+] /home/runner/.cache/textlayout-palace/spack-opt/linux-x86_64_v3/palace-0.17.0-fc5grs6ugcjdbzpdpqbqsnmf6ejlq4hx\",\n      \"==> Installing palace-0.17.0-fc5grs6ugcjdbzpdpqbqsnmf6ejlq4hx [63/63]\",\n      \"==> Updating view at /home/runner/.cache/textlayout-palace/environment/.spack-env/view\",\n      \"gcc (Ubuntu 13.3.0-6ubuntu2~24.04.1) 13.3.0\",\n      \"g++ (Ubuntu 13.3.0-6ubuntu2~24.04.1) 13.3.0\",\n      \"GNU Fortran (Ubuntu 13.3.0-6ubuntu2~24.04.1) 13.3.0\",\n      \"mpirun (Open MPI) 4.1.6\",\n      \"\"\n    ],\n    \"compiler_versions\": {\n      \"gcc\": \"gcc (Ubuntu 13.3.0-6ubuntu2~24.04.1) 13.3.0\",\n      \"gfortran\": \"GNU Fortran (Ubuntu 13.3.0-6ubuntu2~24.04.1) 13.3.0\",\n      \"gxx\": \"g++ (Ubuntu 13.3.0-6ubuntu2~24.04.1) 13.3.0\"\n    },\n    \"git_commit\": \"59e8c654c1cfcc84788b488daf0482682bcda2ba\",\n    \"gmsh\": {\n      \"available\": true,\n      \"expected_version\": \"4.15.2\",\n      \"module\": \"/home/runner/work/Text-to-Layout/Text-to-Layout/.venv/lib/python3.12/site-packages/gmsh.py\",\n      \"module_sha256\": \"f4b0935cebde899750293d87a643090e5ea33c9b18d249267f507db68a0e01c3\",\n      \"version\": \"4.15.2\"\n    },\n    \"gmsh_version\": \"4.15.2\",\n    \"install_tree\": \"/home/runner/.cache/textlayout-palace/spack-opt\",\n    \"installed_at\": \"2026-09-29T18:43:21.397659+00:00\",\n    \"mpi_version\": \"mpirun (Open MPI) 4.1.6\",\n    \"native_root\": \"/home/runner/.cache/textlayout-palace\",\n    \"palace_commit\": \"12d8069afb5aa9e169a17e303d735e120968e9f2\",\n    \"palace_executable\": \"/home/runner/.cache/textlayout-palace/spack-opt/linux-x86_64_v3/palace-0.17.0-fc5grs6ugcjdbzpdpqbqsnmf6ejlq4hx/bin/palace\",\n    \"palace_executable_sha256\": \"ad43ec030f51435f32150a5c72cb324ca03083d2ffc2f91405bbf41c6bc2240f\",\n    \"palace_version\": \"0.17.0\",\n    \"requested_version\": \"0.17.0\",\n    \"reused\": false,\n    \"schema\": \"textlayout.palace-install.v1\",\n    \"source_archive\": {\n      \"available\": true,\n      \"path\": \"/home/runner/work/Text-to-Layout/Text-to-Layout/.tools/external/sources/palace-12d8069afb5aa9e169a17e303d735e120968e9f2.tar.gz\",\n      \"sha256\": \"169f7fe210ea6e771a29bfe0803dd84a774b25b00d2aa3a1f33b9d97a510ff9d\",\n      \"size_bytes\": 47331791\n    },\n    \"source_archive_path\": \"/home/runner/work/Text-to-Layout/Text-to-Layout/.tools/external/sources/palace-12d8069afb5aa9e169a17e303d735e120968e9f2.tar.gz\",\n    \"source_archive_sha256\": \"169f7fe210ea6e771a29bfe0803dd84a774b25b00d2aa3a1f33b9d97a510ff9d\",\n    \"spack_commit\": \"0c2be44e4ece21eb091ad5de4c97716b7c6d4c87\",\n    \"spack_environment\": \"external_tools/palace/spack.yaml\",\n    \"spack_packages_commit\": \"a2928a3376d286ddbf07da62847d5ba5b0fa3c67\",\n    \"spack_runtime_cache\": \"/home/runner/.cache/textlayout-palace\",\n    \"spack_version\": \"1.1.0\",\n    \"status\": \"INSTALLED\",\n    \"strategy\": \"pinned_spack_wsl\"\n  },\n  \"required_palace_version\": \"0.17.0\",\n  \"schema\": \"textlayout.palace-toolchain.v1\"\n}\n", "truncated": false}, "resource_decision.json": {"size_bytes": 288, "tail": "{\n  \"accepted_processes\": 2,\n  \"available_mb\": 14806,\n  \"memory_tier\": \"unknown\",\n  \"preflight_peak_mb\": null,\n  \"rationale\": \"no peak-memory estimate available; honouring the requested count\",\n  \"requested_processes\": 2,\n  \"timestamp\": \"2026-09-29T18:43:39+00:00\",\n  \"total_mb\": 15989\n}\n", "truncated": false}, "run_manifest.json": {"unavailable": "FileNotFoundError"}, "base_mesh/mesh_metrics.json": {"size_bytes": 401, "tail": "{\n  \"element_count\": 206137,\n  \"extents\": {\n    \"lateral_margin_um\": 100.0,\n    \"lid_height_um\": 450.0,\n    \"substrate_thickness_um\": 300.0,\n    \"vacuum_height_um\": 300.0\n  },\n  \"mean_quality\": 0.7263143756565194,\n  \"mesh_scale\": 4.0,\n  \"mesh_sha256\": \"d2c7eee442ccec0b5acf7a37a98b61dd305b53bafb68f0d43dab3ba0dc2b069e\",\n  \"minimum_quality\": 0.15838171066132758,\n  \"runtime_seconds\": 7.7689208339998\n}\n", "truncated": false}, "base_mesh/palace_amr.json": {"size_bytes": 2038, "tail": "{\n  \"Boundaries\": {\n    \"PEC\": {\n      \"Attributes\": [\n        10,\n        11,\n        12,\n        30,\n        31\n      ]\n    }\n  },\n  \"Domains\": {\n    \"Materials\": [\n      {\n        \"Attributes\": [\n          1\n        ],\n        \"LossTan\": 1e-06,\n        \"Permeability\": 1.0,\n        \"Permittivity\": 11.45\n      },\n      {\n        \"Attributes\": [\n          2\n        ],\n        \"LossTan\": 1e-06,\n        \"Permeability\": 1.0,\n        \"Permittivity\": 11.45\n      },\n      {\n        \"Attributes\": [\n          3\n        ],\n        \"Permeability\": 1.0,\n        \"Permittivity\": 1.0\n      },\n      {\n        \"Attributes\": [\n          4\n        ],\n        \"Permeability\": 1.0,\n        \"Permittivity\": 1.0\n      },\n      {\n        \"Attributes\": [\n          5\n        ],\n        \"Permeability\": 1.0,\n        \"Permittivity\": 1.0\n      }\n    ],\n    \"Postprocessing\": {\n      \"Energy\": [\n        {\n          \"Attributes\": [\n            1\n          ],\n          \"Index\": 1\n        },\n        {\n          \"Attributes\": [\n            2\n          ],\n          \"Index\": 2\n        },\n        {\n          \"Attributes\": [\n            3\n          ],\n          \"Index\": 3\n        },\n        {\n          \"Attributes\": [\n            4\n          ],\n          \"Index\": 4\n        },\n        {\n          \"Attributes\": [\n            5\n          ],\n          \"Index\": 5\n        }\n      ]\n    }\n  },\n  \"Model\": {\n    \"L0\": 1e-06,\n    \"Mesh\": \"quarter_wave_base.msh\",\n    \"Refinement\": {\n      \"MaxIts\": 4,\n      \"Nonconformal\": false,\n      \"SaveAdaptIterations\": true,\n      \"SaveAdaptMesh\": true,\n      \"Tol\": 0.0001,\n      \"UpdateFraction\": 0.7\n    }\n  },\n  \"Problem\": {\n    \"Output\": \"postpro\",\n    \"OutputFormats\": {\n      \"GridFunction\": true,\n      \"Paraview\": true\n    },\n    \"Type\": \"Eigenmode\",\n    \"Verbose\": 2\n  },\n  \"Solver\": {\n    \"Device\": \"CPU\",\n    \"Eigenmode\": {\n      \"N\": 4,\n      \"Save\": 4,\n      \"Target\": 2.7,\n      \"Tol\": 1e-09\n    },\n    \"Linear\": {\n      \"MaxIts\": 1000,\n      \"Tol\": 1e-09,\n      \"Type\": \"Default\"\n    },\n    \"Order\": 1\n  }\n}\n", "truncated": false}, "base_mesh/palace.stdout.txt": {"size_bytes": 2363, "tail": ">> /usr/bin/mpirun -n 2 /home/runner/.cache/textlayout-palace/spack-opt/linux-x86_64_v3/palace-0.17.0-fc5grs6ugcjdbzpdpqbqsnmf6ejlq4hx/bin/palace-x86_64.bin palace_amr.json\n\n_____________     _______\n_____   __   \\____ __   /____ ____________\n____   /_/  /  __ ` /  /  __ ` /  ___/  _ \\\n___   _____/  /_/  /  /  /_/  /  /__/  ___/\n  /__/     \\___,__/__/\\___,__/\\_____\\_____/\n\nGit changeset ID: v0.17.0\nRunning with 2 MPI processes\nDevice configuration: cpu\nMemory configuration: host-std\nlibCEED backend: /cpu/self/avx/blocked\n\nAdded 182 elements in 1 iterations of local bisection for under-resolved interior boundaries\nAdded 3718 duplicate vertices for interior boundaries in the mesh\nAdded 10549 duplicate boundary elements for interior boundaries in the mesh\nAdded 5282 boundary elements for material interfaces to the mesh\n\nCharacteristic length and time scales:\n Lc = 5.188e-03 m, tc = 1.731e-02 ns\nFinished partitioning mesh into 2 subdomains\n\nMesh curvature order: 1\nMesh bounding box:\n (Xmin, Ymin, Zmin) = (-2.500e-04, -1.000e-04, -3.000e-04) m\n (Xmax, Ymax, Zmax) = (+2.500e-04, +5.088e-03, +4.500e-04) m\n\nParallel Mesh Stats:\n\n                minimum     average     maximum       total\n vertices         19660       19795       19931       39591\n edges           128569      129068      129568      258137\n faces           212042      212432      212823      424865\n elements        103134      103159      103185      206319\n neighbors            1           1           1\n\n            minimum     maximum\n h      0.000602285   0.0491128\n kappa      1.06686     16.9084\n\nEstimated current per-rank memory usage is: Min. 71.7M, Max. 194.1M, Avg. 132.9M, Total 265.7M\nEstimated current per-node memory usage is: Min. 265.9M, Max. 265.9M, Avg. 265.9M, Total 265.9M\n\nConfiguring Dirichlet PEC BC at attributes:\n 10-12, 30-31\n\nAssembling system matrices, number of global unknowns:\n H1 (p = 1): 39591, ND (p = 1): 258137, RT (p = 1): 424865\n Operator assembly level: Partial\n Mesh geometries:\n  Tetrahedron: P = 6, Q = 4 (quadrature order = 2)\n\nConfiguring ARPACK eigenvalue solver:\n Scaling \u03b3 = 1.416e+05, \u03b4 = 4.055e-05\n Configuring divergence-free projection\n Using random starting vector\n Shift-and-invert \u03c3 = 2.700e+00 GHz (2.936e-01)\n\nAssembling multigrid hierarchy:\n Level 0 (p = 1): 258137 unknowns\n Level 0 (auxiliary) (p = 1): 39591 unknowns\n", "truncated": false}, "base_mesh/palace.stderr.txt": {"size_bytes": 0, "tail": "", "truncated": false}, "base_mesh/resource_summary.json": {"unavailable": "FileNotFoundError"}, "base_mesh/resource_samples.json": {"unavailable": "FileNotFoundError"}}, "cgroup_path": "/system.slice/hosted-compute-agent.service", "cgroup_memory": {"memory.current": {"size_bytes": 0, "tail": "8207777792\n", "truncated": false}, "memory.peak": {"size_bytes": 0, "tail": "10793062400\n", "truncated": false}, "memory.max": {"size_bytes": 0, "tail": "max\n", "truncated": false}, "memory.events": {"size_bytes": 0, "tail": "low 0\nhigh 0\nmax 0\noom 0\noom_kill 0\noom_group_kill 0\n", "truncated": false}}, "process_columns": "pid ppid rss_KiB vsz_KiB cpu_percent command_name", "largest_processes": [" 679867  679825 648292 970008 99.9 palace-x86_64.b", " 679870  679825 641668 980024 100 palace-x86_64.b", " 679567  679564 165884 1295176 30.5 textlayout", "   2046    2044 163552 1431384 0.3 provjobd1305015", "   2112    2090 151140 274614768 0.5 Runner.Worker", "   2090    2032 120904 274345452 0.0 Runner.Listener", "   1154       1 72680 2127092 0.0 dockerd", "    987       1 51748 295280  0.0 php-fpm8.3", " 679564  679562 46444 219116  0.0 uv", "   1063       1 46124 1960992 0.0 containerd", "    225       1 43716 305388  0.0 multipathd", "   1712    1021 37424 454656  0.0 python3"]}
palace	UNKNOWN STEP	2026-09-29T18:44:38.3780392Z {"schema": "textlayout.palace-ci-observation.v1", "timestamp": "2026-09-29T18:44:38.355654+00:00", "scope": "host/process diagnostics; not numerical validation", "meminfo": {"unavailable": "OSError"}, "files": {"toolchain.json": {"size_bytes": 3922, "tail": "{\n  \"capability\": {\n    \"available\": true,\n    \"container_digest\": null,\n    \"container_engine\": null,\n    \"container_image\": null,\n    \"executable\": \"/home/runner/.cache/textlayout-palace/spack-opt/linux-x86_64_v3/palace-0.17.0-fc5grs6ugcjdbzpdpqbqsnmf6ejlq4hx/bin/palace\",\n    \"executable_sha256\": \"ad43ec030f51435f32150a5c72cb324ca03083d2ffc2f91405bbf41c6bc2240f\",\n    \"execution_kind\": \"executable\",\n    \"identified\": true,\n    \"mpi_launcher\": \"/usr/bin/mpirun\",\n    \"status\": \"AVAILABLE\",\n    \"unavailable_reason\": null,\n    \"version\": \"0.17.0\"\n  },\n  \"generated_at\": \"2026-09-29T18:43:39+00:00\",\n  \"git_commit\": \"59e8c654c1cfcc84788b488daf0482682bcda2ba\",\n  \"gmsh\": {\n    \"available\": true,\n    \"expected_version\": \"4.15.2\",\n    \"module\": \"/home/runner/work/Text-to-Layout/Text-to-Layout/.venv/lib/python3.12/site-packages/gmsh.py\",\n    \"module_sha256\": \"f4b0935cebde899750293d87a643090e5ea33c9b18d249267f507db68a0e01c3\",\n    \"version\": \"4.15.2\"\n  },\n  \"install_record\": {\n    \"build_stage\": \"/home/runner/.cache/textlayout-palace/build-stage\",\n    \"compiler_and_mpi_tail\": [\n      \"[+] /home/runner/.cache/textlayout-palace/spack-opt/linux-x86_64_v3/palace-0.17.0-fc5grs6ugcjdbzpdpqbqsnmf6ejlq4hx\",\n      \"==> Installing palace-0.17.0-fc5grs6ugcjdbzpdpqbqsnmf6ejlq4hx [63/63]\",\n      \"==> Updating view at /home/runner/.cache/textlayout-palace/environment/.spack-env/view\",\n      \"gcc (Ubuntu 13.3.0-6ubuntu2~24.04.1) 13.3.0\",\n      \"g++ (Ubuntu 13.3.0-6ubuntu2~24.04.1) 13.3.0\",\n      \"GNU Fortran (Ubuntu 13.3.0-6ubuntu2~24.04.1) 13.3.0\",\n      \"mpirun (Open MPI) 4.1.6\",\n      \"\"\n    ],\n    \"compiler_versions\": {\n      \"gcc\": \"gcc (Ubuntu 13.3.0-6ubuntu2~24.04.1) 13.3.0\",\n      \"gfortran\": \"GNU Fortran (Ubuntu 13.3.0-6ubuntu2~24.04.1) 13.3.0\",\n      \"gxx\": \"g++ (Ubuntu 13.3.0-6ubuntu2~24.04.1) 13.3.0\"\n    },\n    \"git_commit\": \"59e8c654c1cfcc84788b488daf0482682bcda2ba\",\n    \"gmsh\": {\n      \"available\": true,\n      \"expected_version\": \"4.15.2\",\n      \"module\": \"/home/runner/work/Text-to-Layout/Text-to-Layout/.venv/lib/python3.12/site-packages/gmsh.py\",\n      \"module_sha256\": \"f4b0935cebde899750293d87a643090e5ea33c9b18d249267f507db68a0e01c3\",\n      \"version\": \"4.15.2\"\n    },\n    \"gmsh_version\": \"4.15.2\",\n    \"install_tree\": \"/home/runner/.cache/textlayout-palace/spack-opt\",\n    \"installed_at\": \"2026-09-29T18:43:21.397659+00:00\",\n    \"mpi_version\": \"mpirun (Open MPI) 4.1.6\",\n    \"native_root\": \"/home/runner/.cache/textlayout-palace\",\n    \"palace_commit\": \"12d8069afb5aa9e169a17e303d735e120968e9f2\",\n    \"palace_executable\": \"/home/runner/.cache/textlayout-palace/spack-opt/linux-x86_64_v3/palace-0.17.0-fc5grs6ugcjdbzpdpqbqsnmf6ejlq4hx/bin/palace\",\n    \"palace_executable_sha256\": \"ad43ec030f51435f32150a5c72cb324ca03083d2ffc2f91405bbf41c6bc2240f\",\n    \"palace_version\": \"0.17.0\",\n    \"requested_version\": \"0.17.0\",\n    \"reused\": false,\n    \"schema\": \"textlayout.palace-install.v1\",\n    \"source_archive\": {\n      \"available\": true,\n      \"path\": \"/home/runner/work/Text-to-Layout/Text-to-Layout/.tools/external/sources/palace-12d8069afb5aa9e169a17e303d735e120968e9f2.tar.gz\",\n      \"sha256\": \"169f7fe210ea6e771a29bfe0803dd84a774b25b00d2aa3a1f33b9d97a510ff9d\",\n      \"size_bytes\": 47331791\n    },\n    \"source_archive_path\": \"/home/runner/work/Text-to-Layout/Text-to-Layout/.tools/external/sources/palace-12d8069afb5aa9e169a17e303d735e120968e9f2.tar.gz\",\n    \"source_archive_sha256\": \"169f7fe210ea6e771a29bfe0803dd84a774b25b00d2aa3a1f33b9d97a510ff9d\",\n    \"spack_commit\": \"0c2be44e4ece21eb091ad5de4c97716b7c6d4c87\",\n    \"spack_environment\": \"external_tools/palace/spack.yaml\",\n    \"spack_packages_commit\": \"a2928a3376d286ddbf07da62847d5ba5b0fa3c67\",\n    \"spack_runtime_cache\": \"/home/runner/.cache/textlayout-palace\",\n    \"spack_version\": \"1.1.0\",\n    \"status\": \"INSTALLED\",\n    \"strategy\": \"pinned_spack_wsl\"\n  },\n  \"required_palace_version\": \"0.17.0\",\n  \"schema\": \"textlayout.palace-toolchain.v1\"\n}\n", "truncated": false}, "resource_decision.json": {"size_bytes": 288, "tail": "{\n  \"accepted_processes\": 2,\n  \"available_mb\": 14806,\n  \"memory_tier\": \"unknown\",\n  \"preflight_peak_mb\": null,\n  \"rationale\": \"no peak-memory estimate available; honouring the requested count\",\n  \"requested_processes\": 2,\n  \"timestamp\": \"2026-09-29T18:43:39+00:00\",\n  \"total_mb\": 15989\n}\n", "truncated": false}, "run_manifest.json": {"unavailable": "FileNotFoundError"}, "base_mesh/mesh_metrics.json": {"size_bytes": 401, "tail": "{\n  \"element_count\": 206137,\n  \"extents\": {\n    \"lateral_margin_um\": 100.0,\n    \"lid_height_um\": 450.0,\n    \"substrate_thickness_um\": 300.0,\n    \"vacuum_height_um\": 300.0\n  },\n  \"mean_quality\": 0.7263143756565194,\n  \"mesh_scale\": 4.0,\n  \"mesh_sha256\": \"d2c7eee442ccec0b5acf7a37a98b61dd305b53bafb68f0d43dab3ba0dc2b069e\",\n  \"minimum_quality\": 0.15838171066132758,\n  \"runtime_seconds\": 7.7689208339998\n}\n", "truncated": false}, "base_mesh/palace_amr.json": {"size_bytes": 2038, "tail": "{\n  \"Boundaries\": {\n    \"PEC\": {\n      \"Attributes\": [\n        10,\n        11,\n        12,\n        30,\n        31\n      ]\n    }\n  },\n  \"Domains\": {\n    \"Materials\": [\n      {\n        \"Attributes\": [\n          1\n        ],\n        \"LossTan\": 1e-06,\n        \"Permeability\": 1.0,\n        \"Permittivity\": 11.45\n      },\n      {\n        \"Attributes\": [\n          2\n        ],\n        \"LossTan\": 1e-06,\n        \"Permeability\": 1.0,\n        \"Permittivity\": 11.45\n      },\n      {\n        \"Attributes\": [\n          3\n        ],\n        \"Permeability\": 1.0,\n        \"Permittivity\": 1.0\n      },\n      {\n        \"Attributes\": [\n          4\n        ],\n        \"Permeability\": 1.0,\n        \"Permittivity\": 1.0\n      },\n      {\n        \"Attributes\": [\n          5\n        ],\n        \"Permeability\": 1.0,\n        \"Permittivity\": 1.0\n      }\n    ],\n    \"Postprocessing\": {\n      \"Energy\": [\n        {\n          \"Attributes\": [\n            1\n          ],\n          \"Index\": 1\n        },\n        {\n          \"Attributes\": [\n            2\n          ],\n          \"Index\": 2\n        },\n        {\n          \"Attributes\": [\n            3\n          ],\n          \"Index\": 3\n        },\n        {\n          \"Attributes\": [\n            4\n          ],\n          \"Index\": 4\n        },\n        {\n          \"Attributes\": [\n            5\n          ],\n          \"Index\": 5\n        }\n      ]\n    }\n  },\n  \"Model\": {\n    \"L0\": 1e-06,\n    \"Mesh\": \"quarter_wave_base.msh\",\n    \"Refinement\": {\n      \"MaxIts\": 4,\n      \"Nonconformal\": false,\n      \"SaveAdaptIterations\": true,\n      \"SaveAdaptMesh\": true,\n      \"Tol\": 0.0001,\n      \"UpdateFraction\": 0.7\n    }\n  },\n  \"Problem\": {\n    \"Output\": \"postpro\",\n    \"OutputFormats\": {\n      \"GridFunction\": true,\n      \"Paraview\": true\n    },\n    \"Type\": \"Eigenmode\",\n    \"Verbose\": 2\n  },\n  \"Solver\": {\n    \"Device\": \"CPU\",\n    \"Eigenmode\": {\n      \"N\": 4,\n      \"Save\": 4,\n      \"Target\": 2.7,\n      \"Tol\": 1e-09\n    },\n    \"Linear\": {\n      \"MaxIts\": 1000,\n      \"Tol\": 1e-09,\n      \"Type\": \"Default\"\n    },\n    \"Order\": 1\n  }\n}\n", "truncated": false}, "base_mesh/palace.stdout.txt": {"size_bytes": 5264, "tail": "verage     maximum       total\n vertices         19660       19795       19931       39591\n edges           128569      129068      129568      258137\n faces           212042      212432      212823      424865\n elements        103134      103159      103185      206319\n neighbors            1           1           1\n\n            minimum     maximum\n h      0.000602285   0.0491128\n kappa      1.06686     16.9084\n\nEstimated current per-rank memory usage is: Min. 71.7M, Max. 194.1M, Avg. 132.9M, Total 265.7M\nEstimated current per-node memory usage is: Min. 265.9M, Max. 265.9M, Avg. 265.9M, Total 265.9M\n\nConfiguring Dirichlet PEC BC at attributes:\n 10-12, 30-31\n\nAssembling system matrices, number of global unknowns:\n H1 (p = 1): 39591, ND (p = 1): 258137, RT (p = 1): 424865\n Operator assembly level: Partial\n Mesh geometries:\n  Tetrahedron: P = 6, Q = 4 (quadrature order = 2)\n\nConfiguring ARPACK eigenvalue solver:\n Scaling \u03b3 = 1.416e+05, \u03b4 = 4.055e-05\n Configuring divergence-free projection\n Using random starting vector\n Shift-and-invert \u03c3 = 2.700e+00 GHz (2.936e-01)\n\nAssembling multigrid hierarchy:\n Level 0 (p = 1): 258137 unknowns\n Level 0 (auxiliary) (p = 1): 39591 unknowns\n\n   Residual norms for GMRES solve\n   0 (restart 0) KSP residual norm 2.440050e-01\n   1 (restart 0) KSP residual norm 4.848332e-09\n   2 (restart 0) KSP residual norm 4.457061e-15\nGMRES solver converged in 2 iterations (avg. reduction factor: 1.352e-07)\n   Residual norms for GMRES solve\n   0 (restart 0) KSP residual norm 3.610559e+00\n   1 (restart 0) KSP residual norm 5.609111e-08\n   2 (restart 0) KSP residual norm 8.064624e-14\nGMRES solver converged in 2 iterations (avg. reduction factor: 1.495e-07)\n   Residual norms for GMRES solve\n   0 (restart 0) KSP residual norm 1.883281e+00\n   1 (restart 0) KSP residual norm 1.470978e-07\n   2 (restart 0) KSP residual norm 3.115117e-14\nGMRES solver converged in 2 iterations (avg. reduction factor: 1.286e-07)\n   Residual norms for GMRES solve\n   0 (restart 0) KSP residual norm 2.487437e+00\n   1 (restart 0) KSP residual norm 1.497613e-07\n   2 (restart 0) KSP residual norm 3.418711e-14\nGMRES solver converged in 2 iterations (avg. reduction factor: 1.172e-07)\n\n _naup2: **** Start of major iteration number ****\n -------------------------------------------------\n    1 -    1:       1\n  \n   Residual norms for GMRES solve\n   0 (restart 0) KSP residual norm 7.761619e-01\n   1 (restart 0) KSP residual norm 1.081490e-07\n   2 (restart 0) KSP residual norm 1.497910e-14\nGMRES solver converged in 2 iterations (avg. reduction factor: 1.389e-07)\n   Residual norms for GMRES solve\n   0 (restart 0) KSP residual norm 3.803213e-01\n   1 (restart 0) KSP residual norm 6.431868e-08\n   2 (restart 0) KSP residual norm 7.439489e-15\nGMRES solver converged in 2 iterations (avg. reduction factor: 1.399e-07)\n   Residual norms for GMRES solve\n   0 (restart 0) KSP residual norm 5.176029e-01\n   1 (restart 0) KSP residual norm 4.924876e-08\n   2 (restart 0) KSP residual norm 1.007731e-14\nGMRES solver converged in 2 iterations (avg. reduction factor: 1.395e-07)\n   Residual norms for GMRES solve\n   0 (restart 0) KSP residual norm 3.532628e-01\n   1 (restart 0) KSP residual norm 6.471687e-08\n   2 (restart 0) KSP residual norm 6.406743e-15\nGMRES solver converged in 2 iterations (avg. reduction factor: 1.347e-07)\n   Residual norms for GMRES solve\n   0 (restart 0) KSP residual norm 3.691668e-01\n   1 (restart 0) KSP residual norm 6.080171e-08\n   2 (restart 0) KSP residual norm 6.935326e-15\nGMRES solver converged in 2 iterations (avg. reduction factor: 1.371e-07)\n   Residual norms for GMRES solve\n   0 (restart 0) KSP residual norm 3.738523e-01\n   1 (restart 0) KSP residual norm 5.653781e-08\n   2 (restart 0) KSP residual norm 9.554921e-15\nGMRES solver converged in 2 iterations (avg. reduction factor: 1.599e-07)\n   Residual norms for GMRES solve\n   0 (restart 0) KSP residual norm 2.865763e-01\n   1 (restart 0) KSP residual norm 2.975618e-08\n   2 (restart 0) KSP residual norm 8.378236e-15\nGMRES solver converged in 2 iterations (avg. reduction factor: 1.710e-07)\n", "truncated": true}, "base_mesh/palace.stderr.txt": {"size_bytes": 0, "tail": "", "truncated": false}, "base_mesh/resource_summary.json": {"unavailable": "FileNotFoundError"}, "base_mesh/resource_samples.json": {"unavailable": "FileNotFoundError"}}, "cgroup_path": "/system.slice/hosted-compute-agent.service", "cgroup_memory": {"memory.current": {"size_bytes": 0, "tail": "9966284800\n", "truncated": false}, "memory.peak": {"size_bytes": 0, "tail": "10793062400\n", "truncated": false}, "memory.max": {"size_bytes": 0, "tail": "max\n", "truncated": false}, "memory.events": {"size_bytes": 0, "tail": "low 0\nhigh 0\nmax 0\noom 0\noom_kill 0\noom_group_kill 0\n", "truncated": false}}, "process_columns": "pid ppid rss_KiB vsz_KiB cpu_percent command_name", "largest_processes": [" 679867  679825 1519220 1862916 99.9 palace-x86_64.b", " 679870  679825 1502944 1857928 99.9 palace-x86_64.b", " 679567  679564 165884 1295176 15.3 textlayout", "   2112    2090 151176 274614780 0.5 Runner.Worker", "   2046    2044 148688 1431384 0.3 provjobd1305015", "   2090    2032 120944 274345452 0.0 Runner.Listener", "   1154       1 72680 2127092 0.0 dockerd", "    987       1 51748 295280  0.0 php-fpm8.3", " 679564  679562 46444 219116  0.0 uv", "   1063       1 46124 1960992 0.0 containerd", "    225       1 43716 305388  0.0 multipathd", "   1712    1021 37424 454656  0.0 python3"]}
palace	UNKNOWN STEP	2026-09-29T18:45:08.3978427Z {"schema": "textlayout.palace-ci-observation.v1", "timestamp": "2026-09-29T18:45:08.372169+00:00", "scope": "host/process diagnostics; not numerical validation", "meminfo": {"unavailable": "OSError"}, "files": {"toolchain.json": {"size_bytes": 3922, "tail": "{\n  \"capability\": {\n    \"available\": true,\n    \"container_digest\": null,\n    \"container_engine\": null,\n    \"container_image\": null,\n    \"executable\": \"/home/runner/.cache/textlayout-palace/spack-opt/linux-x86_64_v3/palace-0.17.0-fc5grs6ugcjdbzpdpqbqsnmf6ejlq4hx/bin/palace\",\n    \"executable_sha256\": \"ad43ec030f51435f32150a5c72cb324ca03083d2ffc2f91405bbf41c6bc2240f\",\n    \"execution_kind\": \"executable\",\n    \"identified\": true,\n    \"mpi_launcher\": \"/usr/bin/mpirun\",\n    \"status\": \"AVAILABLE\",\n    \"unavailable_reason\": null,\n    \"version\": \"0.17.0\"\n  },\n  \"generated_at\": \"2026-09-29T18:43:39+00:00\",\n  \"git_commit\": \"59e8c654c1cfcc84788b488daf0482682bcda2ba\",\n  \"gmsh\": {\n    \"available\": true,\n    \"expected_version\": \"4.15.2\",\n    \"module\": \"/home/runner/work/Text-to-Layout/Text-to-Layout/.venv/lib/python3.12/site-packages/gmsh.py\",\n    \"module_sha256\": \"f4b0935cebde899750293d87a643090e5ea33c9b18d249267f507db68a0e01c3\",\n    \"version\": \"4.15.2\"\n  },\n  \"install_record\": {\n    \"build_stage\": \"/home/runner/.cache/textlayout-palace/build-stage\",\n    \"compiler_and_mpi_tail\": [\n      \"[+] /home/runner/.cache/textlayout-palace/spack-opt/linux-x86_64_v3/palace-0.17.0-fc5grs6ugcjdbzpdpqbqsnmf6ejlq4hx\",\n      \"==> Installing palace-0.17.0-fc5grs6ugcjdbzpdpqbqsnmf6ejlq4hx [63/63]\",\n      \"==> Updating view at /home/runner/.cache/textlayout-palace/environment/.spack-env/view\",\n      \"gcc (Ubuntu 13.3.0-6ubuntu2~24.04.1) 13.3.0\",\n      \"g++ (Ubuntu 13.3.0-6ubuntu2~24.04.1) 13.3.0\",\n      \"GNU Fortran (Ubuntu 13.3.0-6ubuntu2~24.04.1) 13.3.0\",\n      \"mpirun (Open MPI) 4.1.6\",\n      \"\"\n    ],\n    \"compiler_versions\": {\n      \"gcc\": \"gcc (Ubuntu 13.3.0-6ubuntu2~24.04.1) 13.3.0\",\n      \"gfortran\": \"GNU Fortran (Ubuntu 13.3.0-6ubuntu2~24.04.1) 13.3.0\",\n      \"gxx\": \"g++ (Ubuntu 13.3.0-6ubuntu2~24.04.1) 13.3.0\"\n    },\n    \"git_commit\": \"59e8c654c1cfcc84788b488daf0482682bcda2ba\",\n    \"gmsh\": {\n      \"available\": true,\n      \"expected_version\": \"4.15.2\",\n      \"module\": \"/home/runner/work/Text-to-Layout/Text-to-Layout/.venv/lib/python3.12/site-packages/gmsh.py\",\n      \"module_sha256\": \"f4b0935cebde899750293d87a643090e5ea33c9b18d249267f507db68a0e01c3\",\n      \"version\": \"4.15.2\"\n    },\n    \"gmsh_version\": \"4.15.2\",\n    \"install_tree\": \"/home/runner/.cache/textlayout-palace/spack-opt\",\n    \"installed_at\": \"2026-09-29T18:43:21.397659+00:00\",\n    \"mpi_version\": \"mpirun (Open MPI) 4.1.6\",\n    \"native_root\": \"/home/runner/.cache/textlayout-palace\",\n    \"palace_commit\": \"12d8069afb5aa9e169a17e303d735e120968e9f2\",\n    \"palace_executable\": \"/home/runner/.cache/textlayout-palace/spack-opt/linux-x86_64_v3/palace-0.17.0-fc5grs6ugcjdbzpdpqbqsnmf6ejlq4hx/bin/palace\",\n    \"palace_executable_sha256\": \"ad43ec030f51435f32150a5c72cb324ca03083d2ffc2f91405bbf41c6bc2240f\",\n    \"palace_version\": \"0.17.0\",\n    \"requested_version\": \"0.17.0\",\n    \"reused\": false,\n    \"schema\": \"textlayout.palace-install.v1\",\n    \"source_archive\": {\n      \"available\": true,\n      \"path\": \"/home/runner/work/Text-to-Layout/Text-to-Layout/.tools/external/sources/palace-12d8069afb5aa9e169a17e303d735e120968e9f2.tar.gz\",\n      \"sha256\": \"169f7fe210ea6e771a29bfe0803dd84a774b25b00d2aa3a1f33b9d97a510ff9d\",\n      \"size_bytes\": 47331791\n    },\n    \"source_archive_path\": \"/home/runner/work/Text-to-Layout/Text-to-Layout/.tools/external/sources/palace-12d8069afb5aa9e169a17e303d735e120968e9f2.tar.gz\",\n    \"source_archive_sha256\": \"169f7fe210ea6e771a29bfe0803dd84a774b25b00d2aa3a1f33b9d97a510ff9d\",\n    \"spack_commit\": \"0c2be44e4ece21eb091ad5de4c97716b7c6d4c87\",\n    \"spack_environment\": \"external_tools/palace/spack.yaml\",\n    \"spack_packages_commit\": \"a2928a3376d286ddbf07da62847d5ba5b0fa3c67\",\n    \"spack_runtime_cache\": \"/home/runner/.cache/textlayout-palace\",\n    \"spack_version\": \"1.1.0\",\n    \"status\": \"INSTALLED\",\n    \"strategy\": \"pinned_spack_wsl\"\n  },\n  \"required_palace_version\": \"0.17.0\",\n  \"schema\": \"textlayout.palace-toolchain.v1\"\n}\n", "truncated": false}, "resource_decision.json": {"size_bytes": 288, "tail": "{\n  \"accepted_processes\": 2,\n  \"available_mb\": 14806,\n  \"memory_tier\": \"unknown\",\n  \"preflight_peak_mb\": null,\n  \"rationale\": \"no peak-memory estimate available; honouring the requested count\",\n  \"requested_processes\": 2,\n  \"timestamp\": \"2026-09-29T18:43:39+00:00\",\n  \"total_mb\": 15989\n}\n", "truncated": false}, "run_manifest.json": {"unavailable": "FileNotFoundError"}, "base_mesh/mesh_metrics.json": {"size_bytes": 401, "tail": "{\n  \"element_count\": 206137,\n  \"extents\": {\n    \"lateral_margin_um\": 100.0,\n    \"lid_height_um\": 450.0,\n    \"substrate_thickness_um\": 300.0,\n    \"vacuum_height_um\": 300.0\n  },\n  \"mean_quality\": 0.7263143756565194,\n  \"mesh_scale\": 4.0,\n  \"mesh_sha256\": \"d2c7eee442ccec0b5acf7a37a98b61dd305b53bafb68f0d43dab3ba0dc2b069e\",\n  \"minimum_quality\": 0.15838171066132758,\n  \"runtime_seconds\": 7.7689208339998\n}\n", "truncated": false}, "base_mesh/palace_amr.json": {"size_bytes": 2038, "tail": "{\n  \"Boundaries\": {\n    \"PEC\": {\n      \"Attributes\": [\n        10,\n        11,\n        12,\n        30,\n        31\n      ]\n    }\n  },\n  \"Domains\": {\n    \"Materials\": [\n      {\n        \"Attributes\": [\n          1\n        ],\n        \"LossTan\": 1e-06,\n        \"Permeability\": 1.0,\n        \"Permittivity\": 11.45\n      },\n      {\n        \"Attributes\": [\n          2\n        ],\n        \"LossTan\": 1e-06,\n        \"Permeability\": 1.0,\n        \"Permittivity\": 11.45\n      },\n      {\n        \"Attributes\": [\n          3\n        ],\n        \"Permeability\": 1.0,\n        \"Permittivity\": 1.0\n      },\n      {\n        \"Attributes\": [\n          4\n        ],\n        \"Permeability\": 1.0,\n        \"Permittivity\": 1.0\n      },\n      {\n        \"Attributes\": [\n          5\n        ],\n        \"Permeability\": 1.0,\n        \"Permittivity\": 1.0\n      }\n    ],\n    \"Postprocessing\": {\n      \"Energy\": [\n        {\n          \"Attributes\": [\n            1\n          ],\n          \"Index\": 1\n        },\n        {\n          \"Attributes\": [\n            2\n          ],\n          \"Index\": 2\n        },\n        {\n          \"Attributes\": [\n            3\n          ],\n          \"Index\": 3\n        },\n        {\n          \"Attributes\": [\n            4\n          ],\n          \"Index\": 4\n        },\n        {\n          \"Attributes\": [\n            5\n          ],\n          \"Index\": 5\n        }\n      ]\n    }\n  },\n  \"Model\": {\n    \"L0\": 1e-06,\n    \"Mesh\": \"quarter_wave_base.msh\",\n    \"Refinement\": {\n      \"MaxIts\": 4,\n      \"Nonconformal\": false,\n      \"SaveAdaptIterations\": true,\n      \"SaveAdaptMesh\": true,\n      \"Tol\": 0.0001,\n      \"UpdateFraction\": 0.7\n    }\n  },\n  \"Problem\": {\n    \"Output\": \"postpro\",\n    \"OutputFormats\": {\n      \"GridFunction\": true,\n      \"Paraview\": true\n    },\n    \"Type\": \"Eigenmode\",\n    \"Verbose\": 2\n  },\n  \"Solver\": {\n    \"Device\": \"CPU\",\n    \"Eigenmode\": {\n      \"N\": 4,\n      \"Save\": 4,\n      \"Target\": 2.7,\n      \"Tol\": 1e-09\n    },\n    \"Linear\": {\n      \"MaxIts\": 1000,\n      \"Tol\": 1e-09,\n      \"Type\": \"Default\"\n    },\n    \"Order\": 1\n  }\n}\n", "truncated": false}, "base_mesh/palace.stdout.txt": {"size_bytes": 7846, "tail": ")\n   Residual norms for GMRES solve\n   0 (restart 0) KSP residual norm 3.803213e-01\n   1 (restart 0) KSP residual norm 6.431868e-08\n   2 (restart 0) KSP residual norm 7.439489e-15\nGMRES solver converged in 2 iterations (avg. reduction factor: 1.399e-07)\n   Residual norms for GMRES solve\n   0 (restart 0) KSP residual norm 5.176029e-01\n   1 (restart 0) KSP residual norm 4.924876e-08\n   2 (restart 0) KSP residual norm 1.007731e-14\nGMRES solver converged in 2 iterations (avg. reduction factor: 1.395e-07)\n   Residual norms for GMRES solve\n   0 (restart 0) KSP residual norm 3.532628e-01\n   1 (restart 0) KSP residual norm 6.471687e-08\n   2 (restart 0) KSP residual norm 6.406743e-15\nGMRES solver converged in 2 iterations (avg. reduction factor: 1.347e-07)\n   Residual norms for GMRES solve\n   0 (restart 0) KSP residual norm 3.691668e-01\n   1 (restart 0) KSP residual norm 6.080171e-08\n   2 (restart 0) KSP residual norm 6.935326e-15\nGMRES solver converged in 2 iterations (avg. reduction factor: 1.371e-07)\n   Residual norms for GMRES solve\n   0 (restart 0) KSP residual norm 3.738523e-01\n   1 (restart 0) KSP residual norm 5.653781e-08\n   2 (restart 0) KSP residual norm 9.554921e-15\nGMRES solver converged in 2 iterations (avg. reduction factor: 1.599e-07)\n   Residual norms for GMRES solve\n   0 (restart 0) KSP residual norm 2.865763e-01\n   1 (restart 0) KSP residual norm 2.975618e-08\n   2 (restart 0) KSP residual norm 8.378236e-15\nGMRES solver converged in 2 iterations (avg. reduction factor: 1.710e-07)\n   Residual norms for GMRES solve\n   0 (restart 0) KSP residual norm 1.978479e-01\n   1 (restart 0) KSP residual norm 3.222329e-08\n   2 (restart 0) KSP residual norm 4.231547e-15\nGMRES solver converged in 2 iterations (avg. reduction factor: 1.462e-07)\n   Residual norms for GMRES solve\n   0 (restart 0) KSP residual norm 1.995036e-01\n   1 (restart 0) KSP residual norm 2.903912e-08\n   2 (restart 0) KSP residual norm 4.508082e-15\nGMRES solver converged in 2 iterations (avg. reduction factor: 1.503e-07)\n   Residual norms for GMRES solve\n   0 (restart 0) KSP residual norm 1.679400e-01\n   1 (restart 0) KSP residual norm 2.494614e-08\n   2 (restart 0) KSP residual norm 3.520669e-15\nGMRES solver converged in 2 iterations (avg. reduction factor: 1.448e-07)\n   Residual norms for GMRES solve\n   0 (restart 0) KSP residual norm 2.957857e-01\n   1 (restart 0) KSP residual norm 2.854879e-08\n   2 (restart 0) KSP residual norm 7.073915e-15\nGMRES solver converged in 2 iterations (avg. reduction factor: 1.546e-07)\n   Residual norms for GMRES solve\n   0 (restart 0) KSP residual norm 3.302679e-01\n   1 (restart 0) KSP residual norm 3.032345e-08\n   2 (restart 0) KSP residual norm 6.109496e-15\nGMRES solver converged in 2 iterations (avg. reduction factor: 1.360e-07)\n   Residual norms for GMRES solve\n   0 (restart 0) KSP residual norm 1.089904e-01\n   1 (restart 0) KSP residual norm 1.741776e-08\n   2 (restart 0) KSP residual norm 2.185725e-15\nGMRES solver converged in 2 iterations (avg. reduction factor: 1.416e-07)\n   Residual norms for GMRES solve\n   0 (restart 0) KSP residual norm 1.844732e-01\n   1 (restart 0) KSP residual norm 1.869365e-08\n   2 (restart 0) KSP residual norm 3.619410e-15\nGMRES solver converged in 2 iterations (avg. reduction factor: 1.401e-07)\n   Residual norms for GMRES solve\n   0 (restart 0) KSP residual norm 3.046742e-01\n   1 (restart 0) KSP residual norm 2.375335e-08\n   2 (restart 0) KSP residual norm 5.149458e-15\nGMRES solver converged in 2 iterations (avg. reduction factor: 1.300e-07)\n\n ARPACK EPS eigensolve converged (4 eigenpairs); iterations 1\n Total number of linear systems solved: 19\n Total number of linear solver iterations: 38\n Found 4 converged eigenvalues (first = 3.583e-01+3.295e-07i)\n\nComputing solution error estimates and performing postprocessing\n\n     m,        Re{f} (GHz),        Im{f} (GHz),                  Q,      Error (Bkwd.),       Error (Abs.)\n     1,      +5.504954e+00,      +2.530553e-06,      +1.087698e+06,      +5.340423e-16,      +2.634164e-11\n Wrote mode 1 to disk (Paraview)\n Wrote mode 1 to disk (grid function)\n", "truncated": true}, "base_mesh/palace.stderr.txt": {"size_bytes": 0, "tail": "", "truncated": false}, "base_mesh/resource_summary.json": {"unavailable": "FileNotFoundError"}, "base_mesh/resource_samples.json": {"unavailable": "FileNotFoundError"}}, "cgroup_path": "/system.slice/hosted-compute-agent.service", "cgroup_memory": {"memory.current": {"size_bytes": 0, "tail": "10788642816\n", "truncated": false}, "memory.peak": {"size_bytes": 0, "tail": "10793062400\n", "truncated": false}, "memory.max": {"size_bytes": 0, "tail": "max\n", "truncated": false}, "memory.events": {"size_bytes": 0, "tail": "low 0\nhigh 0\nmax 0\noom 0\noom_kill 0\noom_group_kill 0\n", "truncated": false}}, "process_columns": "pid ppid rss_KiB vsz_KiB cpu_percent command_name", "largest_processes": [" 679870  679825 1887764 2212688 99.9 palace-x86_64.b", " 679867  679825 1863508 2182020 99.9 palace-x86_64.b", " 679567  679564 165888 1295176 10.3 textlayout", "   2112    2090 151144 274614748 0.5 Runner.Worker", "   2046    2044 143124 1431384 0.3 provjobd1305015", "   2090    2032 120960 274345468 0.0 Runner.Listener", "   1154       1 72680 2127092 0.0 dockerd", "    987       1 51748 295280  0.0 php-fpm8.3", " 679564  679562 46444 219116  0.0 uv", "   1063       1 46124 1960992 0.0 containerd", "    225       1 43716 305388  0.0 multipathd", "   1712    1021 37424 454656  0.0 python3"]}
palace	UNKNOWN STEP	2026-09-29T18:45:38.4148362Z {"schema": "textlayout.palace-ci-observation.v1", "timestamp": "2026-09-29T18:45:38.391421+00:00", "scope": "host/process diagnostics; not numerical validation", "meminfo": {"unavailable": "OSError"}, "files": {"toolchain.json": {"size_bytes": 3922, "tail": "{\n  \"capability\": {\n    \"available\": true,\n    \"container_digest\": null,\n    \"container_engine\": null,\n    \"container_image\": null,\n    \"executable\": \"/home/runner/.cache/textlayout-palace/spack-opt/linux-x86_64_v3/palace-0.17.0-fc5grs6ugcjdbzpdpqbqsnmf6ejlq4hx/bin/palace\",\n    \"executable_sha256\": \"ad43ec030f51435f32150a5c72cb324ca03083d2ffc2f91405bbf41c6bc2240f\",\n    \"execution_kind\": \"executable\",\n    \"identified\": true,\n    \"mpi_launcher\": \"/usr/bin/mpirun\",\n    \"status\": \"AVAILABLE\",\n    \"unavailable_reason\": null,\n    \"version\": \"0.17.0\"\n  },\n  \"generated_at\": \"2026-09-29T18:43:39+00:00\",\n  \"git_commit\": \"59e8c654c1cfcc84788b488daf0482682bcda2ba\",\n  \"gmsh\": {\n    \"available\": true,\n    \"expected_version\": \"4.15.2\",\n    \"module\": \"/home/runner/work/Text-to-Layout/Text-to-Layout/.venv/lib/python3.12/site-packages/gmsh.py\",\n    \"module_sha256\": \"f4b0935cebde899750293d87a643090e5ea33c9b18d249267f507db68a0e01c3\",\n    \"version\": \"4.15.2\"\n  },\n  \"install_record\": {\n    \"build_stage\": \"/home/runner/.cache/textlayout-palace/build-stage\",\n    \"compiler_and_mpi_tail\": [\n      \"[+] /home/runner/.cache/textlayout-palace/spack-opt/linux-x86_64_v3/palace-0.17.0-fc5grs6ugcjdbzpdpqbqsnmf6ejlq4hx\",\n      \"==> Installing palace-0.17.0-fc5grs6ugcjdbzpdpqbqsnmf6ejlq4hx [63/63]\",\n      \"==> Updating view at /home/runner/.cache/textlayout-palace/environment/.spack-env/view\",\n      \"gcc (Ubuntu 13.3.0-6ubuntu2~24.04.1) 13.3.0\",\n      \"g++ (Ubuntu 13.3.0-6ubuntu2~24.04.1) 13.3.0\",\n      \"GNU Fortran (Ubuntu 13.3.0-6ubuntu2~24.04.1) 13.3.0\",\n      \"mpirun (Open MPI) 4.1.6\",\n      \"\"\n    ],\n    \"compiler_versions\": {\n      \"gcc\": \"gcc (Ubuntu 13.3.0-6ubuntu2~24.04.1) 13.3.0\",\n      \"gfortran\": \"GNU Fortran (Ubuntu 13.3.0-6ubuntu2~24.04.1) 13.3.0\",\n      \"gxx\": \"g++ (Ubuntu 13.3.0-6ubuntu2~24.04.1) 13.3.0\"\n    },\n    \"git_commit\": \"59e8c654c1cfcc84788b488daf0482682bcda2ba\",\n    \"gmsh\": {\n      \"available\": true,\n      \"expected_version\": \"4.15.2\",\n      \"module\": \"/home/runner/work/Text-to-Layout/Text-to-Layout/.venv/lib/python3.12/site-packages/gmsh.py\",\n      \"module_sha256\": \"f4b0935cebde899750293d87a643090e5ea33c9b18d249267f507db68a0e01c3\",\n      \"version\": \"4.15.2\"\n    },\n    \"gmsh_version\": \"4.15.2\",\n    \"install_tree\": \"/home/runner/.cache/textlayout-palace/spack-opt\",\n    \"installed_at\": \"2026-09-29T18:43:21.397659+00:00\",\n    \"mpi_version\": \"mpirun (Open MPI) 4.1.6\",\n    \"native_root\": \"/home/runner/.cache/textlayout-palace\",\n    \"palace_commit\": \"12d8069afb5aa9e169a17e303d735e120968e9f2\",\n    \"palace_executable\": \"/home/runner/.cache/textlayout-palace/spack-opt/linux-x86_64_v3/palace-0.17.0-fc5grs6ugcjdbzpdpqbqsnmf6ejlq4hx/bin/palace\",\n    \"palace_executable_sha256\": \"ad43ec030f51435f32150a5c72cb324ca03083d2ffc2f91405bbf41c6bc2240f\",\n    \"palace_version\": \"0.17.0\",\n    \"requested_version\": \"0.17.0\",\n    \"reused\": false,\n    \"schema\": \"textlayout.palace-install.v1\",\n    \"source_archive\": {\n      \"available\": true,\n      \"path\": \"/home/runner/work/Text-to-Layout/Text-to-Layout/.tools/external/sources/palace-12d8069afb5aa9e169a17e303d735e120968e9f2.tar.gz\",\n      \"sha256\": \"169f7fe210ea6e771a29bfe0803dd84a774b25b00d2aa3a1f33b9d97a510ff9d\",\n      \"size_bytes\": 47331791\n    },\n    \"source_archive_path\": \"/home/runner/work/Text-to-Layout/Text-to-Layout/.tools/external/sources/palace-12d8069afb5aa9e169a17e303d735e120968e9f2.tar.gz\",\n    \"source_archive_sha256\": \"169f7fe210ea6e771a29bfe0803dd84a774b25b00d2aa3a1f33b9d97a510ff9d\",\n    \"spack_commit\": \"0c2be44e4ece21eb091ad5de4c97716b7c6d4c87\",\n    \"spack_environment\": \"external_tools/palace/spack.yaml\",\n    \"spack_packages_commit\": \"a2928a3376d286ddbf07da62847d5ba5b0fa3c67\",\n    \"spack_runtime_cache\": \"/home/runner/.cache/textlayout-palace\",\n    \"spack_version\": \"1.1.0\",\n    \"status\": \"INSTALLED\",\n    \"strategy\": \"pinned_spack_wsl\"\n  },\n  \"required_palace_version\": \"0.17.0\",\n  \"schema\": \"textlayout.palace-toolchain.v1\"\n}\n", "truncated": false}, "resource_decision.json": {"size_bytes": 288, "tail": "{\n  \"accepted_processes\": 2,\n  \"available_mb\": 14806,\n  \"memory_tier\": \"unknown\",\n  \"preflight_peak_mb\": null,\n  \"rationale\": \"no peak-memory estimate available; honouring the requested count\",\n  \"requested_processes\": 2,\n  \"timestamp\": \"2026-09-29T18:43:39+00:00\",\n  \"total_mb\": 15989\n}\n", "truncated": false}, "run_manifest.json": {"unavailable": "FileNotFoundError"}, "base_mesh/mesh_metrics.json": {"size_bytes": 401, "tail": "{\n  \"element_count\": 206137,\n  \"extents\": {\n    \"lateral_margin_um\": 100.0,\n    \"lid_height_um\": 450.0,\n    \"substrate_thickness_um\": 300.0,\n    \"vacuum_height_um\": 300.0\n  },\n  \"mean_quality\": 0.7263143756565194,\n  \"mesh_scale\": 4.0,\n  \"mesh_sha256\": \"d2c7eee442ccec0b5acf7a37a98b61dd305b53bafb68f0d43dab3ba0dc2b069e\",\n  \"minimum_quality\": 0.15838171066132758,\n  \"runtime_seconds\": 7.7689208339998\n}\n", "truncated": false}, "base_mesh/palace_amr.json": {"size_bytes": 2038, "tail": "{\n  \"Boundaries\": {\n    \"PEC\": {\n      \"Attributes\": [\n        10,\n        11,\n        12,\n        30,\n        31\n      ]\n    }\n  },\n  \"Domains\": {\n    \"Materials\": [\n      {\n        \"Attributes\": [\n          1\n        ],\n        \"LossTan\": 1e-06,\n        \"Permeability\": 1.0,\n        \"Permittivity\": 11.45\n      },\n      {\n        \"Attributes\": [\n          2\n        ],\n        \"LossTan\": 1e-06,\n        \"Permeability\": 1.0,\n        \"Permittivity\": 11.45\n      },\n      {\n        \"Attributes\": [\n          3\n        ],\n        \"Permeability\": 1.0,\n        \"Permittivity\": 1.0\n      },\n      {\n        \"Attributes\": [\n          4\n        ],\n        \"Permeability\": 1.0,\n        \"Permittivity\": 1.0\n      },\n      {\n        \"Attributes\": [\n          5\n        ],\n        \"Permeability\": 1.0,\n        \"Permittivity\": 1.0\n      }\n    ],\n    \"Postprocessing\": {\n      \"Energy\": [\n        {\n          \"Attributes\": [\n            1\n          ],\n          \"Index\": 1\n        },\n        {\n          \"Attributes\": [\n            2\n          ],\n          \"Index\": 2\n        },\n        {\n          \"Attributes\": [\n            3\n          ],\n          \"Index\": 3\n        },\n        {\n          \"Attributes\": [\n            4\n          ],\n          \"Index\": 4\n        },\n        {\n          \"Attributes\": [\n            5\n          ],\n          \"Index\": 5\n        }\n      ]\n    }\n  },\n  \"Model\": {\n    \"L0\": 1e-06,\n    \"Mesh\": \"quarter_wave_base.msh\",\n    \"Refinement\": {\n      \"MaxIts\": 4,\n      \"Nonconformal\": false,\n      \"SaveAdaptIterations\": true,\n      \"SaveAdaptMesh\": true,\n      \"Tol\": 0.0001,\n      \"UpdateFraction\": 0.7\n    }\n  },\n  \"Problem\": {\n    \"Output\": \"postpro\",\n    \"OutputFormats\": {\n      \"GridFunction\": true,\n      \"Paraview\": true\n    },\n    \"Type\": \"Eigenmode\",\n    \"Verbose\": 2\n  },\n  \"Solver\": {\n    \"Device\": \"CPU\",\n    \"Eigenmode\": {\n      \"N\": 4,\n      \"Save\": 4,\n      \"Target\": 2.7,\n      \"Tol\": 1e-09\n    },\n    \"Linear\": {\n      \"MaxIts\": 1000,\n      \"Tol\": 1e-09,\n      \"Type\": \"Default\"\n    },\n    \"Order\": 1\n  }\n}\n", "truncated": false}, "base_mesh/palace.stdout.txt": {"size_bytes": 8164, "tail": "norm 5.176029e-01\n   1 (restart 0) KSP residual norm 4.924876e-08\n   2 (restart 0) KSP residual norm 1.007731e-14\nGMRES solver converged in 2 iterations (avg. reduction factor: 1.395e-07)\n   Residual norms for GMRES solve\n   0 (restart 0) KSP residual norm 3.532628e-01\n   1 (restart 0) KSP residual norm 6.471687e-08\n   2 (restart 0) KSP residual norm 6.406743e-15\nGMRES solver converged in 2 iterations (avg. reduction factor: 1.347e-07)\n   Residual norms for GMRES solve\n   0 (restart 0) KSP residual norm 3.691668e-01\n   1 (restart 0) KSP residual norm 6.080171e-08\n   2 (restart 0) KSP residual norm 6.935326e-15\nGMRES solver converged in 2 iterations (avg. reduction factor: 1.371e-07)\n   Residual norms for GMRES solve\n   0 (restart 0) KSP residual norm 3.738523e-01\n   1 (restart 0) KSP residual norm 5.653781e-08\n   2 (restart 0) KSP residual norm 9.554921e-15\nGMRES solver converged in 2 iterations (avg. reduction factor: 1.599e-07)\n   Residual norms for GMRES solve\n   0 (restart 0) KSP residual norm 2.865763e-01\n   1 (restart 0) KSP residual norm 2.975618e-08\n   2 (restart 0) KSP residual norm 8.378236e-15\nGMRES solver converged in 2 iterations (avg. reduction factor: 1.710e-07)\n   Residual norms for GMRES solve\n   0 (restart 0) KSP residual norm 1.978479e-01\n   1 (restart 0) KSP residual norm 3.222329e-08\n   2 (restart 0) KSP residual norm 4.231547e-15\nGMRES solver converged in 2 iterations (avg. reduction factor: 1.462e-07)\n   Residual norms for GMRES solve\n   0 (restart 0) KSP residual norm 1.995036e-01\n   1 (restart 0) KSP residual norm 2.903912e-08\n   2 (restart 0) KSP residual norm 4.508082e-15\nGMRES solver converged in 2 iterations (avg. reduction factor: 1.503e-07)\n   Residual norms for GMRES solve\n   0 (restart 0) KSP residual norm 1.679400e-01\n   1 (restart 0) KSP residual norm 2.494614e-08\n   2 (restart 0) KSP residual norm 3.520669e-15\nGMRES solver converged in 2 iterations (avg. reduction factor: 1.448e-07)\n   Residual norms for GMRES solve\n   0 (restart 0) KSP residual norm 2.957857e-01\n   1 (restart 0) KSP residual norm 2.854879e-08\n   2 (restart 0) KSP residual norm 7.073915e-15\nGMRES solver converged in 2 iterations (avg. reduction factor: 1.546e-07)\n   Residual norms for GMRES solve\n   0 (restart 0) KSP residual norm 3.302679e-01\n   1 (restart 0) KSP residual norm 3.032345e-08\n   2 (restart 0) KSP residual norm 6.109496e-15\nGMRES solver converged in 2 iterations (avg. reduction factor: 1.360e-07)\n   Residual norms for GMRES solve\n   0 (restart 0) KSP residual norm 1.089904e-01\n   1 (restart 0) KSP residual norm 1.741776e-08\n   2 (restart 0) KSP residual norm 2.185725e-15\nGMRES solver converged in 2 iterations (avg. reduction factor: 1.416e-07)\n   Residual norms for GMRES solve\n   0 (restart 0) KSP residual norm 1.844732e-01\n   1 (restart 0) KSP residual norm 1.869365e-08\n   2 (restart 0) KSP residual norm 3.619410e-15\nGMRES solver converged in 2 iterations (avg. reduction factor: 1.401e-07)\n   Residual norms for GMRES solve\n   0 (restart 0) KSP residual norm 3.046742e-01\n   1 (restart 0) KSP residual norm 2.375335e-08\n   2 (restart 0) KSP residual norm 5.149458e-15\nGMRES solver converged in 2 iterations (avg. reduction factor: 1.300e-07)\n\n ARPACK EPS eigensolve converged (4 eigenpairs); iterations 1\n Total number of linear systems solved: 19\n Total number of linear solver iterations: 38\n Found 4 converged eigenvalues (first = 3.583e-01+3.295e-07i)\n\nComputing solution error estimates and performing postprocessing\n\n     m,        Re{f} (GHz),        Im{f} (GHz),                  Q,      Error (Bkwd.),       Error (Abs.)\n     1,      +5.504954e+00,      +2.530553e-06,      +1.087698e+06,      +5.340423e-16,      +2.634164e-11\n Wrote mode 1 to disk (Paraview)\n Wrote mode 1 to disk (grid function)\n     2,      +5.935687e+00,      +2.732071e-06,      +1.086298e+06,      +6.987609e-16,      +3.446640e-11\n Wrote mode 2 to disk (Paraview)\n Wrote mode 2 to disk (grid function)\n     3,      +1.114892e+01,      +5.122641e-06,      +1.088200e+06,      +1.986099e-15,      +9.796508e-11\n Wrote mode 3 to disk (Paraview)\n", "truncated": true}, "base_mesh/palace.stderr.txt": {"size_bytes": 0, "tail": "", "truncated": false}, "base_mesh/resource_summary.json": {"unavailable": "FileNotFoundError"}, "base_mesh/resource_samples.json": {"unavailable": "FileNotFoundError"}}, "cgroup_path": "/system.slice/hosted-compute-agent.service", "cgroup_memory": {"memory.current": {"size_bytes": 0, "tail": "11181449216\n", "truncated": false}, "memory.peak": {"size_bytes": 0, "tail": "11182428160\n", "truncated": false}, "memory.max": {"size_bytes": 0, "tail": "max\n", "truncated": false}, "memory.events": {"size_bytes": 0, "tail": "low 0\nhigh 0\nmax 0\noom 0\noom_kill 0\noom_group_kill 0\n", "truncated": false}}, "process_columns": "pid ppid rss_KiB vsz_KiB cpu_percent command_name", "largest_processes": [" 679870  679825 1997732 2319116 99.9 palace-x86_64.b", " 679867  679825 1971540 2288388 99.9 palace-x86_64.b", " 679567  679564 165888 1295176 7.8 textlayout", "   2112    2090 151144 274614748 0.5 Runner.Worker", "   2046    2044 147488 1431384 0.3 provjobd1305015", "   2090    2032 121036 274345452 0.0 Runner.Listener", "   1154       1 72680 2127092 0.0 dockerd", "    987       1 51748 295280  0.0 php-fpm8.3", " 679564  679562 46444 219116  0.0 uv", "   1063       1 46124 1960992 0.0 containerd", "    225       1 43716 305388  0.0 multipathd", "   1712    1021 37424 454656  0.0 python3"]}
palace	UNKNOWN STEP	2026-09-29T18:46:08.4316134Z {"schema": "textlayout.palace-ci-observation.v1", "timestamp": "2026-09-29T18:46:08.411245+00:00", "scope": "host/process diagnostics; not numerical validation", "meminfo": {"unavailable": "OSError"}, "files": {"toolchain.json": {"size_bytes": 3922, "tail": "{\n  \"capability\": {\n    \"available\": true,\n    \"container_digest\": null,\n    \"container_engine\": null,\n    \"container_image\": null,\n    \"executable\": \"/home/runner/.cache/textlayout-palace/spack-opt/linux-x86_64_v3/palace-0.17.0-fc5grs6ugcjdbzpdpqbqsnmf6ejlq4hx/bin/palace\",\n    \"executable_sha256\": \"ad43ec030f51435f32150a5c72cb324ca03083d2ffc2f91405bbf41c6bc2240f\",\n    \"execution_kind\": \"executable\",\n    \"identified\": true,\n    \"mpi_launcher\": \"/usr/bin/mpirun\",\n    \"status\": \"AVAILABLE\",\n    \"unavailable_reason\": null,\n    \"version\": \"0.17.0\"\n  },\n  \"generated_at\": \"2026-09-29T18:43:39+00:00\",\n  \"git_commit\": \"59e8c654c1cfcc84788b488daf0482682bcda2ba\",\n  \"gmsh\": {\n    \"available\": true,\n    \"expected_version\": \"4.15.2\",\n    \"module\": \"/home/runner/work/Text-to-Layout/Text-to-Layout/.venv/lib/python3.12/site-packages/gmsh.py\",\n    \"module_sha256\": \"f4b0935cebde899750293d87a643090e5ea33c9b18d249267f507db68a0e01c3\",\n    \"version\": \"4.15.2\"\n  },\n  \"install_record\": {\n    \"build_stage\": \"/home/runner/.cache/textlayout-palace/build-stage\",\n    \"compiler_and_mpi_tail\": [\n      \"[+] /home/runner/.cache/textlayout-palace/spack-opt/linux-x86_64_v3/palace-0.17.0-fc5grs6ugcjdbzpdpqbqsnmf6ejlq4hx\",\n      \"==> Installing palace-0.17.0-fc5grs6ugcjdbzpdpqbqsnmf6ejlq4hx [63/63]\",\n      \"==> Updating view at /home/runner/.cache/textlayout-palace/environment/.spack-env/view\",\n      \"gcc (Ubuntu 13.3.0-6ubuntu2~24.04.1) 13.3.0\",\n      \"g++ (Ubuntu 13.3.0-6ubuntu2~24.04.1) 13.3.0\",\n      \"GNU Fortran (Ubuntu 13.3.0-6ubuntu2~24.04.1) 13.3.0\",\n      \"mpirun (Open MPI) 4.1.6\",\n      \"\"\n    ],\n    \"compiler_versions\": {\n      \"gcc\": \"gcc (Ubuntu 13.3.0-6ubuntu2~24.04.1) 13.3.0\",\n      \"gfortran\": \"GNU Fortran (Ubuntu 13.3.0-6ubuntu2~24.04.1) 13.3.0\",\n      \"gxx\": \"g++ (Ubuntu 13.3.0-6ubuntu2~24.04.1) 13.3.0\"\n    },\n    \"git_commit\": \"59e8c654c1cfcc84788b488daf0482682bcda2ba\",\n    \"gmsh\": {\n      \"available\": true,\n      \"expected_version\": \"4.15.2\",\n      \"module\": \"/home/runner/work/Text-to-Layout/Text-to-Layout/.venv/lib/python3.12/site-packages/gmsh.py\",\n      \"module_sha256\": \"f4b0935cebde899750293d87a643090e5ea33c9b18d249267f507db68a0e01c3\",\n      \"version\": \"4.15.2\"\n    },\n    \"gmsh_version\": \"4.15.2\",\n    \"install_tree\": \"/home/runner/.cache/textlayout-palace/spack-opt\",\n    \"installed_at\": \"2026-09-29T18:43:21.397659+00:00\",\n    \"mpi_version\": \"mpirun (Open MPI) 4.1.6\",\n    \"native_root\": \"/home/runner/.cache/textlayout-palace\",\n    \"palace_commit\": \"12d8069afb5aa9e169a17e303d735e120968e9f2\",\n    \"palace_executable\": \"/home/runner/.cache/textlayout-palace/spack-opt/linux-x86_64_v3/palace-0.17.0-fc5grs6ugcjdbzpdpqbqsnmf6ejlq4hx/bin/palace\",\n    \"palace_executable_sha256\": \"ad43ec030f51435f32150a5c72cb324ca03083d2ffc2f91405bbf41c6bc2240f\",\n    \"palace_version\": \"0.17.0\",\n    \"requested_version\": \"0.17.0\",\n    \"reused\": false,\n    \"schema\": \"textlayout.palace-install.v1\",\n    \"source_archive\": {\n      \"available\": true,\n      \"path\": \"/home/runner/work/Text-to-Layout/Text-to-Layout/.tools/external/sources/palace-12d8069afb5aa9e169a17e303d735e120968e9f2.tar.gz\",\n      \"sha256\": \"169f7fe210ea6e771a29bfe0803dd84a774b25b00d2aa3a1f33b9d97a510ff9d\",\n      \"size_bytes\": 47331791\n    },\n    \"source_archive_path\": \"/home/runner/work/Text-to-Layout/Text-to-Layout/.tools/external/sources/palace-12d8069afb5aa9e169a17e303d735e120968e9f2.tar.gz\",\n    \"source_archive_sha256\": \"169f7fe210ea6e771a29bfe0803dd84a774b25b00d2aa3a1f33b9d97a510ff9d\",\n    \"spack_commit\": \"0c2be44e4ece21eb091ad5de4c97716b7c6d4c87\",\n    \"spack_environment\": \"external_tools/palace/spack.yaml\",\n    \"spack_packages_commit\": \"a2928a3376d286ddbf07da62847d5ba5b0fa3c67\",\n    \"spack_runtime_cache\": \"/home/runner/.cache/textlayout-palace\",\n    \"spack_version\": \"1.1.0\",\n    \"status\": \"INSTALLED\",\n    \"strategy\": \"pinned_spack_wsl\"\n  },\n  \"required_palace_version\": \"0.17.0\",\n  \"schema\": \"textlayout.palace-toolchain.v1\"\n}\n", "truncated": false}, "resource_decision.json": {"size_bytes": 288, "tail": "{\n  \"accepted_processes\": 2,\n  \"available_mb\": 14806,\n  \"memory_tier\": \"unknown\",\n  \"preflight_peak_mb\": null,\n  \"rationale\": \"no peak-memory estimate available; honouring the requested count\",\n  \"requested_processes\": 2,\n  \"timestamp\": \"2026-09-29T18:43:39+00:00\",\n  \"total_mb\": 15989\n}\n", "truncated": false}, "run_manifest.json": {"unavailable": "FileNotFoundError"}, "base_mesh/mesh_metrics.json": {"size_bytes": 401, "tail": "{\n  \"element_count\": 206137,\n  \"extents\": {\n    \"lateral_margin_um\": 100.0,\n    \"lid_height_um\": 450.0,\n    \"substrate_thickness_um\": 300.0,\n    \"vacuum_height_um\": 300.0\n  },\n  \"mean_quality\": 0.7263143756565194,\n  \"mesh_scale\": 4.0,\n  \"mesh_sha256\": \"d2c7eee442ccec0b5acf7a37a98b61dd305b53bafb68f0d43dab3ba0dc2b069e\",\n  \"minimum_quality\": 0.15838171066132758,\n  \"runtime_seconds\": 7.7689208339998\n}\n", "truncated": false}, "base_mesh/palace_amr.json": {"size_bytes": 2038, "tail": "{\n  \"Boundaries\": {\n    \"PEC\": {\n      \"Attributes\": [\n        10,\n        11,\n        12,\n        30,\n        31\n      ]\n    }\n  },\n  \"Domains\": {\n    \"Materials\": [\n      {\n        \"Attributes\": [\n          1\n        ],\n        \"LossTan\": 1e-06,\n        \"Permeability\": 1.0,\n        \"Permittivity\": 11.45\n      },\n      {\n        \"Attributes\": [\n          2\n        ],\n        \"LossTan\": 1e-06,\n        \"Permeability\": 1.0,\n        \"Permittivity\": 11.45\n      },\n      {\n        \"Attributes\": [\n          3\n        ],\n        \"Permeability\": 1.0,\n        \"Permittivity\": 1.0\n      },\n      {\n        \"Attributes\": [\n          4\n        ],\n        \"Permeability\": 1.0,\n        \"Permittivity\": 1.0\n      },\n      {\n        \"Attributes\": [\n          5\n        ],\n        \"Permeability\": 1.0,\n        \"Permittivity\": 1.0\n      }\n    ],\n    \"Postprocessing\": {\n      \"Energy\": [\n        {\n          \"Attributes\": [\n            1\n          ],\n          \"Index\": 1\n        },\n        {\n          \"Attributes\": [\n            2\n          ],\n          \"Index\": 2\n        },\n        {\n          \"Attributes\": [\n            3\n          ],\n          \"Index\": 3\n        },\n        {\n          \"Attributes\": [\n            4\n          ],\n          \"Index\": 4\n        },\n        {\n          \"Attributes\": [\n            5\n          ],\n          \"Index\": 5\n        }\n      ]\n    }\n  },\n  \"Model\": {\n    \"L0\": 1e-06,\n    \"Mesh\": \"quarter_wave_base.msh\",\n    \"Refinement\": {\n      \"MaxIts\": 4,\n      \"Nonconformal\": false,\n      \"SaveAdaptIterations\": true,\n      \"SaveAdaptMesh\": true,\n      \"Tol\": 0.0001,\n      \"UpdateFraction\": 0.7\n    }\n  },\n  \"Problem\": {\n    \"Output\": \"postpro\",\n    \"OutputFormats\": {\n      \"GridFunction\": true,\n      \"Paraview\": true\n    },\n    \"Type\": \"Eigenmode\",\n    \"Verbose\": 2\n  },\n  \"Solver\": {\n    \"Device\": \"CPU\",\n    \"Eigenmode\": {\n      \"N\": 4,\n      \"Save\": 4,\n      \"Target\": 2.7,\n      \"Tol\": 1e-09\n    },\n    \"Linear\": {\n      \"MaxIts\": 1000,\n      \"Tol\": 1e-09,\n      \"Type\": \"Default\"\n    },\n    \"Order\": 1\n  }\n}\n", "truncated": false}, "base_mesh/palace.stdout.txt": {"size_bytes": 12072, "tail": "Paraview)\n Wrote mode 2 to disk (grid function)\n     3,      +1.114892e+01,      +5.122641e-06,      +1.088200e+06,      +1.986099e-15,      +9.796508e-11\n Wrote mode 3 to disk (Paraview)\n Wrote mode 3 to disk (grid function)\n     4,      +1.684966e+01,      +7.739065e-06,      +1.088611e+06,      +5.296481e-15,      +2.612545e-10\n Wrote mode 4 to disk (Paraview)\n Wrote mode 4 to disk (grid function)\n\nCumulative timing statistics:\n\nElapsed Time Report (s)           Min.        Max.        Avg.\n==============================================================\nInitialization                   0.552       2.928       1.740\n  Mesh Preprocessing             1.587       3.963       2.775\nOperator Construction            9.996       9.997       9.996\nLinear Solve                     7.052       7.053       7.052\n  Setup                          1.448       1.450       1.449\n  Preconditioner                14.805      14.808      14.806\nEigenvalue Solve                 3.263       3.266       3.265\nDiv.-Free Projection            16.882      16.882      16.882\nEstimation                       0.529       0.533       0.531\n  Construction                   7.534       7.536       7.535\n  Solve                         13.403      13.403      13.403\nPostprocessing                   4.166       4.168       4.167\n  Paraview                      33.552      33.554      33.553\n  Grid function                 16.309      16.309      16.309\nDisk IO                          0.882       0.883       0.882\n--------------------------------------------------------------\nTotal                          134.365     134.365     134.365\n\nPeak Memory                   Per-Node       Total   Total HWM\n==============================================================\nInitialization                    4.1M        4.1M        4.1M\n  Mesh Preprocessing            152.4M      152.4M      156.5M\nOperator Construction           297.2M      297.2M      453.8M\nLinear Solve                      0.0K        0.0K      453.8M\n  Setup                         565.1M      565.1M     1018.8M\n  Preconditioner                  2.0G        2.0G        3.0G\nEigenvalue Solve                 62.0M       62.0M        3.1G\nDiv.-Free Projection            199.9M      199.9M        3.3G\nEstimation                      140.2M      140.2M        3.4G\n  Construction                    0.0K        0.0K        3.4G\n  Solve                         140.2M      140.2M        3.6G\nPostprocessing                  106.0M      106.0M        3.7G\n  Paraview                        7.8M        7.8M        3.7G\n  Grid function                   0.0K        0.0K        3.7G\nDisk IO                          68.5M       68.5M        3.7G\n--------------------------------------------------------------\nTotal                             3.7G        3.7G        3.7G\nEstimated peak per-rank memory usage is: Min. 1.9G, Max. 1.9G, Avg. 1.9G, Total 3.8G\nEstimated peak per-node memory usage is: Min. 3.8G, Max. 3.8G, Avg. 3.8G, Total 3.8G\n\nAdaptive mesh refinement (AMR) iteration 1:\n Indicator norm = 5.734e-01, global unknowns = 258137\n Max. iterations = 4, tol. = 1.000e-04\n Marked 20987/206319 elements for refinement (70.00% of the error, \u03b8 = 0.70)\n Conforming mesh refinement added 552822 elements (initial = 206319, final = 759141)\n\nParallel Mesh Stats:\n\n                minimum     average     maximum       total\n vertices         67590       70332       73075      140665\n edges           443632      462168      480704      924336\n faces           740174      771406      802638     1542812\n elements        364131      379570      395010      759141\n neighbors            1           1           1\n\n            minimum     maximum\n h      0.000327183   0.0374924\n kappa      1.06686     19.6122\n\nProceeding with solve/estimate iteration 2...\n\nConfiguring Dirichlet PEC BC at attributes:\n 10-12, 30-31\n\nAssembling system matrices, number of global unknowns:\n H1 (p = 1): 140665, ND (p = 1): 924336, RT (p = 1): 1542812\n Operator assembly level: Partial\n Mesh geometries:\n  Tetrahedron: P = 6, Q = 4 (quadrature order = 2)\n", "truncated": true}, "base_mesh/palace.stderr.txt": {"size_bytes": 0, "tail": "", "truncated": false}, "base_mesh/resource_summary.json": {"unavailable": "FileNotFoundError"}, "base_mesh/resource_samples.json": {"unavailable": "FileNotFoundError"}}, "cgroup_path": "/system.slice/hosted-compute-agent.service", "cgroup_memory": {"memory.current": {"size_bytes": 0, "tail": "9042587648\n", "truncated": false}, "memory.peak": {"size_bytes": 0, "tail": "11284414464\n", "truncated": false}, "memory.max": {"size_bytes": 0, "tail": "max\n", "truncated": false}, "memory.events": {"size_bytes": 0, "tail": "low 0\nhigh 0\nmax 0\noom 0\noom_kill 0\noom_group_kill 0\n", "truncated": false}}, "process_columns": "pid ppid rss_KiB vsz_KiB cpu_percent command_name", "largest_processes": [" 679867  679825 887056 1202748 99.9 palace-x86_64.b", " 679870  679825 859300 1174404 99.9 palace-x86_64.b", " 679567  679564 165888 1295176 6.2 textlayout", "   2112    2090 151156 274614748 0.5 Runner.Worker", "   2046    2044 147488 1431384 0.3 provjobd1305015", "   2090    2032 121200 274345452 0.0 Runner.Listener", "   1154       1 72680 2127092 0.0 dockerd", "    987       1 51748 295280  0.0 php-fpm8.3", " 679564  679562 46444 219116  0.0 uv", "   1063       1 46128 1960992 0.0 containerd", "    225       1 43716 305388  0.0 multipathd", "   1712    1021 37424 454656  0.0 python3"]}
palace	UNKNOWN STEP	2026-09-29T18:46:38.4478244Z {"schema": "textlayout.palace-ci-observation.v1", "timestamp": "2026-09-29T18:46:38.427303+00:00", "scope": "host/process diagnostics; not numerical validation", "meminfo": {"unavailable": "OSError"}, "files": {"toolchain.json": {"size_bytes": 3922, "tail": "{\n  \"capability\": {\n    \"available\": true,\n    \"container_digest\": null,\n    \"container_engine\": null,\n    \"container_image\": null,\n    \"executable\": \"/home/runner/.cache/textlayout-palace/spack-opt/linux-x86_64_v3/palace-0.17.0-fc5grs6ugcjdbzpdpqbqsnmf6ejlq4hx/bin/palace\",\n    \"executable_sha256\": \"ad43ec030f51435f32150a5c72cb324ca03083d2ffc2f91405bbf41c6bc2240f\",\n    \"execution_kind\": \"executable\",\n    \"identified\": true,\n    \"mpi_launcher\": \"/usr/bin/mpirun\",\n    \"status\": \"AVAILABLE\",\n    \"unavailable_reason\": null,\n    \"version\": \"0.17.0\"\n  },\n  \"generated_at\": \"2026-09-29T18:43:39+00:00\",\n  \"git_commit\": \"59e8c654c1cfcc84788b488daf0482682bcda2ba\",\n  \"gmsh\": {\n    \"available\": true,\n    \"expected_version\": \"4.15.2\",\n    \"module\": \"/home/runner/work/Text-to-Layout/Text-to-Layout/.venv/lib/python3.12/site-packages/gmsh.py\",\n    \"module_sha256\": \"f4b0935cebde899750293d87a643090e5ea33c9b18d249267f507db68a0e01c3\",\n    \"version\": \"4.15.2\"\n  },\n  \"install_record\": {\n    \"build_stage\": \"/home/runner/.cache/textlayout-palace/build-stage\",\n    \"compiler_and_mpi_tail\": [\n      \"[+] /home/runner/.cache/textlayout-palace/spack-opt/linux-x86_64_v3/palace-0.17.0-fc5grs6ugcjdbzpdpqbqsnmf6ejlq4hx\",\n      \"==> Installing palace-0.17.0-fc5grs6ugcjdbzpdpqbqsnmf6ejlq4hx [63/63]\",\n      \"==> Updating view at /home/runner/.cache/textlayout-palace/environment/.spack-env/view\",\n      \"gcc (Ubuntu 13.3.0-6ubuntu2~24.04.1) 13.3.0\",\n      \"g++ (Ubuntu 13.3.0-6ubuntu2~24.04.1) 13.3.0\",\n      \"GNU Fortran (Ubuntu 13.3.0-6ubuntu2~24.04.1) 13.3.0\",\n      \"mpirun (Open MPI) 4.1.6\",\n      \"\"\n    ],\n    \"compiler_versions\": {\n      \"gcc\": \"gcc (Ubuntu 13.3.0-6ubuntu2~24.04.1) 13.3.0\",\n      \"gfortran\": \"GNU Fortran (Ubuntu 13.3.0-6ubuntu2~24.04.1) 13.3.0\",\n      \"gxx\": \"g++ (Ubuntu 13.3.0-6ubuntu2~24.04.1) 13.3.0\"\n    },\n    \"git_commit\": \"59e8c654c1cfcc84788b488daf0482682bcda2ba\",\n    \"gmsh\": {\n      \"available\": true,\n      \"expected_version\": \"4.15.2\",\n      \"module\": \"/home/runner/work/Text-to-Layout/Text-to-Layout/.venv/lib/python3.12/site-packages/gmsh.py\",\n      \"module_sha256\": \"f4b0935cebde899750293d87a643090e5ea33c9b18d249267f507db68a0e01c3\",\n      \"version\": \"4.15.2\"\n    },\n    \"gmsh_version\": \"4.15.2\",\n    \"install_tree\": \"/home/runner/.cache/textlayout-palace/spack-opt\",\n    \"installed_at\": \"2026-09-29T18:43:21.397659+00:00\",\n    \"mpi_version\": \"mpirun (Open MPI) 4.1.6\",\n    \"native_root\": \"/home/runner/.cache/textlayout-palace\",\n    \"palace_commit\": \"12d8069afb5aa9e169a17e303d735e120968e9f2\",\n    \"palace_executable\": \"/home/runner/.cache/textlayout-palace/spack-opt/linux-x86_64_v3/palace-0.17.0-fc5grs6ugcjdbzpdpqbqsnmf6ejlq4hx/bin/palace\",\n    \"palace_executable_sha256\": \"ad43ec030f51435f32150a5c72cb324ca03083d2ffc2f91405bbf41c6bc2240f\",\n    \"palace_version\": \"0.17.0\",\n    \"requested_version\": \"0.17.0\",\n    \"reused\": false,\n    \"schema\": \"textlayout.palace-install.v1\",\n    \"source_archive\": {\n      \"available\": true,\n      \"path\": \"/home/runner/work/Text-to-Layout/Text-to-Layout/.tools/external/sources/palace-12d8069afb5aa9e169a17e303d735e120968e9f2.tar.gz\",\n      \"sha256\": \"169f7fe210ea6e771a29bfe0803dd84a774b25b00d2aa3a1f33b9d97a510ff9d\",\n      \"size_bytes\": 47331791\n    },\n    \"source_archive_path\": \"/home/runner/work/Text-to-Layout/Text-to-Layout/.tools/external/sources/palace-12d8069afb5aa9e169a17e303d735e120968e9f2.tar.gz\",\n    \"source_archive_sha256\": \"169f7fe210ea6e771a29bfe0803dd84a774b25b00d2aa3a1f33b9d97a510ff9d\",\n    \"spack_commit\": \"0c2be44e4ece21eb091ad5de4c97716b7c6d4c87\",\n    \"spack_environment\": \"external_tools/palace/spack.yaml\",\n    \"spack_packages_commit\": \"a2928a3376d286ddbf07da62847d5ba5b0fa3c67\",\n    \"spack_runtime_cache\": \"/home/runner/.cache/textlayout-palace\",\n    \"spack_version\": \"1.1.0\",\n    \"status\": \"INSTALLED\",\n    \"strategy\": \"pinned_spack_wsl\"\n  },\n  \"required_palace_version\": \"0.17.0\",\n  \"schema\": \"textlayout.palace-toolchain.v1\"\n}\n", "truncated": false}, "resource_decision.json": {"size_bytes": 288, "tail": "{\n  \"accepted_processes\": 2,\n  \"available_mb\": 14806,\n  \"memory_tier\": \"unknown\",\n  \"preflight_peak_mb\": null,\n  \"rationale\": \"no peak-memory estimate available; honouring the requested count\",\n  \"requested_processes\": 2,\n  \"timestamp\": \"2026-09-29T18:43:39+00:00\",\n  \"total_mb\": 15989\n}\n", "truncated": false}, "run_manifest.json": {"unavailable": "FileNotFoundError"}, "base_mesh/mesh_metrics.json": {"size_bytes": 401, "tail": "{\n  \"element_count\": 206137,\n  \"extents\": {\n    \"lateral_margin_um\": 100.0,\n    \"lid_height_um\": 450.0,\n    \"substrate_thickness_um\": 300.0,\n    \"vacuum_height_um\": 300.0\n  },\n  \"mean_quality\": 0.7263143756565194,\n  \"mesh_scale\": 4.0,\n  \"mesh_sha256\": \"d2c7eee442ccec0b5acf7a37a98b61dd305b53bafb68f0d43dab3ba0dc2b069e\",\n  \"minimum_quality\": 0.15838171066132758,\n  \"runtime_seconds\": 7.7689208339998\n}\n", "truncated": false}, "base_mesh/palace_amr.json": {"size_bytes": 2038, "tail": "{\n  \"Boundaries\": {\n    \"PEC\": {\n      \"Attributes\": [\n        10,\n        11,\n        12,\n        30,\n        31\n      ]\n    }\n  },\n  \"Domains\": {\n    \"Materials\": [\n      {\n        \"Attributes\": [\n          1\n        ],\n        \"LossTan\": 1e-06,\n        \"Permeability\": 1.0,\n        \"Permittivity\": 11.45\n      },\n      {\n        \"Attributes\": [\n          2\n        ],\n        \"LossTan\": 1e-06,\n        \"Permeability\": 1.0,\n        \"Permittivity\": 11.45\n      },\n      {\n        \"Attributes\": [\n          3\n        ],\n        \"Permeability\": 1.0,\n        \"Permittivity\": 1.0\n      },\n      {\n        \"Attributes\": [\n          4\n        ],\n        \"Permeability\": 1.0,\n        \"Permittivity\": 1.0\n      },\n      {\n        \"Attributes\": [\n          5\n        ],\n        \"Permeability\": 1.0,\n        \"Permittivity\": 1.0\n      }\n    ],\n    \"Postprocessing\": {\n      \"Energy\": [\n        {\n          \"Attributes\": [\n            1\n          ],\n          \"Index\": 1\n        },\n        {\n          \"Attributes\": [\n            2\n          ],\n          \"Index\": 2\n        },\n        {\n          \"Attributes\": [\n            3\n          ],\n          \"Index\": 3\n        },\n        {\n          \"Attributes\": [\n            4\n          ],\n          \"Index\": 4\n        },\n        {\n          \"Attributes\": [\n            5\n          ],\n          \"Index\": 5\n        }\n      ]\n    }\n  },\n  \"Model\": {\n    \"L0\": 1e-06,\n    \"Mesh\": \"quarter_wave_base.msh\",\n    \"Refinement\": {\n      \"MaxIts\": 4,\n      \"Nonconformal\": false,\n      \"SaveAdaptIterations\": true,\n      \"SaveAdaptMesh\": true,\n      \"Tol\": 0.0001,\n      \"UpdateFraction\": 0.7\n    }\n  },\n  \"Problem\": {\n    \"Output\": \"postpro\",\n    \"OutputFormats\": {\n      \"GridFunction\": true,\n      \"Paraview\": true\n    },\n    \"Type\": \"Eigenmode\",\n    \"Verbose\": 2\n  },\n  \"Solver\": {\n    \"Device\": \"CPU\",\n    \"Eigenmode\": {\n      \"N\": 4,\n      \"Save\": 4,\n      \"Target\": 2.7,\n      \"Tol\": 1e-09\n    },\n    \"Linear\": {\n      \"MaxIts\": 1000,\n      \"Tol\": 1e-09,\n      \"Type\": \"Default\"\n    },\n    \"Order\": 1\n  }\n}\n", "truncated": false}, "base_mesh/palace.stdout.txt": {"size_bytes": 12111, "tail": "unction)\n     3,      +1.114892e+01,      +5.122641e-06,      +1.088200e+06,      +1.986099e-15,      +9.796508e-11\n Wrote mode 3 to disk (Paraview)\n Wrote mode 3 to disk (grid function)\n     4,      +1.684966e+01,      +7.739065e-06,      +1.088611e+06,      +5.296481e-15,      +2.612545e-10\n Wrote mode 4 to disk (Paraview)\n Wrote mode 4 to disk (grid function)\n\nCumulative timing statistics:\n\nElapsed Time Report (s)           Min.        Max.        Avg.\n==============================================================\nInitialization                   0.552       2.928       1.740\n  Mesh Preprocessing             1.587       3.963       2.775\nOperator Construction            9.996       9.997       9.996\nLinear Solve                     7.052       7.053       7.052\n  Setup                          1.448       1.450       1.449\n  Preconditioner                14.805      14.808      14.806\nEigenvalue Solve                 3.263       3.266       3.265\nDiv.-Free Projection            16.882      16.882      16.882\nEstimation                       0.529       0.533       0.531\n  Construction                   7.534       7.536       7.535\n  Solve                         13.403      13.403      13.403\nPostprocessing                   4.166       4.168       4.167\n  Paraview                      33.552      33.554      33.553\n  Grid function                 16.309      16.309      16.309\nDisk IO                          0.882       0.883       0.882\n--------------------------------------------------------------\nTotal                          134.365     134.365     134.365\n\nPeak Memory                   Per-Node       Total   Total HWM\n==============================================================\nInitialization                    4.1M        4.1M        4.1M\n  Mesh Preprocessing            152.4M      152.4M      156.5M\nOperator Construction           297.2M      297.2M      453.8M\nLinear Solve                      0.0K        0.0K      453.8M\n  Setup                         565.1M      565.1M     1018.8M\n  Preconditioner                  2.0G        2.0G        3.0G\nEigenvalue Solve                 62.0M       62.0M        3.1G\nDiv.-Free Projection            199.9M      199.9M        3.3G\nEstimation                      140.2M      140.2M        3.4G\n  Construction                    0.0K        0.0K        3.4G\n  Solve                         140.2M      140.2M        3.6G\nPostprocessing                  106.0M      106.0M        3.7G\n  Paraview                        7.8M        7.8M        3.7G\n  Grid function                   0.0K        0.0K        3.7G\nDisk IO                          68.5M       68.5M        3.7G\n--------------------------------------------------------------\nTotal                             3.7G        3.7G        3.7G\nEstimated peak per-rank memory usage is: Min. 1.9G, Max. 1.9G, Avg. 1.9G, Total 3.8G\nEstimated peak per-node memory usage is: Min. 3.8G, Max. 3.8G, Avg. 3.8G, Total 3.8G\n\nAdaptive mesh refinement (AMR) iteration 1:\n Indicator norm = 5.734e-01, global unknowns = 258137\n Max. iterations = 4, tol. = 1.000e-04\n Marked 20987/206319 elements for refinement (70.00% of the error, \u03b8 = 0.70)\n Conforming mesh refinement added 552822 elements (initial = 206319, final = 759141)\n\nParallel Mesh Stats:\n\n                minimum     average     maximum       total\n vertices         67590       70332       73075      140665\n edges           443632      462168      480704      924336\n faces           740174      771406      802638     1542812\n elements        364131      379570      395010      759141\n neighbors            1           1           1\n\n            minimum     maximum\n h      0.000327183   0.0374924\n kappa      1.06686     19.6122\n\nProceeding with solve/estimate iteration 2...\n\nConfiguring Dirichlet PEC BC at attributes:\n 10-12, 30-31\n\nAssembling system matrices, number of global unknowns:\n H1 (p = 1): 140665, ND (p = 1): 924336, RT (p = 1): 1542812\n Operator assembly level: Partial\n Mesh geometries:\n  Tetrahedron: P = 6, Q = 4 (quadrature order = 2)\n\nConfiguring ARPACK eigenvalue solver:\n", "truncated": true}, "base_mesh/palace.stderr.txt": {"size_bytes": 0, "tail": "", "truncated": false}, "base_mesh/resource_summary.json": {"unavailable": "FileNotFoundError"}, "base_mesh/resource_samples.json": {"unavailable": "FileNotFoundError"}}, "cgroup_path": "/system.slice/hosted-compute-agent.service", "cgroup_memory": {"memory.current": {"size_bytes": 0, "tail": "9577299968\n", "truncated": false}, "memory.peak": {"size_bytes": 0, "tail": "11284414464\n", "truncated": false}, "memory.max": {"size_bytes": 0, "tail": "max\n", "truncated": false}, "memory.events": {"size_bytes": 0, "tail": "low 0\nhigh 0\nmax 0\noom 0\noom_kill 0\noom_group_kill 0\n", "truncated": false}}, "process_columns": "pid ppid rss_KiB vsz_KiB cpu_percent command_name", "largest_processes": [" 679867  679825 1159180 1474324 99.9 palace-x86_64.b", " 679870  679825 1110272 1424748 99.9 palace-x86_64.b", " 679567  679564 165888 1295176 5.2 textlayout", "   2112    2090 151128 274614748 0.5 Runner.Worker", "   2046    2044 147488 1431384 0.3 provjobd1305015", "   2090    2032 121276 274345452 0.0 Runner.Listener", "   1154       1 72680 2127092 0.0 dockerd", "    987       1 51748 295280  0.0 php-fpm8.3", " 679564  679562 49100 219116  0.0 uv", "   1063       1 46128 1960992 0.0 containerd", "    225       1 43716 305388  0.0 multipathd", "   1712    1021 37424 454656  0.0 python3"]}
palace	UNKNOWN STEP	2026-09-29T18:47:08.4660896Z {"schema": "textlayout.palace-ci-observation.v1", "timestamp": "2026-09-29T18:47:08.441596+00:00", "scope": "host/process diagnostics; not numerical validation", "meminfo": {"unavailable": "OSError"}, "files": {"toolchain.json": {"size_bytes": 3922, "tail": "{\n  \"capability\": {\n    \"available\": true,\n    \"container_digest\": null,\n    \"container_engine\": null,\n    \"container_image\": null,\n    \"executable\": \"/home/runner/.cache/textlayout-palace/spack-opt/linux-x86_64_v3/palace-0.17.0-fc5grs6ugcjdbzpdpqbqsnmf6ejlq4hx/bin/palace\",\n    \"executable_sha256\": \"ad43ec030f51435f32150a5c72cb324ca03083d2ffc2f91405bbf41c6bc2240f\",\n    \"execution_kind\": \"executable\",\n    \"identified\": true,\n    \"mpi_launcher\": \"/usr/bin/mpirun\",\n    \"status\": \"AVAILABLE\",\n    \"unavailable_reason\": null,\n    \"version\": \"0.17.0\"\n  },\n  \"generated_at\": \"2026-09-29T18:43:39+00:00\",\n  \"git_commit\": \"59e8c654c1cfcc84788b488daf0482682bcda2ba\",\n  \"gmsh\": {\n    \"available\": true,\n    \"expected_version\": \"4.15.2\",\n    \"module\": \"/home/runner/work/Text-to-Layout/Text-to-Layout/.venv/lib/python3.12/site-packages/gmsh.py\",\n    \"module_sha256\": \"f4b0935cebde899750293d87a643090e5ea33c9b18d249267f507db68a0e01c3\",\n    \"version\": \"4.15.2\"\n  },\n  \"install_record\": {\n    \"build_stage\": \"/home/runner/.cache/textlayout-palace/build-stage\",\n    \"compiler_and_mpi_tail\": [\n      \"[+] /home/runner/.cache/textlayout-palace/spack-opt/linux-x86_64_v3/palace-0.17.0-fc5grs6ugcjdbzpdpqbqsnmf6ejlq4hx\",\n      \"==> Installing palace-0.17.0-fc5grs6ugcjdbzpdpqbqsnmf6ejlq4hx [63/63]\",\n      \"==> Updating view at /home/runner/.cache/textlayout-palace/environment/.spack-env/view\",\n      \"gcc (Ubuntu 13.3.0-6ubuntu2~24.04.1) 13.3.0\",\n      \"g++ (Ubuntu 13.3.0-6ubuntu2~24.04.1) 13.3.0\",\n      \"GNU Fortran (Ubuntu 13.3.0-6ubuntu2~24.04.1) 13.3.0\",\n      \"mpirun (Open MPI) 4.1.6\",\n      \"\"\n    ],\n    \"compiler_versions\": {\n      \"gcc\": \"gcc (Ubuntu 13.3.0-6ubuntu2~24.04.1) 13.3.0\",\n      \"gfortran\": \"GNU Fortran (Ubuntu 13.3.0-6ubuntu2~24.04.1) 13.3.0\",\n      \"gxx\": \"g++ (Ubuntu 13.3.0-6ubuntu2~24.04.1) 13.3.0\"\n    },\n    \"git_commit\": \"59e8c654c1cfcc84788b488daf0482682bcda2ba\",\n    \"gmsh\": {\n      \"available\": true,\n      \"expected_version\": \"4.15.2\",\n      \"module\": \"/home/runner/work/Text-to-Layout/Text-to-Layout/.venv/lib/python3.12/site-packages/gmsh.py\",\n      \"module_sha256\": \"f4b0935cebde899750293d87a643090e5ea33c9b18d249267f507db68a0e01c3\",\n      \"version\": \"4.15.2\"\n    },\n    \"gmsh_version\": \"4.15.2\",\n    \"install_tree\": \"/home/runner/.cache/textlayout-palace/spack-opt\",\n    \"installed_at\": \"2026-09-29T18:43:21.397659+00:00\",\n    \"mpi_version\": \"mpirun (Open MPI) 4.1.6\",\n    \"native_root\": \"/home/runner/.cache/textlayout-palace\",\n    \"palace_commit\": \"12d8069afb5aa9e169a17e303d735e120968e9f2\",\n    \"palace_executable\": \"/home/runner/.cache/textlayout-palace/spack-opt/linux-x86_64_v3/palace-0.17.0-fc5grs6ugcjdbzpdpqbqsnmf6ejlq4hx/bin/palace\",\n    \"palace_executable_sha256\": \"ad43ec030f51435f32150a5c72cb324ca03083d2ffc2f91405bbf41c6bc2240f\",\n    \"palace_version\": \"0.17.0\",\n    \"requested_version\": \"0.17.0\",\n    \"reused\": false,\n    \"schema\": \"textlayout.palace-install.v1\",\n    \"source_archive\": {\n      \"available\": true,\n      \"path\": \"/home/runner/work/Text-to-Layout/Text-to-Layout/.tools/external/sources/palace-12d8069afb5aa9e169a17e303d735e120968e9f2.tar.gz\",\n      \"sha256\": \"169f7fe210ea6e771a29bfe0803dd84a774b25b00d2aa3a1f33b9d97a510ff9d\",\n      \"size_bytes\": 47331791\n    },\n    \"source_archive_path\": \"/home/runner/work/Text-to-Layout/Text-to-Layout/.tools/external/sources/palace-12d8069afb5aa9e169a17e303d735e120968e9f2.tar.gz\",\n    \"source_archive_sha256\": \"169f7fe210ea6e771a29bfe0803dd84a774b25b00d2aa3a1f33b9d97a510ff9d\",\n    \"spack_commit\": \"0c2be44e4ece21eb091ad5de4c97716b7c6d4c87\",\n    \"spack_environment\": \"external_tools/palace/spack.yaml\",\n    \"spack_packages_commit\": \"a2928a3376d286ddbf07da62847d5ba5b0fa3c67\",\n    \"spack_runtime_cache\": \"/home/runner/.cache/textlayout-palace\",\n    \"spack_version\": \"1.1.0\",\n    \"status\": \"INSTALLED\",\n    \"strategy\": \"pinned_spack_wsl\"\n  },\n  \"required_palace_version\": \"0.17.0\",\n  \"schema\": \"textlayout.palace-toolchain.v1\"\n}\n", "truncated": false}, "resource_decision.json": {"size_bytes": 288, "tail": "{\n  \"accepted_processes\": 2,\n  \"available_mb\": 14806,\n  \"memory_tier\": \"unknown\",\n  \"preflight_peak_mb\": null,\n  \"rationale\": \"no peak-memory estimate available; honouring the requested count\",\n  \"requested_processes\": 2,\n  \"timestamp\": \"2026-09-29T18:43:39+00:00\",\n  \"total_mb\": 15989\n}\n", "truncated": false}, "run_manifest.json": {"unavailable": "FileNotFoundError"}, "base_mesh/mesh_metrics.json": {"size_bytes": 401, "tail": "{\n  \"element_count\": 206137,\n  \"extents\": {\n    \"lateral_margin_um\": 100.0,\n    \"lid_height_um\": 450.0,\n    \"substrate_thickness_um\": 300.0,\n    \"vacuum_height_um\": 300.0\n  },\n  \"mean_quality\": 0.7263143756565194,\n  \"mesh_scale\": 4.0,\n  \"mesh_sha256\": \"d2c7eee442ccec0b5acf7a37a98b61dd305b53bafb68f0d43dab3ba0dc2b069e\",\n  \"minimum_quality\": 0.15838171066132758,\n  \"runtime_seconds\": 7.7689208339998\n}\n", "truncated": false}, "base_mesh/palace_amr.json": {"size_bytes": 2038, "tail": "{\n  \"Boundaries\": {\n    \"PEC\": {\n      \"Attributes\": [\n        10,\n        11,\n        12,\n        30,\n        31\n      ]\n    }\n  },\n  \"Domains\": {\n    \"Materials\": [\n      {\n        \"Attributes\": [\n          1\n        ],\n        \"LossTan\": 1e-06,\n        \"Permeability\": 1.0,\n        \"Permittivity\": 11.45\n      },\n      {\n        \"Attributes\": [\n          2\n        ],\n        \"LossTan\": 1e-06,\n        \"Permeability\": 1.0,\n        \"Permittivity\": 11.45\n      },\n      {\n        \"Attributes\": [\n          3\n        ],\n        \"Permeability\": 1.0,\n        \"Permittivity\": 1.0\n      },\n      {\n        \"Attributes\": [\n          4\n        ],\n        \"Permeability\": 1.0,\n        \"Permittivity\": 1.0\n      },\n      {\n        \"Attributes\": [\n          5\n        ],\n        \"Permeability\": 1.0,\n        \"Permittivity\": 1.0\n      }\n    ],\n    \"Postprocessing\": {\n      \"Energy\": [\n        {\n          \"Attributes\": [\n            1\n          ],\n          \"Index\": 1\n        },\n        {\n          \"Attributes\": [\n            2\n          ],\n          \"Index\": 2\n        },\n        {\n          \"Attributes\": [\n            3\n          ],\n          \"Index\": 3\n        },\n        {\n          \"Attributes\": [\n            4\n          ],\n          \"Index\": 4\n        },\n        {\n          \"Attributes\": [\n            5\n          ],\n          \"Index\": 5\n        }\n      ]\n    }\n  },\n  \"Model\": {\n    \"L0\": 1e-06,\n    \"Mesh\": \"quarter_wave_base.msh\",\n    \"Refinement\": {\n      \"MaxIts\": 4,\n      \"Nonconformal\": false,\n      \"SaveAdaptIterations\": true,\n      \"SaveAdaptMesh\": true,\n      \"Tol\": 0.0001,\n      \"UpdateFraction\": 0.7\n    }\n  },\n  \"Problem\": {\n    \"Output\": \"postpro\",\n    \"OutputFormats\": {\n      \"GridFunction\": true,\n      \"Paraview\": true\n    },\n    \"Type\": \"Eigenmode\",\n    \"Verbose\": 2\n  },\n  \"Solver\": {\n    \"Device\": \"CPU\",\n    \"Eigenmode\": {\n      \"N\": 4,\n      \"Save\": 4,\n      \"Target\": 2.7,\n      \"Tol\": 1e-09\n    },\n    \"Linear\": {\n      \"MaxIts\": 1000,\n      \"Tol\": 1e-09,\n      \"Type\": \"Default\"\n    },\n    \"Order\": 1\n  }\n}\n", "truncated": false}, "base_mesh/palace.stdout.txt": {"size_bytes": 12383, "tail": "5,      +2.612545e-10\n Wrote mode 4 to disk (Paraview)\n Wrote mode 4 to disk (grid function)\n\nCumulative timing statistics:\n\nElapsed Time Report (s)           Min.        Max.        Avg.\n==============================================================\nInitialization                   0.552       2.928       1.740\n  Mesh Preprocessing             1.587       3.963       2.775\nOperator Construction            9.996       9.997       9.996\nLinear Solve                     7.052       7.053       7.052\n  Setup                          1.448       1.450       1.449\n  Preconditioner                14.805      14.808      14.806\nEigenvalue Solve                 3.263       3.266       3.265\nDiv.-Free Projection            16.882      16.882      16.882\nEstimation                       0.529       0.533       0.531\n  Construction                   7.534       7.536       7.535\n  Solve                         13.403      13.403      13.403\nPostprocessing                   4.166       4.168       4.167\n  Paraview                      33.552      33.554      33.553\n  Grid function                 16.309      16.309      16.309\nDisk IO                          0.882       0.883       0.882\n--------------------------------------------------------------\nTotal                          134.365     134.365     134.365\n\nPeak Memory                   Per-Node       Total   Total HWM\n==============================================================\nInitialization                    4.1M        4.1M        4.1M\n  Mesh Preprocessing            152.4M      152.4M      156.5M\nOperator Construction           297.2M      297.2M      453.8M\nLinear Solve                      0.0K        0.0K      453.8M\n  Setup                         565.1M      565.1M     1018.8M\n  Preconditioner                  2.0G        2.0G        3.0G\nEigenvalue Solve                 62.0M       62.0M        3.1G\nDiv.-Free Projection            199.9M      199.9M        3.3G\nEstimation                      140.2M      140.2M        3.4G\n  Construction                    0.0K        0.0K        3.4G\n  Solve                         140.2M      140.2M        3.6G\nPostprocessing                  106.0M      106.0M        3.7G\n  Paraview                        7.8M        7.8M        3.7G\n  Grid function                   0.0K        0.0K        3.7G\nDisk IO                          68.5M       68.5M        3.7G\n--------------------------------------------------------------\nTotal                             3.7G        3.7G        3.7G\nEstimated peak per-rank memory usage is: Min. 1.9G, Max. 1.9G, Avg. 1.9G, Total 3.8G\nEstimated peak per-node memory usage is: Min. 3.8G, Max. 3.8G, Avg. 3.8G, Total 3.8G\n\nAdaptive mesh refinement (AMR) iteration 1:\n Indicator norm = 5.734e-01, global unknowns = 258137\n Max. iterations = 4, tol. = 1.000e-04\n Marked 20987/206319 elements for refinement (70.00% of the error, \u03b8 = 0.70)\n Conforming mesh refinement added 552822 elements (initial = 206319, final = 759141)\n\nParallel Mesh Stats:\n\n                minimum     average     maximum       total\n vertices         67590       70332       73075      140665\n edges           443632      462168      480704      924336\n faces           740174      771406      802638     1542812\n elements        364131      379570      395010      759141\n neighbors            1           1           1\n\n            minimum     maximum\n h      0.000327183   0.0374924\n kappa      1.06686     19.6122\n\nProceeding with solve/estimate iteration 2...\n\nConfiguring Dirichlet PEC BC at attributes:\n 10-12, 30-31\n\nAssembling system matrices, number of global unknowns:\n H1 (p = 1): 140665, ND (p = 1): 924336, RT (p = 1): 1542812\n Operator assembly level: Partial\n Mesh geometries:\n  Tetrahedron: P = 6, Q = 4 (quadrature order = 2)\n\nConfiguring ARPACK eigenvalue solver:\n Scaling \u03b3 = 3.842e+05, \u03b4 = 1.901e-05\n Configuring divergence-free projection\n Using random starting vector\n Shift-and-invert \u03c3 = 2.700e+00 GHz (2.936e-01)\n\nAssembling multigrid hierarchy:\n Level 0 (p = 1): 924336 unknowns\n Level 0 (auxiliary) (p = 1): 140665 unknowns\n", "truncated": true}, "base_mesh/palace.stderr.txt": {"size_bytes": 0, "tail": "", "truncated": false}, "base_mesh/resource_summary.json": {"unavailable": "FileNotFoundError"}, "base_mesh/resource_samples.json": {"unavailable": "FileNotFoundError"}}, "cgroup_path": "/system.slice/hosted-compute-agent.service", "cgroup_memory": {"memory.current": {"size_bytes": 0, "tail": "11489914880\n", "truncated": false}, "memory.peak": {"size_bytes": 0, "tail": "12323446784\n", "truncated": false}, "memory.max": {"size_bytes": 0, "tail": "max\n", "truncated": false}, "memory.events": {"size_bytes": 0, "tail": "low 0\nhigh 0\nmax 0\noom 0\noom_kill 0\noom_group_kill 0\n", "truncated": false}}, "process_columns": "pid ppid rss_KiB vsz_KiB cpu_percent command_name", "largest_processes": [" 679867  679825 2137348 2449444 99.9 palace-x86_64.b", " 679870  679825 1991628 2315360 99.9 palace-x86_64.b", " 679567  679564 166268 1295176 4.5 textlayout", "   2112    2090 151128 274614764 0.5 Runner.Worker", "   2046    2044 147488 1431384 0.3 provjobd1305015", "   2090    2032 121276 274345452 0.0 Runner.Listener", "   1154       1 72680 2127092 0.0 dockerd", "    987       1 51748 295280  0.0 php-fpm8.3", " 679564  679562 49100 219116  0.0 uv", "   1063       1 46136 1960992 0.0 containerd", "    225       1 43716 305388  0.0 multipathd", "   1712    1021 37424 454656  0.0 python3"]}
palace	UNKNOWN STEP	2026-09-29T18:47:38.4770646Z {"schema": "textlayout.palace-ci-observation.v1", "timestamp": "2026-09-29T18:47:38.456843+00:00", "scope": "host/process diagnostics; not numerical validation", "meminfo": {"unavailable": "OSError"}, "files": {"toolchain.json": {"size_bytes": 3922, "tail": "{\n  \"capability\": {\n    \"available\": true,\n    \"container_digest\": null,\n    \"container_engine\": null,\n    \"container_image\": null,\n    \"executable\": \"/home/runner/.cache/textlayout-palace/spack-opt/linux-x86_64_v3/palace-0.17.0-fc5grs6ugcjdbzpdpqbqsnmf6ejlq4hx/bin/palace\",\n    \"executable_sha256\": \"ad43ec030f51435f32150a5c72cb324ca03083d2ffc2f91405bbf41c6bc2240f\",\n    \"execution_kind\": \"executable\",\n    \"identified\": true,\n    \"mpi_launcher\": \"/usr/bin/mpirun\",\n    \"status\": \"AVAILABLE\",\n    \"unavailable_reason\": null,\n    \"version\": \"0.17.0\"\n  },\n  \"generated_at\": \"2026-09-29T18:43:39+00:00\",\n  \"git_commit\": \"59e8c654c1cfcc84788b488daf0482682bcda2ba\",\n  \"gmsh\": {\n    \"available\": true,\n    \"expected_version\": \"4.15.2\",\n    \"module\": \"/home/runner/work/Text-to-Layout/Text-to-Layout/.venv/lib/python3.12/site-packages/gmsh.py\",\n    \"module_sha256\": \"f4b0935cebde899750293d87a643090e5ea33c9b18d249267f507db68a0e01c3\",\n    \"version\": \"4.15.2\"\n  },\n  \"install_record\": {\n    \"build_stage\": \"/home/runner/.cache/textlayout-palace/build-stage\",\n    \"compiler_and_mpi_tail\": [\n      \"[+] /home/runner/.cache/textlayout-palace/spack-opt/linux-x86_64_v3/palace-0.17.0-fc5grs6ugcjdbzpdpqbqsnmf6ejlq4hx\",\n      \"==> Installing palace-0.17.0-fc5grs6ugcjdbzpdpqbqsnmf6ejlq4hx [63/63]\",\n      \"==> Updating view at /home/runner/.cache/textlayout-palace/environment/.spack-env/view\",\n      \"gcc (Ubuntu 13.3.0-6ubuntu2~24.04.1) 13.3.0\",\n      \"g++ (Ubuntu 13.3.0-6ubuntu2~24.04.1) 13.3.0\",\n      \"GNU Fortran (Ubuntu 13.3.0-6ubuntu2~24.04.1) 13.3.0\",\n      \"mpirun (Open MPI) 4.1.6\",\n      \"\"\n    ],\n    \"compiler_versions\": {\n      \"gcc\": \"gcc (Ubuntu 13.3.0-6ubuntu2~24.04.1) 13.3.0\",\n      \"gfortran\": \"GNU Fortran (Ubuntu 13.3.0-6ubuntu2~24.04.1) 13.3.0\",\n      \"gxx\": \"g++ (Ubuntu 13.3.0-6ubuntu2~24.04.1) 13.3.0\"\n    },\n    \"git_commit\": \"59e8c654c1cfcc84788b488daf0482682bcda2ba\",\n    \"gmsh\": {\n      \"available\": true,\n      \"expected_version\": \"4.15.2\",\n      \"module\": \"/home/runner/work/Text-to-Layout/Text-to-Layout/.venv/lib/python3.12/site-packages/gmsh.py\",\n      \"module_sha256\": \"f4b0935cebde899750293d87a643090e5ea33c9b18d249267f507db68a0e01c3\",\n      \"version\": \"4.15.2\"\n    },\n    \"gmsh_version\": \"4.15.2\",\n    \"install_tree\": \"/home/runner/.cache/textlayout-palace/spack-opt\",\n    \"installed_at\": \"2026-09-29T18:43:21.397659+00:00\",\n    \"mpi_version\": \"mpirun (Open MPI) 4.1.6\",\n    \"native_root\": \"/home/runner/.cache/textlayout-palace\",\n    \"palace_commit\": \"12d8069afb5aa9e169a17e303d735e120968e9f2\",\n    \"palace_executable\": \"/home/runner/.cache/textlayout-palace/spack-opt/linux-x86_64_v3/palace-0.17.0-fc5grs6ugcjdbzpdpqbqsnmf6ejlq4hx/bin/palace\",\n    \"palace_executable_sha256\": \"ad43ec030f51435f32150a5c72cb324ca03083d2ffc2f91405bbf41c6bc2240f\",\n    \"palace_version\": \"0.17.0\",\n    \"requested_version\": \"0.17.0\",\n    \"reused\": false,\n    \"schema\": \"textlayout.palace-install.v1\",\n    \"source_archive\": {\n      \"available\": true,\n      \"path\": \"/home/runner/work/Text-to-Layout/Text-to-Layout/.tools/external/sources/palace-12d8069afb5aa9e169a17e303d735e120968e9f2.tar.gz\",\n      \"sha256\": \"169f7fe210ea6e771a29bfe0803dd84a774b25b00d2aa3a1f33b9d97a510ff9d\",\n      \"size_bytes\": 47331791\n    },\n    \"source_archive_path\": \"/home/runner/work/Text-to-Layout/Text-to-Layout/.tools/external/sources/palace-12d8069afb5aa9e169a17e303d735e120968e9f2.tar.gz\",\n    \"source_archive_sha256\": \"169f7fe210ea6e771a29bfe0803dd84a774b25b00d2aa3a1f33b9d97a510ff9d\",\n    \"spack_commit\": \"0c2be44e4ece21eb091ad5de4c97716b7c6d4c87\",\n    \"spack_environment\": \"external_tools/palace/spack.yaml\",\n    \"spack_packages_commit\": \"a2928a3376d286ddbf07da62847d5ba5b0fa3c67\",\n    \"spack_runtime_cache\": \"/home/runner/.cache/textlayout-palace\",\n    \"spack_version\": \"1.1.0\",\n    \"status\": \"INSTALLED\",\n    \"strategy\": \"pinned_spack_wsl\"\n  },\n  \"required_palace_version\": \"0.17.0\",\n  \"schema\": \"textlayout.palace-toolchain.v1\"\n}\n", "truncated": false}, "resource_decision.json": {"size_bytes": 288, "tail": "{\n  \"accepted_processes\": 2,\n  \"available_mb\": 14806,\n  \"memory_tier\": \"unknown\",\n  \"preflight_peak_mb\": null,\n  \"rationale\": \"no peak-memory estimate available; honouring the requested count\",\n  \"requested_processes\": 2,\n  \"timestamp\": \"2026-09-29T18:43:39+00:00\",\n  \"total_mb\": 15989\n}\n", "truncated": false}, "run_manifest.json": {"unavailable": "FileNotFoundError"}, "base_mesh/mesh_metrics.json": {"size_bytes": 401, "tail": "{\n  \"element_count\": 206137,\n  \"extents\": {\n    \"lateral_margin_um\": 100.0,\n    \"lid_height_um\": 450.0,\n    \"substrate_thickness_um\": 300.0,\n    \"vacuum_height_um\": 300.0\n  },\n  \"mean_quality\": 0.7263143756565194,\n  \"mesh_scale\": 4.0,\n  \"mesh_sha256\": \"d2c7eee442ccec0b5acf7a37a98b61dd305b53bafb68f0d43dab3ba0dc2b069e\",\n  \"minimum_quality\": 0.15838171066132758,\n  \"runtime_seconds\": 7.7689208339998\n}\n", "truncated": false}, "base_mesh/palace_amr.json": {"size_bytes": 2038, "tail": "{\n  \"Boundaries\": {\n    \"PEC\": {\n      \"Attributes\": [\n        10,\n        11,\n        12,\n        30,\n        31\n      ]\n    }\n  },\n  \"Domains\": {\n    \"Materials\": [\n      {\n        \"Attributes\": [\n          1\n        ],\n        \"LossTan\": 1e-06,\n        \"Permeability\": 1.0,\n        \"Permittivity\": 11.45\n      },\n      {\n        \"Attributes\": [\n          2\n        ],\n        \"LossTan\": 1e-06,\n        \"Permeability\": 1.0,\n        \"Permittivity\": 11.45\n      },\n      {\n        \"Attributes\": [\n          3\n        ],\n        \"Permeability\": 1.0,\n        \"Permittivity\": 1.0\n      },\n      {\n        \"Attributes\": [\n          4\n        ],\n        \"Permeability\": 1.0,\n        \"Permittivity\": 1.0\n      },\n      {\n        \"Attributes\": [\n          5\n        ],\n        \"Permeability\": 1.0,\n        \"Permittivity\": 1.0\n      }\n    ],\n    \"Postprocessing\": {\n      \"Energy\": [\n        {\n          \"Attributes\": [\n            1\n          ],\n          \"Index\": 1\n        },\n        {\n          \"Attributes\": [\n            2\n          ],\n          \"Index\": 2\n        },\n        {\n          \"Attributes\": [\n            3\n          ],\n          \"Index\": 3\n        },\n        {\n          \"Attributes\": [\n            4\n          ],\n          \"Index\": 4\n        },\n        {\n          \"Attributes\": [\n            5\n          ],\n          \"Index\": 5\n        }\n      ]\n    }\n  },\n  \"Model\": {\n    \"L0\": 1e-06,\n    \"Mesh\": \"quarter_wave_base.msh\",\n    \"Refinement\": {\n      \"MaxIts\": 4,\n      \"Nonconformal\": false,\n      \"SaveAdaptIterations\": true,\n      \"SaveAdaptMesh\": true,\n      \"Tol\": 0.0001,\n      \"UpdateFraction\": 0.7\n    }\n  },\n  \"Problem\": {\n    \"Output\": \"postpro\",\n    \"OutputFormats\": {\n      \"GridFunction\": true,\n      \"Paraview\": true\n    },\n    \"Type\": \"Eigenmode\",\n    \"Verbose\": 2\n  },\n  \"Solver\": {\n    \"Device\": \"CPU\",\n    \"Eigenmode\": {\n      \"N\": 4,\n      \"Save\": 4,\n      \"Target\": 2.7,\n      \"Tol\": 1e-09\n    },\n    \"Linear\": {\n      \"MaxIts\": 1000,\n      \"Tol\": 1e-09,\n      \"Type\": \"Default\"\n    },\n    \"Order\": 1\n  }\n}\n", "truncated": false}, "base_mesh/palace.stdout.txt": {"size_bytes": 12383, "tail": "5,      +2.612545e-10\n Wrote mode 4 to disk (Paraview)\n Wrote mode 4 to disk (grid function)\n\nCumulative timing statistics:\n\nElapsed Time Report (s)           Min.        Max.        Avg.\n==============================================================\nInitialization                   0.552       2.928       1.740\n  Mesh Preprocessing             1.587       3.963       2.775\nOperator Construction            9.996       9.997       9.996\nLinear Solve                     7.052       7.053       7.052\n  Setup                          1.448       1.450       1.449\n  Preconditioner                14.805      14.808      14.806\nEigenvalue Solve                 3.263       3.266       3.265\nDiv.-Free Projection            16.882      16.882      16.882\nEstimation                       0.529       0.533       0.531\n  Construction                   7.534       7.536       7.535\n  Solve                         13.403      13.403      13.403\nPostprocessing                   4.166       4.168       4.167\n  Paraview                      33.552      33.554      33.553\n  Grid function                 16.309      16.309      16.309\nDisk IO                          0.882       0.883       0.882\n--------------------------------------------------------------\nTotal                          134.365     134.365     134.365\n\nPeak Memory                   Per-Node       Total   Total HWM\n==============================================================\nInitialization                    4.1M        4.1M        4.1M\n  Mesh Preprocessing            152.4M      152.4M      156.5M\nOperator Construction           297.2M      297.2M      453.8M\nLinear Solve                      0.0K        0.0K      453.8M\n  Setup                         565.1M      565.1M     1018.8M\n  Preconditioner                  2.0G        2.0G        3.0G\nEigenvalue Solve                 62.0M       62.0M        3.1G\nDiv.-Free Projection            199.9M      199.9M        3.3G\nEstimation                      140.2M      140.2M        3.4G\n  Construction                    0.0K        0.0K        3.4G\n  Solve                         140.2M      140.2M        3.6G\nPostprocessing                  106.0M      106.0M        3.7G\n  Paraview                        7.8M        7.8M        3.7G\n  Grid function                   0.0K        0.0K        3.7G\nDisk IO                          68.5M       68.5M        3.7G\n--------------------------------------------------------------\nTotal                             3.7G        3.7G        3.7G\nEstimated peak per-rank memory usage is: Min. 1.9G, Max. 1.9G, Avg. 1.9G, Total 3.8G\nEstimated peak per-node memory usage is: Min. 3.8G, Max. 3.8G, Avg. 3.8G, Total 3.8G\n\nAdaptive mesh refinement (AMR) iteration 1:\n Indicator norm = 5.734e-01, global unknowns = 258137\n Max. iterations = 4, tol. = 1.000e-04\n Marked 20987/206319 elements for refinement (70.00% of the error, \u03b8 = 0.70)\n Conforming mesh refinement added 552822 elements (initial = 206319, final = 759141)\n\nParallel Mesh Stats:\n\n                minimum     average     maximum       total\n vertices         67590       70332       73075      140665\n edges           443632      462168      480704      924336\n faces           740174      771406      802638     1542812\n elements        364131      379570      395010      759141\n neighbors            1           1           1\n\n            minimum     maximum\n h      0.000327183   0.0374924\n kappa      1.06686     19.6122\n\nProceeding with solve/estimate iteration 2...\n\nConfiguring Dirichlet PEC BC at attributes:\n 10-12, 30-31\n\nAssembling system matrices, number of global unknowns:\n H1 (p = 1): 140665, ND (p = 1): 924336, RT (p = 1): 1542812\n Operator assembly level: Partial\n Mesh geometries:\n  Tetrahedron: P = 6, Q = 4 (quadrature order = 2)\n\nConfiguring ARPACK eigenvalue solver:\n Scaling \u03b3 = 3.842e+05, \u03b4 = 1.901e-05\n Configuring divergence-free projection\n Using random starting vector\n Shift-and-invert \u03c3 = 2.700e+00 GHz (2.936e-01)\n\nAssembling multigrid hierarchy:\n Level 0 (p = 1): 924336 unknowns\n Level 0 (auxiliary) (p = 1): 140665 unknowns\n", "truncated": true}, "base_mesh/palace.stderr.txt": {"size_bytes": 0, "tail": "", "truncated": false}, "base_mesh/resource_summary.json": {"unavailable": "FileNotFoundError"}, "base_mesh/resource_samples.json": {"unavailable": "FileNotFoundError"}}, "cgroup_path": "/system.slice/hosted-compute-agent.service", "cgroup_memory": {"memory.current": {"size_bytes": 0, "tail": "11831128064\n", "truncated": false}, "memory.peak": {"size_bytes": 0, "tail": "12323446784\n", "truncated": false}, "memory.max": {"size_bytes": 0, "tail": "max\n", "truncated": false}, "memory.events": {"size_bytes": 0, "tail": "low 0\nhigh 0\nmax 0\noom 0\noom_kill 0\noom_group_kill 0\n", "truncated": false}}, "process_columns": "pid ppid rss_KiB vsz_KiB cpu_percent command_name", "largest_processes": [" 679867  679825 2326324 2638420 99.9 palace-x86_64.b", " 679870  679825 2139728 2463460 99.9 palace-x86_64.b", " 679567  679564 166268 1295176 4.0 textlayout", "   2112    2090 151100 274614748 0.5 Runner.Worker", "   2046    2044 147296 1431384 0.3 provjobd1305015", "   2090    2032 121316 274345452 0.0 Runner.Listener", "   1154       1 72680 2127092 0.0 dockerd", "    987       1 51748 295280  0.0 php-fpm8.3", " 679564  679562 49100 219116  0.0 uv", "   1063       1 46136 1960992 0.0 containerd", "    225       1 43716 305388  0.0 multipathd", "   1712    1021 37424 454656  0.0 python3"]}
palace	UNKNOWN STEP	2026-09-29T18:48:08.4935883Z {"schema": "textlayout.palace-ci-observation.v1", "timestamp": "2026-09-29T18:48:08.470793+00:00", "scope": "host/process diagnostics; not numerical validation", "meminfo": {"unavailable": "OSError"}, "files": {"toolchain.json": {"size_bytes": 3922, "tail": "{\n  \"capability\": {\n    \"available\": true,\n    \"container_digest\": null,\n    \"container_engine\": null,\n    \"container_image\": null,\n    \"executable\": \"/home/runner/.cache/textlayout-palace/spack-opt/linux-x86_64_v3/palace-0.17.0-fc5grs6ugcjdbzpdpqbqsnmf6ejlq4hx/bin/palace\",\n    \"executable_sha256\": \"ad43ec030f51435f32150a5c72cb324ca03083d2ffc2f91405bbf41c6bc2240f\",\n    \"execution_kind\": \"executable\",\n    \"identified\": true,\n    \"mpi_launcher\": \"/usr/bin/mpirun\",\n    \"status\": \"AVAILABLE\",\n    \"unavailable_reason\": null,\n    \"version\": \"0.17.0\"\n  },\n  \"generated_at\": \"2026-09-29T18:43:39+00:00\",\n  \"git_commit\": \"59e8c654c1cfcc84788b488daf0482682bcda2ba\",\n  \"gmsh\": {\n    \"available\": true,\n    \"expected_version\": \"4.15.2\",\n    \"module\": \"/home/runner/work/Text-to-Layout/Text-to-Layout/.venv/lib/python3.12/site-packages/gmsh.py\",\n    \"module_sha256\": \"f4b0935cebde899750293d87a643090e5ea33c9b18d249267f507db68a0e01c3\",\n    \"version\": \"4.15.2\"\n  },\n  \"install_record\": {\n    \"build_stage\": \"/home/runner/.cache/textlayout-palace/build-stage\",\n    \"compiler_and_mpi_tail\": [\n      \"[+] /home/runner/.cache/textlayout-palace/spack-opt/linux-x86_64_v3/palace-0.17.0-fc5grs6ugcjdbzpdpqbqsnmf6ejlq4hx\",\n      \"==> Installing palace-0.17.0-fc5grs6ugcjdbzpdpqbqsnmf6ejlq4hx [63/63]\",\n      \"==> Updating view at /home/runner/.cache/textlayout-palace/environment/.spack-env/view\",\n      \"gcc (Ubuntu 13.3.0-6ubuntu2~24.04.1) 13.3.0\",\n      \"g++ (Ubuntu 13.3.0-6ubuntu2~24.04.1) 13.3.0\",\n      \"GNU Fortran (Ubuntu 13.3.0-6ubuntu2~24.04.1) 13.3.0\",\n      \"mpirun (Open MPI) 4.1.6\",\n      \"\"\n    ],\n    \"compiler_versions\": {\n      \"gcc\": \"gcc (Ubuntu 13.3.0-6ubuntu2~24.04.1) 13.3.0\",\n      \"gfortran\": \"GNU Fortran (Ubuntu 13.3.0-6ubuntu2~24.04.1) 13.3.0\",\n      \"gxx\": \"g++ (Ubuntu 13.3.0-6ubuntu2~24.04.1) 13.3.0\"\n    },\n    \"git_commit\": \"59e8c654c1cfcc84788b488daf0482682bcda2ba\",\n    \"gmsh\": {\n      \"available\": true,\n      \"expected_version\": \"4.15.2\",\n      \"module\": \"/home/runner/work/Text-to-Layout/Text-to-Layout/.venv/lib/python3.12/site-packages/gmsh.py\",\n      \"module_sha256\": \"f4b0935cebde899750293d87a643090e5ea33c9b18d249267f507db68a0e01c3\",\n      \"version\": \"4.15.2\"\n    },\n    \"gmsh_version\": \"4.15.2\",\n    \"install_tree\": \"/home/runner/.cache/textlayout-palace/spack-opt\",\n    \"installed_at\": \"2026-09-29T18:43:21.397659+00:00\",\n    \"mpi_version\": \"mpirun (Open MPI) 4.1.6\",\n    \"native_root\": \"/home/runner/.cache/textlayout-palace\",\n    \"palace_commit\": \"12d8069afb5aa9e169a17e303d735e120968e9f2\",\n    \"palace_executable\": \"/home/runner/.cache/textlayout-palace/spack-opt/linux-x86_64_v3/palace-0.17.0-fc5grs6ugcjdbzpdpqbqsnmf6ejlq4hx/bin/palace\",\n    \"palace_executable_sha256\": \"ad43ec030f51435f32150a5c72cb324ca03083d2ffc2f91405bbf41c6bc2240f\",\n    \"palace_version\": \"0.17.0\",\n    \"requested_version\": \"0.17.0\",\n    \"reused\": false,\n    \"schema\": \"textlayout.palace-install.v1\",\n    \"source_archive\": {\n      \"available\": true,\n      \"path\": \"/home/runner/work/Text-to-Layout/Text-to-Layout/.tools/external/sources/palace-12d8069afb5aa9e169a17e303d735e120968e9f2.tar.gz\",\n      \"sha256\": \"169f7fe210ea6e771a29bfe0803dd84a774b25b00d2aa3a1f33b9d97a510ff9d\",\n      \"size_bytes\": 47331791\n    },\n    \"source_archive_path\": \"/home/runner/work/Text-to-Layout/Text-to-Layout/.tools/external/sources/palace-12d8069afb5aa9e169a17e303d735e120968e9f2.tar.gz\",\n    \"source_archive_sha256\": \"169f7fe210ea6e771a29bfe0803dd84a774b25b00d2aa3a1f33b9d97a510ff9d\",\n    \"spack_commit\": \"0c2be44e4ece21eb091ad5de4c97716b7c6d4c87\",\n    \"spack_environment\": \"external_tools/palace/spack.yaml\",\n    \"spack_packages_commit\": \"a2928a3376d286ddbf07da62847d5ba5b0fa3c67\",\n    \"spack_runtime_cache\": \"/home/runner/.cache/textlayout-palace\",\n    \"spack_version\": \"1.1.0\",\n    \"status\": \"INSTALLED\",\n    \"strategy\": \"pinned_spack_wsl\"\n  },\n  \"required_palace_version\": \"0.17.0\",\n  \"schema\": \"textlayout.palace-toolchain.v1\"\n}\n", "truncated": false}, "resource_decision.json": {"size_bytes": 288, "tail": "{\n  \"accepted_processes\": 2,\n  \"available_mb\": 14806,\n  \"memory_tier\": \"unknown\",\n  \"preflight_peak_mb\": null,\n  \"rationale\": \"no peak-memory estimate available; honouring the requested count\",\n  \"requested_processes\": 2,\n  \"timestamp\": \"2026-09-29T18:43:39+00:00\",\n  \"total_mb\": 15989\n}\n", "truncated": false}, "run_manifest.json": {"unavailable": "FileNotFoundError"}, "base_mesh/mesh_metrics.json": {"size_bytes": 401, "tail": "{\n  \"element_count\": 206137,\n  \"extents\": {\n    \"lateral_margin_um\": 100.0,\n    \"lid_height_um\": 450.0,\n    \"substrate_thickness_um\": 300.0,\n    \"vacuum_height_um\": 300.0\n  },\n  \"mean_quality\": 0.7263143756565194,\n  \"mesh_scale\": 4.0,\n  \"mesh_sha256\": \"d2c7eee442ccec0b5acf7a37a98b61dd305b53bafb68f0d43dab3ba0dc2b069e\",\n  \"minimum_quality\": 0.15838171066132758,\n  \"runtime_seconds\": 7.7689208339998\n}\n", "truncated": false}, "base_mesh/palace_amr.json": {"size_bytes": 2038, "tail": "{\n  \"Boundaries\": {\n    \"PEC\": {\n      \"Attributes\": [\n        10,\n        11,\n        12,\n        30,\n        31\n      ]\n    }\n  },\n  \"Domains\": {\n    \"Materials\": [\n      {\n        \"Attributes\": [\n          1\n        ],\n        \"LossTan\": 1e-06,\n        \"Permeability\": 1.0,\n        \"Permittivity\": 11.45\n      },\n      {\n        \"Attributes\": [\n          2\n        ],\n        \"LossTan\": 1e-06,\n        \"Permeability\": 1.0,\n        \"Permittivity\": 11.45\n      },\n      {\n        \"Attributes\": [\n          3\n        ],\n        \"Permeability\": 1.0,\n        \"Permittivity\": 1.0\n      },\n      {\n        \"Attributes\": [\n          4\n        ],\n        \"Permeability\": 1.0,\n        \"Permittivity\": 1.0\n      },\n      {\n        \"Attributes\": [\n          5\n        ],\n        \"Permeability\": 1.0,\n        \"Permittivity\": 1.0\n      }\n    ],\n    \"Postprocessing\": {\n      \"Energy\": [\n        {\n          \"Attributes\": [\n            1\n          ],\n          \"Index\": 1\n        },\n        {\n          \"Attributes\": [\n            2\n          ],\n          \"Index\": 2\n        },\n        {\n          \"Attributes\": [\n            3\n          ],\n          \"Index\": 3\n        },\n        {\n          \"Attributes\": [\n            4\n          ],\n          \"Index\": 4\n        },\n        {\n          \"Attributes\": [\n            5\n          ],\n          \"Index\": 5\n        }\n      ]\n    }\n  },\n  \"Model\": {\n    \"L0\": 1e-06,\n    \"Mesh\": \"quarter_wave_base.msh\",\n    \"Refinement\": {\n      \"MaxIts\": 4,\n      \"Nonconformal\": false,\n      \"SaveAdaptIterations\": true,\n      \"SaveAdaptMesh\": true,\n      \"Tol\": 0.0001,\n      \"UpdateFraction\": 0.7\n    }\n  },\n  \"Problem\": {\n    \"Output\": \"postpro\",\n    \"OutputFormats\": {\n      \"GridFunction\": true,\n      \"Paraview\": true\n    },\n    \"Type\": \"Eigenmode\",\n    \"Verbose\": 2\n  },\n  \"Solver\": {\n    \"Device\": \"CPU\",\n    \"Eigenmode\": {\n      \"N\": 4,\n      \"Save\": 4,\n      \"Target\": 2.7,\n      \"Tol\": 1e-09\n    },\n    \"Linear\": {\n      \"MaxIts\": 1000,\n      \"Tol\": 1e-09,\n      \"Type\": \"Default\"\n    },\n    \"Order\": 1\n  }\n}\n", "truncated": false}, "base_mesh/palace.stdout.txt": {"size_bytes": 12418, "tail": " to disk (Paraview)\n Wrote mode 4 to disk (grid function)\n\nCumulative timing statistics:\n\nElapsed Time Report (s)           Min.        Max.        Avg.\n==============================================================\nInitialization                   0.552       2.928       1.740\n  Mesh Preprocessing             1.587       3.963       2.775\nOperator Construction            9.996       9.997       9.996\nLinear Solve                     7.052       7.053       7.052\n  Setup                          1.448       1.450       1.449\n  Preconditioner                14.805      14.808      14.806\nEigenvalue Solve                 3.263       3.266       3.265\nDiv.-Free Projection            16.882      16.882      16.882\nEstimation                       0.529       0.533       0.531\n  Construction                   7.534       7.536       7.535\n  Solve                         13.403      13.403      13.403\nPostprocessing                   4.166       4.168       4.167\n  Paraview                      33.552      33.554      33.553\n  Grid function                 16.309      16.309      16.309\nDisk IO                          0.882       0.883       0.882\n--------------------------------------------------------------\nTotal                          134.365     134.365     134.365\n\nPeak Memory                   Per-Node       Total   Total HWM\n==============================================================\nInitialization                    4.1M        4.1M        4.1M\n  Mesh Preprocessing            152.4M      152.4M      156.5M\nOperator Construction           297.2M      297.2M      453.8M\nLinear Solve                      0.0K        0.0K      453.8M\n  Setup                         565.1M      565.1M     1018.8M\n  Preconditioner                  2.0G        2.0G        3.0G\nEigenvalue Solve                 62.0M       62.0M        3.1G\nDiv.-Free Projection            199.9M      199.9M        3.3G\nEstimation                      140.2M      140.2M        3.4G\n  Construction                    0.0K        0.0K        3.4G\n  Solve                         140.2M      140.2M        3.6G\nPostprocessing                  106.0M      106.0M        3.7G\n  Paraview                        7.8M        7.8M        3.7G\n  Grid function                   0.0K        0.0K        3.7G\nDisk IO                          68.5M       68.5M        3.7G\n--------------------------------------------------------------\nTotal                             3.7G        3.7G        3.7G\nEstimated peak per-rank memory usage is: Min. 1.9G, Max. 1.9G, Avg. 1.9G, Total 3.8G\nEstimated peak per-node memory usage is: Min. 3.8G, Max. 3.8G, Avg. 3.8G, Total 3.8G\n\nAdaptive mesh refinement (AMR) iteration 1:\n Indicator norm = 5.734e-01, global unknowns = 258137\n Max. iterations = 4, tol. = 1.000e-04\n Marked 20987/206319 elements for refinement (70.00% of the error, \u03b8 = 0.70)\n Conforming mesh refinement added 552822 elements (initial = 206319, final = 759141)\n\nParallel Mesh Stats:\n\n                minimum     average     maximum       total\n vertices         67590       70332       73075      140665\n edges           443632      462168      480704      924336\n faces           740174      771406      802638     1542812\n elements        364131      379570      395010      759141\n neighbors            1           1           1\n\n            minimum     maximum\n h      0.000327183   0.0374924\n kappa      1.06686     19.6122\n\nProceeding with solve/estimate iteration 2...\n\nConfiguring Dirichlet PEC BC at attributes:\n 10-12, 30-31\n\nAssembling system matrices, number of global unknowns:\n H1 (p = 1): 140665, ND (p = 1): 924336, RT (p = 1): 1542812\n Operator assembly level: Partial\n Mesh geometries:\n  Tetrahedron: P = 6, Q = 4 (quadrature order = 2)\n\nConfiguring ARPACK eigenvalue solver:\n Scaling \u03b3 = 3.842e+05, \u03b4 = 1.901e-05\n Configuring divergence-free projection\n Using random starting vector\n Shift-and-invert \u03c3 = 2.700e+00 GHz (2.936e-01)\n\nAssembling multigrid hierarchy:\n Level 0 (p = 1): 924336 unknowns\n Level 0 (auxiliary) (p = 1): 140665 unknowns\n\n   Residual norms for GMRES solve\n", "truncated": true}, "base_mesh/palace.stderr.txt": {"size_bytes": 0, "tail": "", "truncated": false}, "base_mesh/resource_summary.json": {"unavailable": "FileNotFoundError"}, "base_mesh/resource_samples.json": {"unavailable": "FileNotFoundError"}}, "cgroup_path": "/system.slice/hosted-compute-agent.service", "cgroup_memory": {"memory.current": {"size_bytes": 0, "tail": "13974622208\n", "truncated": false}, "memory.peak": {"size_bytes": 0, "tail": "15733555200\n", "truncated": false}, "memory.max": {"size_bytes": 0, "tail": "max\n", "truncated": false}, "memory.events": {"size_bytes": 0, "tail": "low 0\nhigh 0\nmax 0\noom 0\noom_kill 0\noom_group_kill 0\n", "truncated": false}}, "process_columns": "pid ppid rss_KiB vsz_KiB cpu_percent command_name", "largest_processes": [" 679867  679825 6198564 6621428 99.9 palace-x86_64.b", " 679870  679825 5968284 6385244 99.9 palace-x86_64.b", " 679567  679564 164976 1295176 3.6 textlayout", "   2046    2044 159236 1431384 0.3 provjobd1305015", "   2112    2090 101696 274614748 0.5 Runner.Worker", "   2090    2032 77712 274345452 0.0 Runner.Listener", "   1154       1 72536 2127092 0.0 dockerd", "    987       1 51396 295280  0.0 php-fpm8.3", " 679564  679562 49100 219116  0.0 uv", "   1063       1 46060 1960992 0.0 containerd", "    225       1 43716 305388  0.0 multipathd", "   1712    1021 37036 454656  0.0 python3"]}
palace	UNKNOWN STEP	2026-09-29T18:48:38.5139571Z {"schema": "textlayout.palace-ci-observation.v1", "timestamp": "2026-09-29T18:48:38.486375+00:00", "scope": "host/process diagnostics; not numerical validation", "meminfo": {"unavailable": "OSError"}, "files": {"toolchain.json": {"size_bytes": 3922, "tail": "{\n  \"capability\": {\n    \"available\": true,\n    \"container_digest\": null,\n    \"container_engine\": null,\n    \"container_image\": null,\n    \"executable\": \"/home/runner/.cache/textlayout-palace/spack-opt/linux-x86_64_v3/palace-0.17.0-fc5grs6ugcjdbzpdpqbqsnmf6ejlq4hx/bin/palace\",\n    \"executable_sha256\": \"ad43ec030f51435f32150a5c72cb324ca03083d2ffc2f91405bbf41c6bc2240f\",\n    \"execution_kind\": \"executable\",\n    \"identified\": true,\n    \"mpi_launcher\": \"/usr/bin/mpirun\",\n    \"status\": \"AVAILABLE\",\n    \"unavailable_reason\": null,\n    \"version\": \"0.17.0\"\n  },\n  \"generated_at\": \"2026-09-29T18:43:39+00:00\",\n  \"git_commit\": \"59e8c654c1cfcc84788b488daf0482682bcda2ba\",\n  \"gmsh\": {\n    \"available\": true,\n    \"expected_version\": \"4.15.2\",\n    \"module\": \"/home/runner/work/Text-to-Layout/Text-to-Layout/.venv/lib/python3.12/site-packages/gmsh.py\",\n    \"module_sha256\": \"f4b0935cebde899750293d87a643090e5ea33c9b18d249267f507db68a0e01c3\",\n    \"version\": \"4.15.2\"\n  },\n  \"install_record\": {\n    \"build_stage\": \"/home/runner/.cache/textlayout-palace/build-stage\",\n    \"compiler_and_mpi_tail\": [\n      \"[+] /home/runner/.cache/textlayout-palace/spack-opt/linux-x86_64_v3/palace-0.17.0-fc5grs6ugcjdbzpdpqbqsnmf6ejlq4hx\",\n      \"==> Installing palace-0.17.0-fc5grs6ugcjdbzpdpqbqsnmf6ejlq4hx [63/63]\",\n      \"==> Updating view at /home/runner/.cache/textlayout-palace/environment/.spack-env/view\",\n      \"gcc (Ubuntu 13.3.0-6ubuntu2~24.04.1) 13.3.0\",\n      \"g++ (Ubuntu 13.3.0-6ubuntu2~24.04.1) 13.3.0\",\n      \"GNU Fortran (Ubuntu 13.3.0-6ubuntu2~24.04.1) 13.3.0\",\n      \"mpirun (Open MPI) 4.1.6\",\n      \"\"\n    ],\n    \"compiler_versions\": {\n      \"gcc\": \"gcc (Ubuntu 13.3.0-6ubuntu2~24.04.1) 13.3.0\",\n      \"gfortran\": \"GNU Fortran (Ubuntu 13.3.0-6ubuntu2~24.04.1) 13.3.0\",\n      \"gxx\": \"g++ (Ubuntu 13.3.0-6ubuntu2~24.04.1) 13.3.0\"\n    },\n    \"git_commit\": \"59e8c654c1cfcc84788b488daf0482682bcda2ba\",\n    \"gmsh\": {\n      \"available\": true,\n      \"expected_version\": \"4.15.2\",\n      \"module\": \"/home/runner/work/Text-to-Layout/Text-to-Layout/.venv/lib/python3.12/site-packages/gmsh.py\",\n      \"module_sha256\": \"f4b0935cebde899750293d87a643090e5ea33c9b18d249267f507db68a0e01c3\",\n      \"version\": \"4.15.2\"\n    },\n    \"gmsh_version\": \"4.15.2\",\n    \"install_tree\": \"/home/runner/.cache/textlayout-palace/spack-opt\",\n    \"installed_at\": \"2026-09-29T18:43:21.397659+00:00\",\n    \"mpi_version\": \"mpirun (Open MPI) 4.1.6\",\n    \"native_root\": \"/home/runner/.cache/textlayout-palace\",\n    \"palace_commit\": \"12d8069afb5aa9e169a17e303d735e120968e9f2\",\n    \"palace_executable\": \"/home/runner/.cache/textlayout-palace/spack-opt/linux-x86_64_v3/palace-0.17.0-fc5grs6ugcjdbzpdpqbqsnmf6ejlq4hx/bin/palace\",\n    \"palace_executable_sha256\": \"ad43ec030f51435f32150a5c72cb324ca03083d2ffc2f91405bbf41c6bc2240f\",\n    \"palace_version\": \"0.17.0\",\n    \"requested_version\": \"0.17.0\",\n    \"reused\": false,\n    \"schema\": \"textlayout.palace-install.v1\",\n    \"source_archive\": {\n      \"available\": true,\n      \"path\": \"/home/runner/work/Text-to-Layout/Text-to-Layout/.tools/external/sources/palace-12d8069afb5aa9e169a17e303d735e120968e9f2.tar.gz\",\n      \"sha256\": \"169f7fe210ea6e771a29bfe0803dd84a774b25b00d2aa3a1f33b9d97a510ff9d\",\n      \"size_bytes\": 47331791\n    },\n    \"source_archive_path\": \"/home/runner/work/Text-to-Layout/Text-to-Layout/.tools/external/sources/palace-12d8069afb5aa9e169a17e303d735e120968e9f2.tar.gz\",\n    \"source_archive_sha256\": \"169f7fe210ea6e771a29bfe0803dd84a774b25b00d2aa3a1f33b9d97a510ff9d\",\n    \"spack_commit\": \"0c2be44e4ece21eb091ad5de4c97716b7c6d4c87\",\n    \"spack_environment\": \"external_tools/palace/spack.yaml\",\n    \"spack_packages_commit\": \"a2928a3376d286ddbf07da62847d5ba5b0fa3c67\",\n    \"spack_runtime_cache\": \"/home/runner/.cache/textlayout-palace\",\n    \"spack_version\": \"1.1.0\",\n    \"status\": \"INSTALLED\",\n    \"strategy\": \"pinned_spack_wsl\"\n  },\n  \"required_palace_version\": \"0.17.0\",\n  \"schema\": \"textlayout.palace-toolchain.v1\"\n}\n", "truncated": false}, "resource_decision.json": {"size_bytes": 288, "tail": "{\n  \"accepted_processes\": 2,\n  \"available_mb\": 14806,\n  \"memory_tier\": \"unknown\",\n  \"preflight_peak_mb\": null,\n  \"rationale\": \"no peak-memory estimate available; honouring the requested count\",\n  \"requested_processes\": 2,\n  \"timestamp\": \"2026-09-29T18:43:39+00:00\",\n  \"total_mb\": 15989\n}\n", "truncated": false}, "run_manifest.json": {"unavailable": "FileNotFoundError"}, "base_mesh/mesh_metrics.json": {"size_bytes": 401, "tail": "{\n  \"element_count\": 206137,\n  \"extents\": {\n    \"lateral_margin_um\": 100.0,\n    \"lid_height_um\": 450.0,\n    \"substrate_thickness_um\": 300.0,\n    \"vacuum_height_um\": 300.0\n  },\n  \"mean_quality\": 0.7263143756565194,\n  \"mesh_scale\": 4.0,\n  \"mesh_sha256\": \"d2c7eee442ccec0b5acf7a37a98b61dd305b53bafb68f0d43dab3ba0dc2b069e\",\n  \"minimum_quality\": 0.15838171066132758,\n  \"runtime_seconds\": 7.7689208339998\n}\n", "truncated": false}, "base_mesh/palace_amr.json": {"size_bytes": 2038, "tail": "{\n  \"Boundaries\": {\n    \"PEC\": {\n      \"Attributes\": [\n        10,\n        11,\n        12,\n        30,\n        31\n      ]\n    }\n  },\n  \"Domains\": {\n    \"Materials\": [\n      {\n        \"Attributes\": [\n          1\n        ],\n        \"LossTan\": 1e-06,\n        \"Permeability\": 1.0,\n        \"Permittivity\": 11.45\n      },\n      {\n        \"Attributes\": [\n          2\n        ],\n        \"LossTan\": 1e-06,\n        \"Permeability\": 1.0,\n        \"Permittivity\": 11.45\n      },\n      {\n        \"Attributes\": [\n          3\n        ],\n        \"Permeability\": 1.0,\n        \"Permittivity\": 1.0\n      },\n      {\n        \"Attributes\": [\n          4\n        ],\n        \"Permeability\": 1.0,\n        \"Permittivity\": 1.0\n      },\n      {\n        \"Attributes\": [\n          5\n        ],\n        \"Permeability\": 1.0,\n        \"Permittivity\": 1.0\n      }\n    ],\n    \"Postprocessing\": {\n      \"Energy\": [\n        {\n          \"Attributes\": [\n            1\n          ],\n          \"Index\": 1\n        },\n        {\n          \"Attributes\": [\n            2\n          ],\n          \"Index\": 2\n        },\n        {\n          \"Attributes\": [\n            3\n          ],\n          \"Index\": 3\n        },\n        {\n          \"Attributes\": [\n            4\n          ],\n          \"Index\": 4\n        },\n        {\n          \"Attributes\": [\n            5\n          ],\n          \"Index\": 5\n        }\n      ]\n    }\n  },\n  \"Model\": {\n    \"L0\": 1e-06,\n    \"Mesh\": \"quarter_wave_base.msh\",\n    \"Refinement\": {\n      \"MaxIts\": 4,\n      \"Nonconformal\": false,\n      \"SaveAdaptIterations\": true,\n      \"SaveAdaptMesh\": true,\n      \"Tol\": 0.0001,\n      \"UpdateFraction\": 0.7\n    }\n  },\n  \"Problem\": {\n    \"Output\": \"postpro\",\n    \"OutputFormats\": {\n      \"GridFunction\": true,\n      \"Paraview\": true\n    },\n    \"Type\": \"Eigenmode\",\n    \"Verbose\": 2\n  },\n  \"Solver\": {\n    \"Device\": \"CPU\",\n    \"Eigenmode\": {\n      \"N\": 4,\n      \"Save\": 4,\n      \"Target\": 2.7,\n      \"Tol\": 1e-09\n    },\n    \"Linear\": {\n      \"MaxIts\": 1000,\n      \"Tol\": 1e-09,\n      \"Type\": \"Default\"\n    },\n    \"Order\": 1\n  }\n}\n", "truncated": false}, "base_mesh/palace.stdout.txt": {"size_bytes": 13140, "tail": "timation                       0.529       0.533       0.531\n  Construction                   7.534       7.536       7.535\n  Solve                         13.403      13.403      13.403\nPostprocessing                   4.166       4.168       4.167\n  Paraview                      33.552      33.554      33.553\n  Grid function                 16.309      16.309      16.309\nDisk IO                          0.882       0.883       0.882\n--------------------------------------------------------------\nTotal                          134.365     134.365     134.365\n\nPeak Memory                   Per-Node       Total   Total HWM\n==============================================================\nInitialization                    4.1M        4.1M        4.1M\n  Mesh Preprocessing            152.4M      152.4M      156.5M\nOperator Construction           297.2M      297.2M      453.8M\nLinear Solve                      0.0K        0.0K      453.8M\n  Setup                         565.1M      565.1M     1018.8M\n  Preconditioner                  2.0G        2.0G        3.0G\nEigenvalue Solve                 62.0M       62.0M        3.1G\nDiv.-Free Projection            199.9M      199.9M        3.3G\nEstimation                      140.2M      140.2M        3.4G\n  Construction                    0.0K        0.0K        3.4G\n  Solve                         140.2M      140.2M        3.6G\nPostprocessing                  106.0M      106.0M        3.7G\n  Paraview                        7.8M        7.8M        3.7G\n  Grid function                   0.0K        0.0K        3.7G\nDisk IO                          68.5M       68.5M        3.7G\n--------------------------------------------------------------\nTotal                             3.7G        3.7G        3.7G\nEstimated peak per-rank memory usage is: Min. 1.9G, Max. 1.9G, Avg. 1.9G, Total 3.8G\nEstimated peak per-node memory usage is: Min. 3.8G, Max. 3.8G, Avg. 3.8G, Total 3.8G\n\nAdaptive mesh refinement (AMR) iteration 1:\n Indicator norm = 5.734e-01, global unknowns = 258137\n Max. iterations = 4, tol. = 1.000e-04\n Marked 20987/206319 elements for refinement (70.00% of the error, \u03b8 = 0.70)\n Conforming mesh refinement added 552822 elements (initial = 206319, final = 759141)\n\nParallel Mesh Stats:\n\n                minimum     average     maximum       total\n vertices         67590       70332       73075      140665\n edges           443632      462168      480704      924336\n faces           740174      771406      802638     1542812\n elements        364131      379570      395010      759141\n neighbors            1           1           1\n\n            minimum     maximum\n h      0.000327183   0.0374924\n kappa      1.06686     19.6122\n\nProceeding with solve/estimate iteration 2...\n\nConfiguring Dirichlet PEC BC at attributes:\n 10-12, 30-31\n\nAssembling system matrices, number of global unknowns:\n H1 (p = 1): 140665, ND (p = 1): 924336, RT (p = 1): 1542812\n Operator assembly level: Partial\n Mesh geometries:\n  Tetrahedron: P = 6, Q = 4 (quadrature order = 2)\n\nConfiguring ARPACK eigenvalue solver:\n Scaling \u03b3 = 3.842e+05, \u03b4 = 1.901e-05\n Configuring divergence-free projection\n Using random starting vector\n Shift-and-invert \u03c3 = 2.700e+00 GHz (2.936e-01)\n\nAssembling multigrid hierarchy:\n Level 0 (p = 1): 924336 unknowns\n Level 0 (auxiliary) (p = 1): 140665 unknowns\n\n   Residual norms for GMRES solve\n   0 (restart 0) KSP residual norm 3.502794e-02\n   1 (restart 0) KSP residual norm 8.632795e-10\n   2 (restart 0) KSP residual norm 4.604290e-16\nGMRES solver converged in 2 iterations (avg. reduction factor: 1.146e-07)\n   Residual norms for GMRES solve\n   0 (restart 0) KSP residual norm 3.493080e+00\n   1 (restart 0) KSP residual norm 5.434289e-08\n   2 (restart 0) KSP residual norm 6.426568e-14\nGMRES solver converged in 2 iterations (avg. reduction factor: 1.356e-07)\n   Residual norms for GMRES solve\n   0 (restart 0) KSP residual norm 1.345317e+00\n   1 (restart 0) KSP residual norm 1.062759e-07\n   2 (restart 0) KSP residual norm 1.970294e-14\nGMRES solver converged in 2 iterations (avg. reduction factor: 1.210e-07)\n", "truncated": true}, "base_mesh/palace.stderr.txt": {"size_bytes": 0, "tail": "", "truncated": false}, "base_mesh/resource_summary.json": {"unavailable": "FileNotFoundError"}, "base_mesh/resource_samples.json": {"unavailable": "FileNotFoundError"}}, "cgroup_path": "/system.slice/hosted-compute-agent.service", "cgroup_memory": {"memory.current": {"size_bytes": 0, "tail": "14069628928\n", "truncated": false}, "memory.peak": {"size_bytes": 0, "tail": "15733555200\n", "truncated": false}, "memory.max": {"size_bytes": 0, "tail": "max\n", "truncated": false}, "memory.events": {"size_bytes": 0, "tail": "low 0\nhigh 0\nmax 0\noom 0\noom_kill 0\noom_group_kill 0\n", "truncated": false}}, "process_columns": "pid ppid rss_KiB vsz_KiB cpu_percent command_name", "largest_processes": [" 679867  679825 6234404 6621428 99.9 palace-x86_64.b", " 679870  679825 6004088 6385244 99.9 palace-x86_64.b", "   2046    2044 168144 1431384 0.3 provjobd1305015", " 679567  679564 164976 1295176 3.2 textlayout", "   2112    2090 102788 274614748 0.5 Runner.Worker", "   2090    2032 79368 274345452 0.0 Runner.Listener", "   1154       1 72536 2127092 0.0 dockerd", "    987       1 51396 295280  0.0 php-fpm8.3", " 679564  679562 49100 219116  0.0 uv", "   1063       1 46060 1960992 0.0 containerd", "    225       1 43716 305388  0.0 multipathd", "   1712    1021 37040 454656  0.0 python3"]}
palace	UNKNOWN STEP	2026-09-29T18:49:08.5279696Z {"schema": "textlayout.palace-ci-observation.v1", "timestamp": "2026-09-29T18:49:08.504501+00:00", "scope": "host/process diagnostics; not numerical validation", "meminfo": {"unavailable": "OSError"}, "files": {"toolchain.json": {"size_bytes": 3922, "tail": "{\n  \"capability\": {\n    \"available\": true,\n    \"container_digest\": null,\n    \"container_engine\": null,\n    \"container_image\": null,\n    \"executable\": \"/home/runner/.cache/textlayout-palace/spack-opt/linux-x86_64_v3/palace-0.17.0-fc5grs6ugcjdbzpdpqbqsnmf6ejlq4hx/bin/palace\",\n    \"executable_sha256\": \"ad43ec030f51435f32150a5c72cb324ca03083d2ffc2f91405bbf41c6bc2240f\",\n    \"execution_kind\": \"executable\",\n    \"identified\": true,\n    \"mpi_launcher\": \"/usr/bin/mpirun\",\n    \"status\": \"AVAILABLE\",\n    \"unavailable_reason\": null,\n    \"version\": \"0.17.0\"\n  },\n  \"generated_at\": \"2026-09-29T18:43:39+00:00\",\n  \"git_commit\": \"59e8c654c1cfcc84788b488daf0482682bcda2ba\",\n  \"gmsh\": {\n    \"available\": true,\n    \"expected_version\": \"4.15.2\",\n    \"module\": \"/home/runner/work/Text-to-Layout/Text-to-Layout/.venv/lib/python3.12/site-packages/gmsh.py\",\n    \"module_sha256\": \"f4b0935cebde899750293d87a643090e5ea33c9b18d249267f507db68a0e01c3\",\n    \"version\": \"4.15.2\"\n  },\n  \"install_record\": {\n    \"build_stage\": \"/home/runner/.cache/textlayout-palace/build-stage\",\n    \"compiler_and_mpi_tail\": [\n      \"[+] /home/runner/.cache/textlayout-palace/spack-opt/linux-x86_64_v3/palace-0.17.0-fc5grs6ugcjdbzpdpqbqsnmf6ejlq4hx\",\n      \"==> Installing palace-0.17.0-fc5grs6ugcjdbzpdpqbqsnmf6ejlq4hx [63/63]\",\n      \"==> Updating view at /home/runner/.cache/textlayout-palace/environment/.spack-env/view\",\n      \"gcc (Ubuntu 13.3.0-6ubuntu2~24.04.1) 13.3.0\",\n      \"g++ (Ubuntu 13.3.0-6ubuntu2~24.04.1) 13.3.0\",\n      \"GNU Fortran (Ubuntu 13.3.0-6ubuntu2~24.04.1) 13.3.0\",\n      \"mpirun (Open MPI) 4.1.6\",\n      \"\"\n    ],\n    \"compiler_versions\": {\n      \"gcc\": \"gcc (Ubuntu 13.3.0-6ubuntu2~24.04.1) 13.3.0\",\n      \"gfortran\": \"GNU Fortran (Ubuntu 13.3.0-6ubuntu2~24.04.1) 13.3.0\",\n      \"gxx\": \"g++ (Ubuntu 13.3.0-6ubuntu2~24.04.1) 13.3.0\"\n    },\n    \"git_commit\": \"59e8c654c1cfcc84788b488daf0482682bcda2ba\",\n    \"gmsh\": {\n      \"available\": true,\n      \"expected_version\": \"4.15.2\",\n      \"module\": \"/home/runner/work/Text-to-Layout/Text-to-Layout/.venv/lib/python3.12/site-packages/gmsh.py\",\n      \"module_sha256\": \"f4b0935cebde899750293d87a643090e5ea33c9b18d249267f507db68a0e01c3\",\n      \"version\": \"4.15.2\"\n    },\n    \"gmsh_version\": \"4.15.2\",\n    \"install_tree\": \"/home/runner/.cache/textlayout-palace/spack-opt\",\n    \"installed_at\": \"2026-09-29T18:43:21.397659+00:00\",\n    \"mpi_version\": \"mpirun (Open MPI) 4.1.6\",\n    \"native_root\": \"/home/runner/.cache/textlayout-palace\",\n    \"palace_commit\": \"12d8069afb5aa9e169a17e303d735e120968e9f2\",\n    \"palace_executable\": \"/home/runner/.cache/textlayout-palace/spack-opt/linux-x86_64_v3/palace-0.17.0-fc5grs6ugcjdbzpdpqbqsnmf6ejlq4hx/bin/palace\",\n    \"palace_executable_sha256\": \"ad43ec030f51435f32150a5c72cb324ca03083d2ffc2f91405bbf41c6bc2240f\",\n    \"palace_version\": \"0.17.0\",\n    \"requested_version\": \"0.17.0\",\n    \"reused\": false,\n    \"schema\": \"textlayout.palace-install.v1\",\n    \"source_archive\": {\n      \"available\": true,\n      \"path\": \"/home/runner/work/Text-to-Layout/Text-to-Layout/.tools/external/sources/palace-12d8069afb5aa9e169a17e303d735e120968e9f2.tar.gz\",\n      \"sha256\": \"169f7fe210ea6e771a29bfe0803dd84a774b25b00d2aa3a1f33b9d97a510ff9d\",\n      \"size_bytes\": 47331791\n    },\n    \"source_archive_path\": \"/home/runner/work/Text-to-Layout/Text-to-Layout/.tools/external/sources/palace-12d8069afb5aa9e169a17e303d735e120968e9f2.tar.gz\",\n    \"source_archive_sha256\": \"169f7fe210ea6e771a29bfe0803dd84a774b25b00d2aa3a1f33b9d97a510ff9d\",\n    \"spack_commit\": \"0c2be44e4ece21eb091ad5de4c97716b7c6d4c87\",\n    \"spack_environment\": \"external_tools/palace/spack.yaml\",\n    \"spack_packages_commit\": \"a2928a3376d286ddbf07da62847d5ba5b0fa3c67\",\n    \"spack_runtime_cache\": \"/home/runner/.cache/textlayout-palace\",\n    \"spack_version\": \"1.1.0\",\n    \"status\": \"INSTALLED\",\n    \"strategy\": \"pinned_spack_wsl\"\n  },\n  \"required_palace_version\": \"0.17.0\",\n  \"schema\": \"textlayout.palace-toolchain.v1\"\n}\n", "truncated": false}, "resource_decision.json": {"size_bytes": 288, "tail": "{\n  \"accepted_processes\": 2,\n  \"available_mb\": 14806,\n  \"memory_tier\": \"unknown\",\n  \"preflight_peak_mb\": null,\n  \"rationale\": \"no peak-memory estimate available; honouring the requested count\",\n  \"requested_processes\": 2,\n  \"timestamp\": \"2026-09-29T18:43:39+00:00\",\n  \"total_mb\": 15989\n}\n", "truncated": false}, "run_manifest.json": {"unavailable": "FileNotFoundError"}, "base_mesh/mesh_metrics.json": {"size_bytes": 401, "tail": "{\n  \"element_count\": 206137,\n  \"extents\": {\n    \"lateral_margin_um\": 100.0,\n    \"lid_height_um\": 450.0,\n    \"substrate_thickness_um\": 300.0,\n    \"vacuum_height_um\": 300.0\n  },\n  \"mean_quality\": 0.7263143756565194,\n  \"mesh_scale\": 4.0,\n  \"mesh_sha256\": \"d2c7eee442ccec0b5acf7a37a98b61dd305b53bafb68f0d43dab3ba0dc2b069e\",\n  \"minimum_quality\": 0.15838171066132758,\n  \"runtime_seconds\": 7.7689208339998\n}\n", "truncated": false}, "base_mesh/palace_amr.json": {"size_bytes": 2038, "tail": "{\n  \"Boundaries\": {\n    \"PEC\": {\n      \"Attributes\": [\n        10,\n        11,\n        12,\n        30,\n        31\n      ]\n    }\n  },\n  \"Domains\": {\n    \"Materials\": [\n      {\n        \"Attributes\": [\n          1\n        ],\n        \"LossTan\": 1e-06,\n        \"Permeability\": 1.0,\n        \"Permittivity\": 11.45\n      },\n      {\n        \"Attributes\": [\n          2\n        ],\n        \"LossTan\": 1e-06,\n        \"Permeability\": 1.0,\n        \"Permittivity\": 11.45\n      },\n      {\n        \"Attributes\": [\n          3\n        ],\n        \"Permeability\": 1.0,\n        \"Permittivity\": 1.0\n      },\n      {\n        \"Attributes\": [\n          4\n        ],\n        \"Permeability\": 1.0,\n        \"Permittivity\": 1.0\n      },\n      {\n        \"Attributes\": [\n          5\n        ],\n        \"Permeability\": 1.0,\n        \"Permittivity\": 1.0\n      }\n    ],\n    \"Postprocessing\": {\n      \"Energy\": [\n        {\n          \"Attributes\": [\n            1\n          ],\n          \"Index\": 1\n        },\n        {\n          \"Attributes\": [\n            2\n          ],\n          \"Index\": 2\n        },\n        {\n          \"Attributes\": [\n            3\n          ],\n          \"Index\": 3\n        },\n        {\n          \"Attributes\": [\n            4\n          ],\n          \"Index\": 4\n        },\n        {\n          \"Attributes\": [\n            5\n          ],\n          \"Index\": 5\n        }\n      ]\n    }\n  },\n  \"Model\": {\n    \"L0\": 1e-06,\n    \"Mesh\": \"quarter_wave_base.msh\",\n    \"Refinement\": {\n      \"MaxIts\": 4,\n      \"Nonconformal\": false,\n      \"SaveAdaptIterations\": true,\n      \"SaveAdaptMesh\": true,\n      \"Tol\": 0.0001,\n      \"UpdateFraction\": 0.7\n    }\n  },\n  \"Problem\": {\n    \"Output\": \"postpro\",\n    \"OutputFormats\": {\n      \"GridFunction\": true,\n      \"Paraview\": true\n    },\n    \"Type\": \"Eigenmode\",\n    \"Verbose\": 2\n  },\n  \"Solver\": {\n    \"Device\": \"CPU\",\n    \"Eigenmode\": {\n      \"N\": 4,\n      \"Save\": 4,\n      \"Target\": 2.7,\n      \"Tol\": 1e-09\n    },\n    \"Linear\": {\n      \"MaxIts\": 1000,\n      \"Tol\": 1e-09,\n      \"Type\": \"Default\"\n    },\n    \"Order\": 1\n  }\n}\n", "truncated": false}, "base_mesh/palace.stdout.txt": {"size_bytes": 14154, "tail": "nditioner                  2.0G        2.0G        3.0G\nEigenvalue Solve                 62.0M       62.0M        3.1G\nDiv.-Free Projection            199.9M      199.9M        3.3G\nEstimation                      140.2M      140.2M        3.4G\n  Construction                    0.0K        0.0K        3.4G\n  Solve                         140.2M      140.2M        3.6G\nPostprocessing                  106.0M      106.0M        3.7G\n  Paraview                        7.8M        7.8M        3.7G\n  Grid function                   0.0K        0.0K        3.7G\nDisk IO                          68.5M       68.5M        3.7G\n--------------------------------------------------------------\nTotal                             3.7G        3.7G        3.7G\nEstimated peak per-rank memory usage is: Min. 1.9G, Max. 1.9G, Avg. 1.9G, Total 3.8G\nEstimated peak per-node memory usage is: Min. 3.8G, Max. 3.8G, Avg. 3.8G, Total 3.8G\n\nAdaptive mesh refinement (AMR) iteration 1:\n Indicator norm = 5.734e-01, global unknowns = 258137\n Max. iterations = 4, tol. = 1.000e-04\n Marked 20987/206319 elements for refinement (70.00% of the error, \u03b8 = 0.70)\n Conforming mesh refinement added 552822 elements (initial = 206319, final = 759141)\n\nParallel Mesh Stats:\n\n                minimum     average     maximum       total\n vertices         67590       70332       73075      140665\n edges           443632      462168      480704      924336\n faces           740174      771406      802638     1542812\n elements        364131      379570      395010      759141\n neighbors            1           1           1\n\n            minimum     maximum\n h      0.000327183   0.0374924\n kappa      1.06686     19.6122\n\nProceeding with solve/estimate iteration 2...\n\nConfiguring Dirichlet PEC BC at attributes:\n 10-12, 30-31\n\nAssembling system matrices, number of global unknowns:\n H1 (p = 1): 140665, ND (p = 1): 924336, RT (p = 1): 1542812\n Operator assembly level: Partial\n Mesh geometries:\n  Tetrahedron: P = 6, Q = 4 (quadrature order = 2)\n\nConfiguring ARPACK eigenvalue solver:\n Scaling \u03b3 = 3.842e+05, \u03b4 = 1.901e-05\n Configuring divergence-free projection\n Using random starting vector\n Shift-and-invert \u03c3 = 2.700e+00 GHz (2.936e-01)\n\nAssembling multigrid hierarchy:\n Level 0 (p = 1): 924336 unknowns\n Level 0 (auxiliary) (p = 1): 140665 unknowns\n\n   Residual norms for GMRES solve\n   0 (restart 0) KSP residual norm 3.502794e-02\n   1 (restart 0) KSP residual norm 8.632795e-10\n   2 (restart 0) KSP residual norm 4.604290e-16\nGMRES solver converged in 2 iterations (avg. reduction factor: 1.146e-07)\n   Residual norms for GMRES solve\n   0 (restart 0) KSP residual norm 3.493080e+00\n   1 (restart 0) KSP residual norm 5.434289e-08\n   2 (restart 0) KSP residual norm 6.426568e-14\nGMRES solver converged in 2 iterations (avg. reduction factor: 1.356e-07)\n   Residual norms for GMRES solve\n   0 (restart 0) KSP residual norm 1.345317e+00\n   1 (restart 0) KSP residual norm 1.062759e-07\n   2 (restart 0) KSP residual norm 1.970294e-14\nGMRES solver converged in 2 iterations (avg. reduction factor: 1.210e-07)\n   Residual norms for GMRES solve\n   0 (restart 0) KSP residual norm 2.524294e+00\n   1 (restart 0) KSP residual norm 1.834509e-07\n   2 (restart 0) KSP residual norm 4.411194e-14\nGMRES solver converged in 2 iterations (avg. reduction factor: 1.322e-07)\n\n _naup2: **** Start of major iteration number ****\n -------------------------------------------------\n    1 -    1:       1\n  \n   Residual norms for GMRES solve\n   0 (restart 0) KSP residual norm 5.373389e-01\n   1 (restart 0) KSP residual norm 6.439234e-08\n   2 (restart 0) KSP residual norm 1.144931e-14\nGMRES solver converged in 2 iterations (avg. reduction factor: 1.460e-07)\n   Residual norms for GMRES solve\n   0 (restart 0) KSP residual norm 5.211959e-01\n   1 (restart 0) KSP residual norm 2.889664e-08\n   2 (restart 0) KSP residual norm 8.156825e-15\nGMRES solver converged in 2 iterations (avg. reduction factor: 1.251e-07)\n   Residual norms for GMRES solve\n   0 (restart 0) KSP residual norm 2.534717e-01\n   1 (restart 0) KSP residual norm 3.825368e-08\n", "truncated": true}, "base_mesh/palace.stderr.txt": {"size_bytes": 0, "tail": "", "truncated": false}, "base_mesh/resource_summary.json": {"unavailable": "FileNotFoundError"}, "base_mesh/resource_samples.json": {"unavailable": "FileNotFoundError"}}, "cgroup_path": "/system.slice/hosted-compute-agent.service", "cgroup_memory": {"memory.current": {"size_bytes": 0, "tail": "14045773824\n", "truncated": false}, "memory.peak": {"size_bytes": 0, "tail": "15733555200\n", "truncated": false}, "memory.max": {"size_bytes": 0, "tail": "max\n", "truncated": false}, "memory.events": {"size_bytes": 0, "tail": "low 0\nhigh 0\nmax 0\noom 0\noom_kill 0\noom_group_kill 0\n", "truncated": false}}, "process_columns": "pid ppid rss_KiB vsz_KiB cpu_percent command_name", "largest_processes": [" 679867  679825 6234408 6621428 99.9 palace-x86_64.b", " 679870  679825 6004088 6385244 99.9 palace-x86_64.b", " 679567  679564 164976 1295176 2.9 textlayout", "   2046    2044 141280 1431448 0.3 provjobd1305015", "   2112    2090 102788 274614748 0.5 Runner.Worker", "   2090    2032 79404 274345452 0.0 Runner.Listener", "   1154       1 72548 2127092 0.0 dockerd", "    987       1 51396 295280  0.0 php-fpm8.3", " 679564  679562 49100 219116  0.0 uv", "   1063       1 46060 1960992 0.0 containerd", "    225       1 43716 305388  0.0 multipathd", "   1712    1021 37040 454656  0.0 python3"]}
palace	UNKNOWN STEP	2026-09-29T18:49:38.5425079Z {"schema": "textlayout.palace-ci-observation.v1", "timestamp": "2026-09-29T18:49:38.520974+00:00", "scope": "host/process diagnostics; not numerical validation", "meminfo": {"unavailable": "OSError"}, "files": {"toolchain.json": {"size_bytes": 3922, "tail": "{\n  \"capability\": {\n    \"available\": true,\n    \"container_digest\": null,\n    \"container_engine\": null,\n    \"container_image\": null,\n    \"executable\": \"/home/runner/.cache/textlayout-palace/spack-opt/linux-x86_64_v3/palace-0.17.0-fc5grs6ugcjdbzpdpqbqsnmf6ejlq4hx/bin/palace\",\n    \"executable_sha256\": \"ad43ec030f51435f32150a5c72cb324ca03083d2ffc2f91405bbf41c6bc2240f\",\n    \"execution_kind\": \"executable\",\n    \"identified\": true,\n    \"mpi_launcher\": \"/usr/bin/mpirun\",\n    \"status\": \"AVAILABLE\",\n    \"unavailable_reason\": null,\n    \"version\": \"0.17.0\"\n  },\n  \"generated_at\": \"2026-09-29T18:43:39+00:00\",\n  \"git_commit\": \"59e8c654c1cfcc84788b488daf0482682bcda2ba\",\n  \"gmsh\": {\n    \"available\": true,\n    \"expected_version\": \"4.15.2\",\n    \"module\": \"/home/runner/work/Text-to-Layout/Text-to-Layout/.venv/lib/python3.12/site-packages/gmsh.py\",\n    \"module_sha256\": \"f4b0935cebde899750293d87a643090e5ea33c9b18d249267f507db68a0e01c3\",\n    \"version\": \"4.15.2\"\n  },\n  \"install_record\": {\n    \"build_stage\": \"/home/runner/.cache/textlayout-palace/build-stage\",\n    \"compiler_and_mpi_tail\": [\n      \"[+] /home/runner/.cache/textlayout-palace/spack-opt/linux-x86_64_v3/palace-0.17.0-fc5grs6ugcjdbzpdpqbqsnmf6ejlq4hx\",\n      \"==> Installing palace-0.17.0-fc5grs6ugcjdbzpdpqbqsnmf6ejlq4hx [63/63]\",\n      \"==> Updating view at /home/runner/.cache/textlayout-palace/environment/.spack-env/view\",\n      \"gcc (Ubuntu 13.3.0-6ubuntu2~24.04.1) 13.3.0\",\n      \"g++ (Ubuntu 13.3.0-6ubuntu2~24.04.1) 13.3.0\",\n      \"GNU Fortran (Ubuntu 13.3.0-6ubuntu2~24.04.1) 13.3.0\",\n      \"mpirun (Open MPI) 4.1.6\",\n      \"\"\n    ],\n    \"compiler_versions\": {\n      \"gcc\": \"gcc (Ubuntu 13.3.0-6ubuntu2~24.04.1) 13.3.0\",\n      \"gfortran\": \"GNU Fortran (Ubuntu 13.3.0-6ubuntu2~24.04.1) 13.3.0\",\n      \"gxx\": \"g++ (Ubuntu 13.3.0-6ubuntu2~24.04.1) 13.3.0\"\n    },\n    \"git_commit\": \"59e8c654c1cfcc84788b488daf0482682bcda2ba\",\n    \"gmsh\": {\n      \"available\": true,\n      \"expected_version\": \"4.15.2\",\n      \"module\": \"/home/runner/work/Text-to-Layout/Text-to-Layout/.venv/lib/python3.12/site-packages/gmsh.py\",\n      \"module_sha256\": \"f4b0935cebde899750293d87a643090e5ea33c9b18d249267f507db68a0e01c3\",\n      \"version\": \"4.15.2\"\n    },\n    \"gmsh_version\": \"4.15.2\",\n    \"install_tree\": \"/home/runner/.cache/textlayout-palace/spack-opt\",\n    \"installed_at\": \"2026-09-29T18:43:21.397659+00:00\",\n    \"mpi_version\": \"mpirun (Open MPI) 4.1.6\",\n    \"native_root\": \"/home/runner/.cache/textlayout-palace\",\n    \"palace_commit\": \"12d8069afb5aa9e169a17e303d735e120968e9f2\",\n    \"palace_executable\": \"/home/runner/.cache/textlayout-palace/spack-opt/linux-x86_64_v3/palace-0.17.0-fc5grs6ugcjdbzpdpqbqsnmf6ejlq4hx/bin/palace\",\n    \"palace_executable_sha256\": \"ad43ec030f51435f32150a5c72cb324ca03083d2ffc2f91405bbf41c6bc2240f\",\n    \"palace_version\": \"0.17.0\",\n    \"requested_version\": \"0.17.0\",\n    \"reused\": false,\n    \"schema\": \"textlayout.palace-install.v1\",\n    \"source_archive\": {\n      \"available\": true,\n      \"path\": \"/home/runner/work/Text-to-Layout/Text-to-Layout/.tools/external/sources/palace-12d8069afb5aa9e169a17e303d735e120968e9f2.tar.gz\",\n      \"sha256\": \"169f7fe210ea6e771a29bfe0803dd84a774b25b00d2aa3a1f33b9d97a510ff9d\",\n      \"size_bytes\": 47331791\n    },\n    \"source_archive_path\": \"/home/runner/work/Text-to-Layout/Text-to-Layout/.tools/external/sources/palace-12d8069afb5aa9e169a17e303d735e120968e9f2.tar.gz\",\n    \"source_archive_sha256\": \"169f7fe210ea6e771a29bfe0803dd84a774b25b00d2aa3a1f33b9d97a510ff9d\",\n    \"spack_commit\": \"0c2be44e4ece21eb091ad5de4c97716b7c6d4c87\",\n    \"spack_environment\": \"external_tools/palace/spack.yaml\",\n    \"spack_packages_commit\": \"a2928a3376d286ddbf07da62847d5ba5b0fa3c67\",\n    \"spack_runtime_cache\": \"/home/runner/.cache/textlayout-palace\",\n    \"spack_version\": \"1.1.0\",\n    \"status\": \"INSTALLED\",\n    \"strategy\": \"pinned_spack_wsl\"\n  },\n  \"required_palace_version\": \"0.17.0\",\n  \"schema\": \"textlayout.palace-toolchain.v1\"\n}\n", "truncated": false}, "resource_decision.json": {"size_bytes": 288, "tail": "{\n  \"accepted_processes\": 2,\n  \"available_mb\": 14806,\n  \"memory_tier\": \"unknown\",\n  \"preflight_peak_mb\": null,\n  \"rationale\": \"no peak-memory estimate available; honouring the requested count\",\n  \"requested_processes\": 2,\n  \"timestamp\": \"2026-09-29T18:43:39+00:00\",\n  \"total_mb\": 15989\n}\n", "truncated": false}, "run_manifest.json": {"unavailable": "FileNotFoundError"}, "base_mesh/mesh_metrics.json": {"size_bytes": 401, "tail": "{\n  \"element_count\": 206137,\n  \"extents\": {\n    \"lateral_margin_um\": 100.0,\n    \"lid_height_um\": 450.0,\n    \"substrate_thickness_um\": 300.0,\n    \"vacuum_height_um\": 300.0\n  },\n  \"mean_quality\": 0.7263143756565194,\n  \"mesh_scale\": 4.0,\n  \"mesh_sha256\": \"d2c7eee442ccec0b5acf7a37a98b61dd305b53bafb68f0d43dab3ba0dc2b069e\",\n  \"minimum_quality\": 0.15838171066132758,\n  \"runtime_seconds\": 7.7689208339998\n}\n", "truncated": false}, "base_mesh/palace_amr.json": {"size_bytes": 2038, "tail": "{\n  \"Boundaries\": {\n    \"PEC\": {\n      \"Attributes\": [\n        10,\n        11,\n        12,\n        30,\n        31\n      ]\n    }\n  },\n  \"Domains\": {\n    \"Materials\": [\n      {\n        \"Attributes\": [\n          1\n        ],\n        \"LossTan\": 1e-06,\n        \"Permeability\": 1.0,\n        \"Permittivity\": 11.45\n      },\n      {\n        \"Attributes\": [\n          2\n        ],\n        \"LossTan\": 1e-06,\n        \"Permeability\": 1.0,\n        \"Permittivity\": 11.45\n      },\n      {\n        \"Attributes\": [\n          3\n        ],\n        \"Permeability\": 1.0,\n        \"Permittivity\": 1.0\n      },\n      {\n        \"Attributes\": [\n          4\n        ],\n        \"Permeability\": 1.0,\n        \"Permittivity\": 1.0\n      },\n      {\n        \"Attributes\": [\n          5\n        ],\n        \"Permeability\": 1.0,\n        \"Permittivity\": 1.0\n      }\n    ],\n    \"Postprocessing\": {\n      \"Energy\": [\n        {\n          \"Attributes\": [\n            1\n          ],\n          \"Index\": 1\n        },\n        {\n          \"Attributes\": [\n            2\n          ],\n          \"Index\": 2\n        },\n        {\n          \"Attributes\": [\n            3\n          ],\n          \"Index\": 3\n        },\n        {\n          \"Attributes\": [\n            4\n          ],\n          \"Index\": 4\n        },\n        {\n          \"Attributes\": [\n            5\n          ],\n          \"Index\": 5\n        }\n      ]\n    }\n  },\n  \"Model\": {\n    \"L0\": 1e-06,\n    \"Mesh\": \"quarter_wave_base.msh\",\n    \"Refinement\": {\n      \"MaxIts\": 4,\n      \"Nonconformal\": false,\n      \"SaveAdaptIterations\": true,\n      \"SaveAdaptMesh\": true,\n      \"Tol\": 0.0001,\n      \"UpdateFraction\": 0.7\n    }\n  },\n  \"Problem\": {\n    \"Output\": \"postpro\",\n    \"OutputFormats\": {\n      \"GridFunction\": true,\n      \"Paraview\": true\n    },\n    \"Type\": \"Eigenmode\",\n    \"Verbose\": 2\n  },\n  \"Solver\": {\n    \"Device\": \"CPU\",\n    \"Eigenmode\": {\n      \"N\": 4,\n      \"Save\": 4,\n      \"Target\": 2.7,\n      \"Tol\": 1e-09\n    },\n    \"Linear\": {\n      \"MaxIts\": 1000,\n      \"Tol\": 1e-09,\n      \"Type\": \"Default\"\n    },\n    \"Order\": 1\n  }\n}\n", "truncated": false}, "base_mesh/palace.stdout.txt": {"size_bytes": 15162, "tail": " = 258137\n Max. iterations = 4, tol. = 1.000e-04\n Marked 20987/206319 elements for refinement (70.00% of the error, \u03b8 = 0.70)\n Conforming mesh refinement added 552822 elements (initial = 206319, final = 759141)\n\nParallel Mesh Stats:\n\n                minimum     average     maximum       total\n vertices         67590       70332       73075      140665\n edges           443632      462168      480704      924336\n faces           740174      771406      802638     1542812\n elements        364131      379570      395010      759141\n neighbors            1           1           1\n\n            minimum     maximum\n h      0.000327183   0.0374924\n kappa      1.06686     19.6122\n\nProceeding with solve/estimate iteration 2...\n\nConfiguring Dirichlet PEC BC at attributes:\n 10-12, 30-31\n\nAssembling system matrices, number of global unknowns:\n H1 (p = 1): 140665, ND (p = 1): 924336, RT (p = 1): 1542812\n Operator assembly level: Partial\n Mesh geometries:\n  Tetrahedron: P = 6, Q = 4 (quadrature order = 2)\n\nConfiguring ARPACK eigenvalue solver:\n Scaling \u03b3 = 3.842e+05, \u03b4 = 1.901e-05\n Configuring divergence-free projection\n Using random starting vector\n Shift-and-invert \u03c3 = 2.700e+00 GHz (2.936e-01)\n\nAssembling multigrid hierarchy:\n Level 0 (p = 1): 924336 unknowns\n Level 0 (auxiliary) (p = 1): 140665 unknowns\n\n   Residual norms for GMRES solve\n   0 (restart 0) KSP residual norm 3.502794e-02\n   1 (restart 0) KSP residual norm 8.632795e-10\n   2 (restart 0) KSP residual norm 4.604290e-16\nGMRES solver converged in 2 iterations (avg. reduction factor: 1.146e-07)\n   Residual norms for GMRES solve\n   0 (restart 0) KSP residual norm 3.493080e+00\n   1 (restart 0) KSP residual norm 5.434289e-08\n   2 (restart 0) KSP residual norm 6.426568e-14\nGMRES solver converged in 2 iterations (avg. reduction factor: 1.356e-07)\n   Residual norms for GMRES solve\n   0 (restart 0) KSP residual norm 1.345317e+00\n   1 (restart 0) KSP residual norm 1.062759e-07\n   2 (restart 0) KSP residual norm 1.970294e-14\nGMRES solver converged in 2 iterations (avg. reduction factor: 1.210e-07)\n   Residual norms for GMRES solve\n   0 (restart 0) KSP residual norm 2.524294e+00\n   1 (restart 0) KSP residual norm 1.834509e-07\n   2 (restart 0) KSP residual norm 4.411194e-14\nGMRES solver converged in 2 iterations (avg. reduction factor: 1.322e-07)\n\n _naup2: **** Start of major iteration number ****\n -------------------------------------------------\n    1 -    1:       1\n  \n   Residual norms for GMRES solve\n   0 (restart 0) KSP residual norm 5.373389e-01\n   1 (restart 0) KSP residual norm 6.439234e-08\n   2 (restart 0) KSP residual norm 1.144931e-14\nGMRES solver converged in 2 iterations (avg. reduction factor: 1.460e-07)\n   Residual norms for GMRES solve\n   0 (restart 0) KSP residual norm 5.211959e-01\n   1 (restart 0) KSP residual norm 2.889664e-08\n   2 (restart 0) KSP residual norm 8.156825e-15\nGMRES solver converged in 2 iterations (avg. reduction factor: 1.251e-07)\n   Residual norms for GMRES solve\n   0 (restart 0) KSP residual norm 2.534717e-01\n   1 (restart 0) KSP residual norm 3.825368e-08\n   2 (restart 0) KSP residual norm 5.962386e-15\nGMRES solver converged in 2 iterations (avg. reduction factor: 1.534e-07)\n   Residual norms for GMRES solve\n   0 (restart 0) KSP residual norm 1.564640e-01\n   1 (restart 0) KSP residual norm 2.762412e-08\n   2 (restart 0) KSP residual norm 2.384405e-15\nGMRES solver converged in 2 iterations (avg. reduction factor: 1.234e-07)\n   Residual norms for GMRES solve\n   0 (restart 0) KSP residual norm 2.928574e-01\n   1 (restart 0) KSP residual norm 4.974394e-08\n   2 (restart 0) KSP residual norm 5.135107e-15\nGMRES solver converged in 2 iterations (avg. reduction factor: 1.324e-07)\n   Residual norms for GMRES solve\n   0 (restart 0) KSP residual norm 2.969997e-01\n   1 (restart 0) KSP residual norm 5.144795e-08\n   2 (restart 0) KSP residual norm 6.999328e-15\nGMRES solver converged in 2 iterations (avg. reduction factor: 1.535e-07)\n   Residual norms for GMRES solve\n   0 (restart 0) KSP residual norm 3.002090e-01\n   1 (restart 0) KSP residual norm 3.036601e-08\n", "truncated": true}, "base_mesh/palace.stderr.txt": {"size_bytes": 0, "tail": "", "truncated": false}, "base_mesh/resource_summary.json": {"unavailable": "FileNotFoundError"}, "base_mesh/resource_samples.json": {"unavailable": "FileNotFoundError"}}, "cgroup_path": "/system.slice/hosted-compute-agent.service", "cgroup_memory": {"memory.current": {"size_bytes": 0, "tail": "14036115456\n", "truncated": false}, "memory.peak": {"size_bytes": 0, "tail": "15733555200\n", "truncated": false}, "memory.max": {"size_bytes": 0, "tail": "max\n", "truncated": false}, "memory.events": {"size_bytes": 0, "tail": "low 0\nhigh 0\nmax 0\noom 0\noom_kill 0\noom_group_kill 0\n", "truncated": false}}, "process_columns": "pid ppid rss_KiB vsz_KiB cpu_percent command_name", "largest_processes": [" 679867  679825 6234408 6621428 99.9 palace-x86_64.b", " 679870  679825 6004088 6385244 99.9 palace-x86_64.b", " 679567  679564 164976 1295176 2.7 textlayout", "   2046    2044 134240 1431512 0.3 provjobd1305015", "   2112    2090 102788 274614748 0.4 Runner.Worker", "   2090    2032 79508 274345452 0.0 Runner.Listener", "   1154       1 72548 2127092 0.0 dockerd", "    987       1 51396 295280  0.0 php-fpm8.3", " 679564  679562 49100 219116  0.0 uv", "   1063       1 46060 1960992 0.0 containerd", "    225       1 43716 305388  0.0 multipathd", "   1712    1021 37040 454656  0.0 python3"]}
palace	UNKNOWN STEP	2026-09-29T18:50:08.5634801Z {"schema": "textlayout.palace-ci-observation.v1", "timestamp": "2026-09-29T18:50:08.535176+00:00", "scope": "host/process diagnostics; not numerical validation", "meminfo": {"unavailable": "OSError"}, "files": {"toolchain.json": {"size_bytes": 3922, "tail": "{\n  \"capability\": {\n    \"available\": true,\n    \"container_digest\": null,\n    \"container_engine\": null,\n    \"container_image\": null,\n    \"executable\": \"/home/runner/.cache/textlayout-palace/spack-opt/linux-x86_64_v3/palace-0.17.0-fc5grs6ugcjdbzpdpqbqsnmf6ejlq4hx/bin/palace\",\n    \"executable_sha256\": \"ad43ec030f51435f32150a5c72cb324ca03083d2ffc2f91405bbf41c6bc2240f\",\n    \"execution_kind\": \"executable\",\n    \"identified\": true,\n    \"mpi_launcher\": \"/usr/bin/mpirun\",\n    \"status\": \"AVAILABLE\",\n    \"unavailable_reason\": null,\n    \"version\": \"0.17.0\"\n  },\n  \"generated_at\": \"2026-09-29T18:43:39+00:00\",\n  \"git_commit\": \"59e8c654c1cfcc84788b488daf0482682bcda2ba\",\n  \"gmsh\": {\n    \"available\": true,\n    \"expected_version\": \"4.15.2\",\n    \"module\": \"/home/runner/work/Text-to-Layout/Text-to-Layout/.venv/lib/python3.12/site-packages/gmsh.py\",\n    \"module_sha256\": \"f4b0935cebde899750293d87a643090e5ea33c9b18d249267f507db68a0e01c3\",\n    \"version\": \"4.15.2\"\n  },\n  \"install_record\": {\n    \"build_stage\": \"/home/runner/.cache/textlayout-palace/build-stage\",\n    \"compiler_and_mpi_tail\": [\n      \"[+] /home/runner/.cache/textlayout-palace/spack-opt/linux-x86_64_v3/palace-0.17.0-fc5grs6ugcjdbzpdpqbqsnmf6ejlq4hx\",\n      \"==> Installing palace-0.17.0-fc5grs6ugcjdbzpdpqbqsnmf6ejlq4hx [63/63]\",\n      \"==> Updating view at /home/runner/.cache/textlayout-palace/environment/.spack-env/view\",\n      \"gcc (Ubuntu 13.3.0-6ubuntu2~24.04.1) 13.3.0\",\n      \"g++ (Ubuntu 13.3.0-6ubuntu2~24.04.1) 13.3.0\",\n      \"GNU Fortran (Ubuntu 13.3.0-6ubuntu2~24.04.1) 13.3.0\",\n      \"mpirun (Open MPI) 4.1.6\",\n      \"\"\n    ],\n    \"compiler_versions\": {\n      \"gcc\": \"gcc (Ubuntu 13.3.0-6ubuntu2~24.04.1) 13.3.0\",\n      \"gfortran\": \"GNU Fortran (Ubuntu 13.3.0-6ubuntu2~24.04.1) 13.3.0\",\n      \"gxx\": \"g++ (Ubuntu 13.3.0-6ubuntu2~24.04.1) 13.3.0\"\n    },\n    \"git_commit\": \"59e8c654c1cfcc84788b488daf0482682bcda2ba\",\n    \"gmsh\": {\n      \"available\": true,\n      \"expected_version\": \"4.15.2\",\n      \"module\": \"/home/runner/work/Text-to-Layout/Text-to-Layout/.venv/lib/python3.12/site-packages/gmsh.py\",\n      \"module_sha256\": \"f4b0935cebde899750293d87a643090e5ea33c9b18d249267f507db68a0e01c3\",\n      \"version\": \"4.15.2\"\n    },\n    \"gmsh_version\": \"4.15.2\",\n    \"install_tree\": \"/home/runner/.cache/textlayout-palace/spack-opt\",\n    \"installed_at\": \"2026-09-29T18:43:21.397659+00:00\",\n    \"mpi_version\": \"mpirun (Open MPI) 4.1.6\",\n    \"native_root\": \"/home/runner/.cache/textlayout-palace\",\n    \"palace_commit\": \"12d8069afb5aa9e169a17e303d735e120968e9f2\",\n    \"palace_executable\": \"/home/runner/.cache/textlayout-palace/spack-opt/linux-x86_64_v3/palace-0.17.0-fc5grs6ugcjdbzpdpqbqsnmf6ejlq4hx/bin/palace\",\n    \"palace_executable_sha256\": \"ad43ec030f51435f32150a5c72cb324ca03083d2ffc2f91405bbf41c6bc2240f\",\n    \"palace_version\": \"0.17.0\",\n    \"requested_version\": \"0.17.0\",\n    \"reused\": false,\n    \"schema\": \"textlayout.palace-install.v1\",\n    \"source_archive\": {\n      \"available\": true,\n      \"path\": \"/home/runner/work/Text-to-Layout/Text-to-Layout/.tools/external/sources/palace-12d8069afb5aa9e169a17e303d735e120968e9f2.tar.gz\",\n      \"sha256\": \"169f7fe210ea6e771a29bfe0803dd84a774b25b00d2aa3a1f33b9d97a510ff9d\",\n      \"size_bytes\": 47331791\n    },\n    \"source_archive_path\": \"/home/runner/work/Text-to-Layout/Text-to-Layout/.tools/external/sources/palace-12d8069afb5aa9e169a17e303d735e120968e9f2.tar.gz\",\n    \"source_archive_sha256\": \"169f7fe210ea6e771a29bfe0803dd84a774b25b00d2aa3a1f33b9d97a510ff9d\",\n    \"spack_commit\": \"0c2be44e4ece21eb091ad5de4c97716b7c6d4c87\",\n    \"spack_environment\": \"external_tools/palace/spack.yaml\",\n    \"spack_packages_commit\": \"a2928a3376d286ddbf07da62847d5ba5b0fa3c67\",\n    \"spack_runtime_cache\": \"/home/runner/.cache/textlayout-palace\",\n    \"spack_version\": \"1.1.0\",\n    \"status\": \"INSTALLED\",\n    \"strategy\": \"pinned_spack_wsl\"\n  },\n  \"required_palace_version\": \"0.17.0\",\n  \"schema\": \"textlayout.palace-toolchain.v1\"\n}\n", "truncated": false}, "resource_decision.json": {"size_bytes": 288, "tail": "{\n  \"accepted_processes\": 2,\n  \"available_mb\": 14806,\n  \"memory_tier\": \"unknown\",\n  \"preflight_peak_mb\": null,\n  \"rationale\": \"no peak-memory estimate available; honouring the requested count\",\n  \"requested_processes\": 2,\n  \"timestamp\": \"2026-09-29T18:43:39+00:00\",\n  \"total_mb\": 15989\n}\n", "truncated": false}, "run_manifest.json": {"unavailable": "FileNotFoundError"}, "base_mesh/mesh_metrics.json": {"size_bytes": 401, "tail": "{\n  \"element_count\": 206137,\n  \"extents\": {\n    \"lateral_margin_um\": 100.0,\n    \"lid_height_um\": 450.0,\n    \"substrate_thickness_um\": 300.0,\n    \"vacuum_height_um\": 300.0\n  },\n  \"mean_quality\": 0.7263143756565194,\n  \"mesh_scale\": 4.0,\n  \"mesh_sha256\": \"d2c7eee442ccec0b5acf7a37a98b61dd305b53bafb68f0d43dab3ba0dc2b069e\",\n  \"minimum_quality\": 0.15838171066132758,\n  \"runtime_seconds\": 7.7689208339998\n}\n", "truncated": false}, "base_mesh/palace_amr.json": {"size_bytes": 2038, "tail": "{\n  \"Boundaries\": {\n    \"PEC\": {\n      \"Attributes\": [\n        10,\n        11,\n        12,\n        30,\n        31\n      ]\n    }\n  },\n  \"Domains\": {\n    \"Materials\": [\n      {\n        \"Attributes\": [\n          1\n        ],\n        \"LossTan\": 1e-06,\n        \"Permeability\": 1.0,\n        \"Permittivity\": 11.45\n      },\n      {\n        \"Attributes\": [\n          2\n        ],\n        \"LossTan\": 1e-06,\n        \"Permeability\": 1.0,\n        \"Permittivity\": 11.45\n      },\n      {\n        \"Attributes\": [\n          3\n        ],\n        \"Permeability\": 1.0,\n        \"Permittivity\": 1.0\n      },\n      {\n        \"Attributes\": [\n          4\n        ],\n        \"Permeability\": 1.0,\n        \"Permittivity\": 1.0\n      },\n      {\n        \"Attributes\": [\n          5\n        ],\n        \"Permeability\": 1.0,\n        \"Permittivity\": 1.0\n      }\n    ],\n    \"Postprocessing\": {\n      \"Energy\": [\n        {\n          \"Attributes\": [\n            1\n          ],\n          \"Index\": 1\n        },\n        {\n          \"Attributes\": [\n            2\n          ],\n          \"Index\": 2\n        },\n        {\n          \"Attributes\": [\n            3\n          ],\n          \"Index\": 3\n        },\n        {\n          \"Attributes\": [\n            4\n          ],\n          \"Index\": 4\n        },\n        {\n          \"Attributes\": [\n            5\n          ],\n          \"Index\": 5\n        }\n      ]\n    }\n  },\n  \"Model\": {\n    \"L0\": 1e-06,\n    \"Mesh\": \"quarter_wave_base.msh\",\n    \"Refinement\": {\n      \"MaxIts\": 4,\n      \"Nonconformal\": false,\n      \"SaveAdaptIterations\": true,\n      \"SaveAdaptMesh\": true,\n      \"Tol\": 0.0001,\n      \"UpdateFraction\": 0.7\n    }\n  },\n  \"Problem\": {\n    \"Output\": \"postpro\",\n    \"OutputFormats\": {\n      \"GridFunction\": true,\n      \"Paraview\": true\n    },\n    \"Type\": \"Eigenmode\",\n    \"Verbose\": 2\n  },\n  \"Solver\": {\n    \"Device\": \"CPU\",\n    \"Eigenmode\": {\n      \"N\": 4,\n      \"Save\": 4,\n      \"Target\": 2.7,\n      \"Tol\": 1e-09\n    },\n    \"Linear\": {\n      \"MaxIts\": 1000,\n      \"Tol\": 1e-09,\n      \"Type\": \"Default\"\n    },\n    \"Order\": 1\n  }\n}\n", "truncated": false}, "base_mesh/palace.stdout.txt": {"size_bytes": 16170, "tail": "onfiguring ARPACK eigenvalue solver:\n Scaling \u03b3 = 3.842e+05, \u03b4 = 1.901e-05\n Configuring divergence-free projection\n Using random starting vector\n Shift-and-invert \u03c3 = 2.700e+00 GHz (2.936e-01)\n\nAssembling multigrid hierarchy:\n Level 0 (p = 1): 924336 unknowns\n Level 0 (auxiliary) (p = 1): 140665 unknowns\n\n   Residual norms for GMRES solve\n   0 (restart 0) KSP residual norm 3.502794e-02\n   1 (restart 0) KSP residual norm 8.632795e-10\n   2 (restart 0) KSP residual norm 4.604290e-16\nGMRES solver converged in 2 iterations (avg. reduction factor: 1.146e-07)\n   Residual norms for GMRES solve\n   0 (restart 0) KSP residual norm 3.493080e+00\n   1 (restart 0) KSP residual norm 5.434289e-08\n   2 (restart 0) KSP residual norm 6.426568e-14\nGMRES solver converged in 2 iterations (avg. reduction factor: 1.356e-07)\n   Residual norms for GMRES solve\n   0 (restart 0) KSP residual norm 1.345317e+00\n   1 (restart 0) KSP residual norm 1.062759e-07\n   2 (restart 0) KSP residual norm 1.970294e-14\nGMRES solver converged in 2 iterations (avg. reduction factor: 1.210e-07)\n   Residual norms for GMRES solve\n   0 (restart 0) KSP residual norm 2.524294e+00\n   1 (restart 0) KSP residual norm 1.834509e-07\n   2 (restart 0) KSP residual norm 4.411194e-14\nGMRES solver converged in 2 iterations (avg. reduction factor: 1.322e-07)\n\n _naup2: **** Start of major iteration number ****\n -------------------------------------------------\n    1 -    1:       1\n  \n   Residual norms for GMRES solve\n   0 (restart 0) KSP residual norm 5.373389e-01\n   1 (restart 0) KSP residual norm 6.439234e-08\n   2 (restart 0) KSP residual norm 1.144931e-14\nGMRES solver converged in 2 iterations (avg. reduction factor: 1.460e-07)\n   Residual norms for GMRES solve\n   0 (restart 0) KSP residual norm 5.211959e-01\n   1 (restart 0) KSP residual norm 2.889664e-08\n   2 (restart 0) KSP residual norm 8.156825e-15\nGMRES solver converged in 2 iterations (avg. reduction factor: 1.251e-07)\n   Residual norms for GMRES solve\n   0 (restart 0) KSP residual norm 2.534717e-01\n   1 (restart 0) KSP residual norm 3.825368e-08\n   2 (restart 0) KSP residual norm 5.962386e-15\nGMRES solver converged in 2 iterations (avg. reduction factor: 1.534e-07)\n   Residual norms for GMRES solve\n   0 (restart 0) KSP residual norm 1.564640e-01\n   1 (restart 0) KSP residual norm 2.762412e-08\n   2 (restart 0) KSP residual norm 2.384405e-15\nGMRES solver converged in 2 iterations (avg. reduction factor: 1.234e-07)\n   Residual norms for GMRES solve\n   0 (restart 0) KSP residual norm 2.928574e-01\n   1 (restart 0) KSP residual norm 4.974394e-08\n   2 (restart 0) KSP residual norm 5.135107e-15\nGMRES solver converged in 2 iterations (avg. reduction factor: 1.324e-07)\n   Residual norms for GMRES solve\n   0 (restart 0) KSP residual norm 2.969997e-01\n   1 (restart 0) KSP residual norm 5.144795e-08\n   2 (restart 0) KSP residual norm 6.999328e-15\nGMRES solver converged in 2 iterations (avg. reduction factor: 1.535e-07)\n   Residual norms for GMRES solve\n   0 (restart 0) KSP residual norm 3.002090e-01\n   1 (restart 0) KSP residual norm 3.036601e-08\n   2 (restart 0) KSP residual norm 6.804588e-15\nGMRES solver converged in 2 iterations (avg. reduction factor: 1.506e-07)\n   Residual norms for GMRES solve\n   0 (restart 0) KSP residual norm 3.902644e-01\n   1 (restart 0) KSP residual norm 3.887151e-08\n   2 (restart 0) KSP residual norm 6.790453e-15\nGMRES solver converged in 2 iterations (avg. reduction factor: 1.319e-07)\n   Residual norms for GMRES solve\n   0 (restart 0) KSP residual norm 3.406004e-01\n   1 (restart 0) KSP residual norm 3.751601e-08\n   2 (restart 0) KSP residual norm 6.532816e-15\nGMRES solver converged in 2 iterations (avg. reduction factor: 1.385e-07)\n   Residual norms for GMRES solve\n   0 (restart 0) KSP residual norm 2.362821e-01\n   1 (restart 0) KSP residual norm 3.054276e-08\n   2 (restart 0) KSP residual norm 5.255484e-15\nGMRES solver converged in 2 iterations (avg. reduction factor: 1.491e-07)\n   Residual norms for GMRES solve\n   0 (restart 0) KSP residual norm 3.602671e-01\n   1 (restart 0) KSP residual norm 2.791419e-08\n", "truncated": true}, "base_mesh/palace.stderr.txt": {"size_bytes": 0, "tail": "", "truncated": false}, "base_mesh/resource_summary.json": {"unavailable": "FileNotFoundError"}, "base_mesh/resource_samples.json": {"unavailable": "FileNotFoundError"}}, "cgroup_path": "/system.slice/hosted-compute-agent.service", "cgroup_memory": {"memory.current": {"size_bytes": 0, "tail": "14044262400\n", "truncated": false}, "memory.peak": {"size_bytes": 0, "tail": "15733555200\n", "truncated": false}, "memory.max": {"size_bytes": 0, "tail": "max\n", "truncated": false}, "memory.events": {"size_bytes": 0, "tail": "low 0\nhigh 0\nmax 0\noom 0\noom_kill 0\noom_group_kill 0\n", "truncated": false}}, "process_columns": "pid ppid rss_KiB vsz_KiB cpu_percent command_name", "largest_processes": [" 679867  679825 6234408 6621428 99.9 palace-x86_64.b", " 679870  679825 6004088 6385244 99.9 palace-x86_64.b", " 679567  679564 164976 1295176 2.5 textlayout", "   2046    2044 134260 1431512 0.3 provjobd1305015", "   2112    2090 103736 274614748 0.4 Runner.Worker", "   2090    2032 79520 274345452 0.0 Runner.Listener", "   1154       1 72548 2127092 0.0 dockerd", "    987       1 51396 295280  0.0 php-fpm8.3", " 679564  679562 49100 219116  0.0 uv", "   1063       1 46060 1960992 0.0 containerd", "    225       1 43716 305388  0.0 multipathd", "   1712    1021 37040 454656  0.0 python3"]}
palace	UNKNOWN STEP	2026-09-29T18:50:38.5788885Z {"schema": "textlayout.palace-ci-observation.v1", "timestamp": "2026-09-29T18:50:38.555405+00:00", "scope": "host/process diagnostics; not numerical validation", "meminfo": {"unavailable": "OSError"}, "files": {"toolchain.json": {"size_bytes": 3922, "tail": "{\n  \"capability\": {\n    \"available\": true,\n    \"container_digest\": null,\n    \"container_engine\": null,\n    \"container_image\": null,\n    \"executable\": \"/home/runner/.cache/textlayout-palace/spack-opt/linux-x86_64_v3/palace-0.17.0-fc5grs6ugcjdbzpdpqbqsnmf6ejlq4hx/bin/palace\",\n    \"executable_sha256\": \"ad43ec030f51435f32150a5c72cb324ca03083d2ffc2f91405bbf41c6bc2240f\",\n    \"execution_kind\": \"executable\",\n    \"identified\": true,\n    \"mpi_launcher\": \"/usr/bin/mpirun\",\n    \"status\": \"AVAILABLE\",\n    \"unavailable_reason\": null,\n    \"version\": \"0.17.0\"\n  },\n  \"generated_at\": \"2026-09-29T18:43:39+00:00\",\n  \"git_commit\": \"59e8c654c1cfcc84788b488daf0482682bcda2ba\",\n  \"gmsh\": {\n    \"available\": true,\n    \"expected_version\": \"4.15.2\",\n    \"module\": \"/home/runner/work/Text-to-Layout/Text-to-Layout/.venv/lib/python3.12/site-packages/gmsh.py\",\n    \"module_sha256\": \"f4b0935cebde899750293d87a643090e5ea33c9b18d249267f507db68a0e01c3\",\n    \"version\": \"4.15.2\"\n  },\n  \"install_record\": {\n    \"build_stage\": \"/home/runner/.cache/textlayout-palace/build-stage\",\n    \"compiler_and_mpi_tail\": [\n      \"[+] /home/runner/.cache/textlayout-palace/spack-opt/linux-x86_64_v3/palace-0.17.0-fc5grs6ugcjdbzpdpqbqsnmf6ejlq4hx\",\n      \"==> Installing palace-0.17.0-fc5grs6ugcjdbzpdpqbqsnmf6ejlq4hx [63/63]\",\n      \"==> Updating view at /home/runner/.cache/textlayout-palace/environment/.spack-env/view\",\n      \"gcc (Ubuntu 13.3.0-6ubuntu2~24.04.1) 13.3.0\",\n      \"g++ (Ubuntu 13.3.0-6ubuntu2~24.04.1) 13.3.0\",\n      \"GNU Fortran (Ubuntu 13.3.0-6ubuntu2~24.04.1) 13.3.0\",\n      \"mpirun (Open MPI) 4.1.6\",\n      \"\"\n    ],\n    \"compiler_versions\": {\n      \"gcc\": \"gcc (Ubuntu 13.3.0-6ubuntu2~24.04.1) 13.3.0\",\n      \"gfortran\": \"GNU Fortran (Ubuntu 13.3.0-6ubuntu2~24.04.1) 13.3.0\",\n      \"gxx\": \"g++ (Ubuntu 13.3.0-6ubuntu2~24.04.1) 13.3.0\"\n    },\n    \"git_commit\": \"59e8c654c1cfcc84788b488daf0482682bcda2ba\",\n    \"gmsh\": {\n      \"available\": true,\n      \"expected_version\": \"4.15.2\",\n      \"module\": \"/home/runner/work/Text-to-Layout/Text-to-Layout/.venv/lib/python3.12/site-packages/gmsh.py\",\n      \"module_sha256\": \"f4b0935cebde899750293d87a643090e5ea33c9b18d249267f507db68a0e01c3\",\n      \"version\": \"4.15.2\"\n    },\n    \"gmsh_version\": \"4.15.2\",\n    \"install_tree\": \"/home/runner/.cache/textlayout-palace/spack-opt\",\n    \"installed_at\": \"2026-09-29T18:43:21.397659+00:00\",\n    \"mpi_version\": \"mpirun (Open MPI) 4.1.6\",\n    \"native_root\": \"/home/runner/.cache/textlayout-palace\",\n    \"palace_commit\": \"12d8069afb5aa9e169a17e303d735e120968e9f2\",\n    \"palace_executable\": \"/home/runner/.cache/textlayout-palace/spack-opt/linux-x86_64_v3/palace-0.17.0-fc5grs6ugcjdbzpdpqbqsnmf6ejlq4hx/bin/palace\",\n    \"palace_executable_sha256\": \"ad43ec030f51435f32150a5c72cb324ca03083d2ffc2f91405bbf41c6bc2240f\",\n    \"palace_version\": \"0.17.0\",\n    \"requested_version\": \"0.17.0\",\n    \"reused\": false,\n    \"schema\": \"textlayout.palace-install.v1\",\n    \"source_archive\": {\n      \"available\": true,\n      \"path\": \"/home/runner/work/Text-to-Layout/Text-to-Layout/.tools/external/sources/palace-12d8069afb5aa9e169a17e303d735e120968e9f2.tar.gz\",\n      \"sha256\": \"169f7fe210ea6e771a29bfe0803dd84a774b25b00d2aa3a1f33b9d97a510ff9d\",\n      \"size_bytes\": 47331791\n    },\n    \"source_archive_path\": \"/home/runner/work/Text-to-Layout/Text-to-Layout/.tools/external/sources/palace-12d8069afb5aa9e169a17e303d735e120968e9f2.tar.gz\",\n    \"source_archive_sha256\": \"169f7fe210ea6e771a29bfe0803dd84a774b25b00d2aa3a1f33b9d97a510ff9d\",\n    \"spack_commit\": \"0c2be44e4ece21eb091ad5de4c97716b7c6d4c87\",\n    \"spack_environment\": \"external_tools/palace/spack.yaml\",\n    \"spack_packages_commit\": \"a2928a3376d286ddbf07da62847d5ba5b0fa3c67\",\n    \"spack_runtime_cache\": \"/home/runner/.cache/textlayout-palace\",\n    \"spack_version\": \"1.1.0\",\n    \"status\": \"INSTALLED\",\n    \"strategy\": \"pinned_spack_wsl\"\n  },\n  \"required_palace_version\": \"0.17.0\",\n  \"schema\": \"textlayout.palace-toolchain.v1\"\n}\n", "truncated": false}, "resource_decision.json": {"size_bytes": 288, "tail": "{\n  \"accepted_processes\": 2,\n  \"available_mb\": 14806,\n  \"memory_tier\": \"unknown\",\n  \"preflight_peak_mb\": null,\n  \"rationale\": \"no peak-memory estimate available; honouring the requested count\",\n  \"requested_processes\": 2,\n  \"timestamp\": \"2026-09-29T18:43:39+00:00\",\n  \"total_mb\": 15989\n}\n", "truncated": false}, "run_manifest.json": {"unavailable": "FileNotFoundError"}, "base_mesh/mesh_metrics.json": {"size_bytes": 401, "tail": "{\n  \"element_count\": 206137,\n  \"extents\": {\n    \"lateral_margin_um\": 100.0,\n    \"lid_height_um\": 450.0,\n    \"substrate_thickness_um\": 300.0,\n    \"vacuum_height_um\": 300.0\n  },\n  \"mean_quality\": 0.7263143756565194,\n  \"mesh_scale\": 4.0,\n  \"mesh_sha256\": \"d2c7eee442ccec0b5acf7a37a98b61dd305b53bafb68f0d43dab3ba0dc2b069e\",\n  \"minimum_quality\": 0.15838171066132758,\n  \"runtime_seconds\": 7.7689208339998\n}\n", "truncated": false}, "base_mesh/palace_amr.json": {"size_bytes": 2038, "tail": "{\n  \"Boundaries\": {\n    \"PEC\": {\n      \"Attributes\": [\n        10,\n        11,\n        12,\n        30,\n        31\n      ]\n    }\n  },\n  \"Domains\": {\n    \"Materials\": [\n      {\n        \"Attributes\": [\n          1\n        ],\n        \"LossTan\": 1e-06,\n        \"Permeability\": 1.0,\n        \"Permittivity\": 11.45\n      },\n      {\n        \"Attributes\": [\n          2\n        ],\n        \"LossTan\": 1e-06,\n        \"Permeability\": 1.0,\n        \"Permittivity\": 11.45\n      },\n      {\n        \"Attributes\": [\n          3\n        ],\n        \"Permeability\": 1.0,\n        \"Permittivity\": 1.0\n      },\n      {\n        \"Attributes\": [\n          4\n        ],\n        \"Permeability\": 1.0,\n        \"Permittivity\": 1.0\n      },\n      {\n        \"Attributes\": [\n          5\n        ],\n        \"Permeability\": 1.0,\n        \"Permittivity\": 1.0\n      }\n    ],\n    \"Postprocessing\": {\n      \"Energy\": [\n        {\n          \"Attributes\": [\n            1\n          ],\n          \"Index\": 1\n        },\n        {\n          \"Attributes\": [\n            2\n          ],\n          \"Index\": 2\n        },\n        {\n          \"Attributes\": [\n            3\n          ],\n          \"Index\": 3\n        },\n        {\n          \"Attributes\": [\n            4\n          ],\n          \"Index\": 4\n        },\n        {\n          \"Attributes\": [\n            5\n          ],\n          \"Index\": 5\n        }\n      ]\n    }\n  },\n  \"Model\": {\n    \"L0\": 1e-06,\n    \"Mesh\": \"quarter_wave_base.msh\",\n    \"Refinement\": {\n      \"MaxIts\": 4,\n      \"Nonconformal\": false,\n      \"SaveAdaptIterations\": true,\n      \"SaveAdaptMesh\": true,\n      \"Tol\": 0.0001,\n      \"UpdateFraction\": 0.7\n    }\n  },\n  \"Problem\": {\n    \"Output\": \"postpro\",\n    \"OutputFormats\": {\n      \"GridFunction\": true,\n      \"Paraview\": true\n    },\n    \"Type\": \"Eigenmode\",\n    \"Verbose\": 2\n  },\n  \"Solver\": {\n    \"Device\": \"CPU\",\n    \"Eigenmode\": {\n      \"N\": 4,\n      \"Save\": 4,\n      \"Target\": 2.7,\n      \"Tol\": 1e-09\n    },\n    \"Linear\": {\n      \"MaxIts\": 1000,\n      \"Tol\": 1e-09,\n      \"Type\": \"Default\"\n    },\n    \"Order\": 1\n  }\n}\n", "truncated": false}, "base_mesh/palace.stdout.txt": {"size_bytes": 17130, "tail": " KSP residual norm 1.970294e-14\nGMRES solver converged in 2 iterations (avg. reduction factor: 1.210e-07)\n   Residual norms for GMRES solve\n   0 (restart 0) KSP residual norm 2.524294e+00\n   1 (restart 0) KSP residual norm 1.834509e-07\n   2 (restart 0) KSP residual norm 4.411194e-14\nGMRES solver converged in 2 iterations (avg. reduction factor: 1.322e-07)\n\n _naup2: **** Start of major iteration number ****\n -------------------------------------------------\n    1 -    1:       1\n  \n   Residual norms for GMRES solve\n   0 (restart 0) KSP residual norm 5.373389e-01\n   1 (restart 0) KSP residual norm 6.439234e-08\n   2 (restart 0) KSP residual norm 1.144931e-14\nGMRES solver converged in 2 iterations (avg. reduction factor: 1.460e-07)\n   Residual norms for GMRES solve\n   0 (restart 0) KSP residual norm 5.211959e-01\n   1 (restart 0) KSP residual norm 2.889664e-08\n   2 (restart 0) KSP residual norm 8.156825e-15\nGMRES solver converged in 2 iterations (avg. reduction factor: 1.251e-07)\n   Residual norms for GMRES solve\n   0 (restart 0) KSP residual norm 2.534717e-01\n   1 (restart 0) KSP residual norm 3.825368e-08\n   2 (restart 0) KSP residual norm 5.962386e-15\nGMRES solver converged in 2 iterations (avg. reduction factor: 1.534e-07)\n   Residual norms for GMRES solve\n   0 (restart 0) KSP residual norm 1.564640e-01\n   1 (restart 0) KSP residual norm 2.762412e-08\n   2 (restart 0) KSP residual norm 2.384405e-15\nGMRES solver converged in 2 iterations (avg. reduction factor: 1.234e-07)\n   Residual norms for GMRES solve\n   0 (restart 0) KSP residual norm 2.928574e-01\n   1 (restart 0) KSP residual norm 4.974394e-08\n   2 (restart 0) KSP residual norm 5.135107e-15\nGMRES solver converged in 2 iterations (avg. reduction factor: 1.324e-07)\n   Residual norms for GMRES solve\n   0 (restart 0) KSP residual norm 2.969997e-01\n   1 (restart 0) KSP residual norm 5.144795e-08\n   2 (restart 0) KSP residual norm 6.999328e-15\nGMRES solver converged in 2 iterations (avg. reduction factor: 1.535e-07)\n   Residual norms for GMRES solve\n   0 (restart 0) KSP residual norm 3.002090e-01\n   1 (restart 0) KSP residual norm 3.036601e-08\n   2 (restart 0) KSP residual norm 6.804588e-15\nGMRES solver converged in 2 iterations (avg. reduction factor: 1.506e-07)\n   Residual norms for GMRES solve\n   0 (restart 0) KSP residual norm 3.902644e-01\n   1 (restart 0) KSP residual norm 3.887151e-08\n   2 (restart 0) KSP residual norm 6.790453e-15\nGMRES solver converged in 2 iterations (avg. reduction factor: 1.319e-07)\n   Residual norms for GMRES solve\n   0 (restart 0) KSP residual norm 3.406004e-01\n   1 (restart 0) KSP residual norm 3.751601e-08\n   2 (restart 0) KSP residual norm 6.532816e-15\nGMRES solver converged in 2 iterations (avg. reduction factor: 1.385e-07)\n   Residual norms for GMRES solve\n   0 (restart 0) KSP residual norm 2.362821e-01\n   1 (restart 0) KSP residual norm 3.054276e-08\n   2 (restart 0) KSP residual norm 5.255484e-15\nGMRES solver converged in 2 iterations (avg. reduction factor: 1.491e-07)\n   Residual norms for GMRES solve\n   0 (restart 0) KSP residual norm 3.602671e-01\n   1 (restart 0) KSP residual norm 2.791419e-08\n   2 (restart 0) KSP residual norm 1.033499e-14\nGMRES solver converged in 2 iterations (avg. reduction factor: 1.694e-07)\n   Residual norms for GMRES solve\n   0 (restart 0) KSP residual norm 9.791528e-02\n   1 (restart 0) KSP residual norm 1.677002e-08\n   2 (restart 0) KSP residual norm 1.948846e-15\nGMRES solver converged in 2 iterations (avg. reduction factor: 1.411e-07)\n   Residual norms for GMRES solve\n   0 (restart 0) KSP residual norm 1.832125e-01\n   1 (restart 0) KSP residual norm 2.127494e-08\n   2 (restart 0) KSP residual norm 5.024997e-15\nGMRES solver converged in 2 iterations (avg. reduction factor: 1.656e-07)\n   Residual norms for GMRES solve\n   0 (restart 0) KSP residual norm 4.632115e-02\n   1 (restart 0) KSP residual norm 6.822281e-09\n   2 (restart 0) KSP residual norm 1.147969e-15\nGMRES solver converged in 2 iterations (avg. reduction factor: 1.574e-07)\n   Residual norms for GMRES solve\n   0 (restart 0) KSP residual norm 5.955412e-02\n", "truncated": true}, "base_mesh/palace.stderr.txt": {"size_bytes": 0, "tail": "", "truncated": false}, "base_mesh/resource_summary.json": {"unavailable": "FileNotFoundError"}, "base_mesh/resource_samples.json": {"unavailable": "FileNotFoundError"}}, "cgroup_path": "/system.slice/hosted-compute-agent.service", "cgroup_memory": {"memory.current": {"size_bytes": 0, "tail": "14037598208\n", "truncated": false}, "memory.peak": {"size_bytes": 0, "tail": "15733555200\n", "truncated": false}, "memory.max": {"size_bytes": 0, "tail": "max\n", "truncated": false}, "memory.events": {"size_bytes": 0, "tail": "low 0\nhigh 0\nmax 0\noom 0\noom_kill 0\noom_group_kill 0\n", "truncated": false}}, "process_columns": "pid ppid rss_KiB vsz_KiB cpu_percent command_name", "largest_processes": [" 679867  679825 6234408 6621428 99.9 palace-x86_64.b", " 679870  679825 6004088 6385244 99.9 palace-x86_64.b", " 679567  679564 164976 1295176 2.4 textlayout", "   2046    2044 134388 1431512 0.3 provjobd1305015", "   2112    2090 103832 274614764 0.4 Runner.Worker", "   2090    2032 80400 274345468 0.0 Runner.Listener", "   1154       1 72548 2127092 0.0 dockerd", "    987       1 51396 295280  0.0 php-fpm8.3", " 679564  679562 49100 219116  0.0 uv", "   1063       1 46060 1960992 0.0 containerd", "    225       1 43716 305388  0.0 multipathd", "   1712    1021 37040 454656  0.0 python3"]}
palace	UNKNOWN STEP	2026-09-29T18:51:08.5977477Z {"schema": "textlayout.palace-ci-observation.v1", "timestamp": "2026-09-29T18:51:08.574260+00:00", "scope": "host/process diagnostics; not numerical validation", "meminfo": {"unavailable": "OSError"}, "files": {"toolchain.json": {"size_bytes": 3922, "tail": "{\n  \"capability\": {\n    \"available\": true,\n    \"container_digest\": null,\n    \"container_engine\": null,\n    \"container_image\": null,\n    \"executable\": \"/home/runner/.cache/textlayout-palace/spack-opt/linux-x86_64_v3/palace-0.17.0-fc5grs6ugcjdbzpdpqbqsnmf6ejlq4hx/bin/palace\",\n    \"executable_sha256\": \"ad43ec030f51435f32150a5c72cb324ca03083d2ffc2f91405bbf41c6bc2240f\",\n    \"execution_kind\": \"executable\",\n    \"identified\": true,\n    \"mpi_launcher\": \"/usr/bin/mpirun\",\n    \"status\": \"AVAILABLE\",\n    \"unavailable_reason\": null,\n    \"version\": \"0.17.0\"\n  },\n  \"generated_at\": \"2026-09-29T18:43:39+00:00\",\n  \"git_commit\": \"59e8c654c1cfcc84788b488daf0482682bcda2ba\",\n  \"gmsh\": {\n    \"available\": true,\n    \"expected_version\": \"4.15.2\",\n    \"module\": \"/home/runner/work/Text-to-Layout/Text-to-Layout/.venv/lib/python3.12/site-packages/gmsh.py\",\n    \"module_sha256\": \"f4b0935cebde899750293d87a643090e5ea33c9b18d249267f507db68a0e01c3\",\n    \"version\": \"4.15.2\"\n  },\n  \"install_record\": {\n    \"build_stage\": \"/home/runner/.cache/textlayout-palace/build-stage\",\n    \"compiler_and_mpi_tail\": [\n      \"[+] /home/runner/.cache/textlayout-palace/spack-opt/linux-x86_64_v3/palace-0.17.0-fc5grs6ugcjdbzpdpqbqsnmf6ejlq4hx\",\n      \"==> Installing palace-0.17.0-fc5grs6ugcjdbzpdpqbqsnmf6ejlq4hx [63/63]\",\n      \"==> Updating view at /home/runner/.cache/textlayout-palace/environment/.spack-env/view\",\n      \"gcc (Ubuntu 13.3.0-6ubuntu2~24.04.1) 13.3.0\",\n      \"g++ (Ubuntu 13.3.0-6ubuntu2~24.04.1) 13.3.0\",\n      \"GNU Fortran (Ubuntu 13.3.0-6ubuntu2~24.04.1) 13.3.0\",\n      \"mpirun (Open MPI) 4.1.6\",\n      \"\"\n    ],\n    \"compiler_versions\": {\n      \"gcc\": \"gcc (Ubuntu 13.3.0-6ubuntu2~24.04.1) 13.3.0\",\n      \"gfortran\": \"GNU Fortran (Ubuntu 13.3.0-6ubuntu2~24.04.1) 13.3.0\",\n      \"gxx\": \"g++ (Ubuntu 13.3.0-6ubuntu2~24.04.1) 13.3.0\"\n    },\n    \"git_commit\": \"59e8c654c1cfcc84788b488daf0482682bcda2ba\",\n    \"gmsh\": {\n      \"available\": true,\n      \"expected_version\": \"4.15.2\",\n      \"module\": \"/home/runner/work/Text-to-Layout/Text-to-Layout/.venv/lib/python3.12/site-packages/gmsh.py\",\n      \"module_sha256\": \"f4b0935cebde899750293d87a643090e5ea33c9b18d249267f507db68a0e01c3\",\n      \"version\": \"4.15.2\"\n    },\n    \"gmsh_version\": \"4.15.2\",\n    \"install_tree\": \"/home/runner/.cache/textlayout-palace/spack-opt\",\n    \"installed_at\": \"2026-09-29T18:43:21.397659+00:00\",\n    \"mpi_version\": \"mpirun (Open MPI) 4.1.6\",\n    \"native_root\": \"/home/runner/.cache/textlayout-palace\",\n    \"palace_commit\": \"12d8069afb5aa9e169a17e303d735e120968e9f2\",\n    \"palace_executable\": \"/home/runner/.cache/textlayout-palace/spack-opt/linux-x86_64_v3/palace-0.17.0-fc5grs6ugcjdbzpdpqbqsnmf6ejlq4hx/bin/palace\",\n    \"palace_executable_sha256\": \"ad43ec030f51435f32150a5c72cb324ca03083d2ffc2f91405bbf41c6bc2240f\",\n    \"palace_version\": \"0.17.0\",\n    \"requested_version\": \"0.17.0\",\n    \"reused\": false,\n    \"schema\": \"textlayout.palace-install.v1\",\n    \"source_archive\": {\n      \"available\": true,\n      \"path\": \"/home/runner/work/Text-to-Layout/Text-to-Layout/.tools/external/sources/palace-12d8069afb5aa9e169a17e303d735e120968e9f2.tar.gz\",\n      \"sha256\": \"169f7fe210ea6e771a29bfe0803dd84a774b25b00d2aa3a1f33b9d97a510ff9d\",\n      \"size_bytes\": 47331791\n    },\n    \"source_archive_path\": \"/home/runner/work/Text-to-Layout/Text-to-Layout/.tools/external/sources/palace-12d8069afb5aa9e169a17e303d735e120968e9f2.tar.gz\",\n    \"source_archive_sha256\": \"169f7fe210ea6e771a29bfe0803dd84a774b25b00d2aa3a1f33b9d97a510ff9d\",\n    \"spack_commit\": \"0c2be44e4ece21eb091ad5de4c97716b7c6d4c87\",\n    \"spack_environment\": \"external_tools/palace/spack.yaml\",\n    \"spack_packages_commit\": \"a2928a3376d286ddbf07da62847d5ba5b0fa3c67\",\n    \"spack_runtime_cache\": \"/home/runner/.cache/textlayout-palace\",\n    \"spack_version\": \"1.1.0\",\n    \"status\": \"INSTALLED\",\n    \"strategy\": \"pinned_spack_wsl\"\n  },\n  \"required_palace_version\": \"0.17.0\",\n  \"schema\": \"textlayout.palace-toolchain.v1\"\n}\n", "truncated": false}, "resource_decision.json": {"size_bytes": 288, "tail": "{\n  \"accepted_processes\": 2,\n  \"available_mb\": 14806,\n  \"memory_tier\": \"unknown\",\n  \"preflight_peak_mb\": null,\n  \"rationale\": \"no peak-memory estimate available; honouring the requested count\",\n  \"requested_processes\": 2,\n  \"timestamp\": \"2026-09-29T18:43:39+00:00\",\n  \"total_mb\": 15989\n}\n", "truncated": false}, "run_manifest.json": {"unavailable": "FileNotFoundError"}, "base_mesh/mesh_metrics.json": {"size_bytes": 401, "tail": "{\n  \"element_count\": 206137,\n  \"extents\": {\n    \"lateral_margin_um\": 100.0,\n    \"lid_height_um\": 450.0,\n    \"substrate_thickness_um\": 300.0,\n    \"vacuum_height_um\": 300.0\n  },\n  \"mean_quality\": 0.7263143756565194,\n  \"mesh_scale\": 4.0,\n  \"mesh_sha256\": \"d2c7eee442ccec0b5acf7a37a98b61dd305b53bafb68f0d43dab3ba0dc2b069e\",\n  \"minimum_quality\": 0.15838171066132758,\n  \"runtime_seconds\": 7.7689208339998\n}\n", "truncated": false}, "base_mesh/palace_amr.json": {"size_bytes": 2038, "tail": "{\n  \"Boundaries\": {\n    \"PEC\": {\n      \"Attributes\": [\n        10,\n        11,\n        12,\n        30,\n        31\n      ]\n    }\n  },\n  \"Domains\": {\n    \"Materials\": [\n      {\n        \"Attributes\": [\n          1\n        ],\n        \"LossTan\": 1e-06,\n        \"Permeability\": 1.0,\n        \"Permittivity\": 11.45\n      },\n      {\n        \"Attributes\": [\n          2\n        ],\n        \"LossTan\": 1e-06,\n        \"Permeability\": 1.0,\n        \"Permittivity\": 11.45\n      },\n      {\n        \"Attributes\": [\n          3\n        ],\n        \"Permeability\": 1.0,\n        \"Permittivity\": 1.0\n      },\n      {\n        \"Attributes\": [\n          4\n        ],\n        \"Permeability\": 1.0,\n        \"Permittivity\": 1.0\n      },\n      {\n        \"Attributes\": [\n          5\n        ],\n        \"Permeability\": 1.0,\n        \"Permittivity\": 1.0\n      }\n    ],\n    \"Postprocessing\": {\n      \"Energy\": [\n        {\n          \"Attributes\": [\n            1\n          ],\n          \"Index\": 1\n        },\n        {\n          \"Attributes\": [\n            2\n          ],\n          \"Index\": 2\n        },\n        {\n          \"Attributes\": [\n            3\n          ],\n          \"Index\": 3\n        },\n        {\n          \"Attributes\": [\n            4\n          ],\n          \"Index\": 4\n        },\n        {\n          \"Attributes\": [\n            5\n          ],\n          \"Index\": 5\n        }\n      ]\n    }\n  },\n  \"Model\": {\n    \"L0\": 1e-06,\n    \"Mesh\": \"quarter_wave_base.msh\",\n    \"Refinement\": {\n      \"MaxIts\": 4,\n      \"Nonconformal\": false,\n      \"SaveAdaptIterations\": true,\n      \"SaveAdaptMesh\": true,\n      \"Tol\": 0.0001,\n      \"UpdateFraction\": 0.7\n    }\n  },\n  \"Problem\": {\n    \"Output\": \"postpro\",\n    \"OutputFormats\": {\n      \"GridFunction\": true,\n      \"Paraview\": true\n    },\n    \"Type\": \"Eigenmode\",\n    \"Verbose\": 2\n  },\n  \"Solver\": {\n    \"Device\": \"CPU\",\n    \"Eigenmode\": {\n      \"N\": 4,\n      \"Save\": 4,\n      \"Target\": 2.7,\n      \"Tol\": 1e-09\n    },\n    \"Linear\": {\n      \"MaxIts\": 1000,\n      \"Tol\": 1e-09,\n      \"Type\": \"Default\"\n    },\n    \"Order\": 1\n  }\n}\n", "truncated": false}, "base_mesh/palace.stdout.txt": {"size_bytes": 17795, "tail": "MRES solver converged in 2 iterations (avg. reduction factor: 1.460e-07)\n   Residual norms for GMRES solve\n   0 (restart 0) KSP residual norm 5.211959e-01\n   1 (restart 0) KSP residual norm 2.889664e-08\n   2 (restart 0) KSP residual norm 8.156825e-15\nGMRES solver converged in 2 iterations (avg. reduction factor: 1.251e-07)\n   Residual norms for GMRES solve\n   0 (restart 0) KSP residual norm 2.534717e-01\n   1 (restart 0) KSP residual norm 3.825368e-08\n   2 (restart 0) KSP residual norm 5.962386e-15\nGMRES solver converged in 2 iterations (avg. reduction factor: 1.534e-07)\n   Residual norms for GMRES solve\n   0 (restart 0) KSP residual norm 1.564640e-01\n   1 (restart 0) KSP residual norm 2.762412e-08\n   2 (restart 0) KSP residual norm 2.384405e-15\nGMRES solver converged in 2 iterations (avg. reduction factor: 1.234e-07)\n   Residual norms for GMRES solve\n   0 (restart 0) KSP residual norm 2.928574e-01\n   1 (restart 0) KSP residual norm 4.974394e-08\n   2 (restart 0) KSP residual norm 5.135107e-15\nGMRES solver converged in 2 iterations (avg. reduction factor: 1.324e-07)\n   Residual norms for GMRES solve\n   0 (restart 0) KSP residual norm 2.969997e-01\n   1 (restart 0) KSP residual norm 5.144795e-08\n   2 (restart 0) KSP residual norm 6.999328e-15\nGMRES solver converged in 2 iterations (avg. reduction factor: 1.535e-07)\n   Residual norms for GMRES solve\n   0 (restart 0) KSP residual norm 3.002090e-01\n   1 (restart 0) KSP residual norm 3.036601e-08\n   2 (restart 0) KSP residual norm 6.804588e-15\nGMRES solver converged in 2 iterations (avg. reduction factor: 1.506e-07)\n   Residual norms for GMRES solve\n   0 (restart 0) KSP residual norm 3.902644e-01\n   1 (restart 0) KSP residual norm 3.887151e-08\n   2 (restart 0) KSP residual norm 6.790453e-15\nGMRES solver converged in 2 iterations (avg. reduction factor: 1.319e-07)\n   Residual norms for GMRES solve\n   0 (restart 0) KSP residual norm 3.406004e-01\n   1 (restart 0) KSP residual norm 3.751601e-08\n   2 (restart 0) KSP residual norm 6.532816e-15\nGMRES solver converged in 2 iterations (avg. reduction factor: 1.385e-07)\n   Residual norms for GMRES solve\n   0 (restart 0) KSP residual norm 2.362821e-01\n   1 (restart 0) KSP residual norm 3.054276e-08\n   2 (restart 0) KSP residual norm 5.255484e-15\nGMRES solver converged in 2 iterations (avg. reduction factor: 1.491e-07)\n   Residual norms for GMRES solve\n   0 (restart 0) KSP residual norm 3.602671e-01\n   1 (restart 0) KSP residual norm 2.791419e-08\n   2 (restart 0) KSP residual norm 1.033499e-14\nGMRES solver converged in 2 iterations (avg. reduction factor: 1.694e-07)\n   Residual norms for GMRES solve\n   0 (restart 0) KSP residual norm 9.791528e-02\n   1 (restart 0) KSP residual norm 1.677002e-08\n   2 (restart 0) KSP residual norm 1.948846e-15\nGMRES solver converged in 2 iterations (avg. reduction factor: 1.411e-07)\n   Residual norms for GMRES solve\n   0 (restart 0) KSP residual norm 1.832125e-01\n   1 (restart 0) KSP residual norm 2.127494e-08\n   2 (restart 0) KSP residual norm 5.024997e-15\nGMRES solver converged in 2 iterations (avg. reduction factor: 1.656e-07)\n   Residual norms for GMRES solve\n   0 (restart 0) KSP residual norm 4.632115e-02\n   1 (restart 0) KSP residual norm 6.822281e-09\n   2 (restart 0) KSP residual norm 1.147969e-15\nGMRES solver converged in 2 iterations (avg. reduction factor: 1.574e-07)\n   Residual norms for GMRES solve\n   0 (restart 0) KSP residual norm 5.955412e-02\n   1 (restart 0) KSP residual norm 7.933897e-09\n   2 (restart 0) KSP residual norm 1.025996e-15\nGMRES solver converged in 2 iterations (avg. reduction factor: 1.313e-07)\n\n ARPACK EPS eigensolve converged (4 eigenpairs); iterations 1\n Total number of linear systems solved: 19\n Total number of linear solver iterations: 38\n Found 4 converged eigenvalues (first = 3.731e-01+3.434e-07i)\n\nComputing solution error estimates and performing postprocessing\n\n     m,        Re{f} (GHz),        Im{f} (GHz),                  Q,      Error (Bkwd.),       Error (Abs.)\n     1,      +5.617129e+00,      +2.584731e-06,      +1.086598e+06,      +5.843047e-17,      +6.148347e-12\n", "truncated": true}, "base_mesh/palace.stderr.txt": {"size_bytes": 0, "tail": "", "truncated": false}, "base_mesh/resource_summary.json": {"unavailable": "FileNotFoundError"}, "base_mesh/resource_samples.json": {"unavailable": "FileNotFoundError"}}, "cgroup_path": "/system.slice/hosted-compute-agent.service", "cgroup_memory": {"memory.current": {"size_bytes": 0, "tail": "15661051904\n", "truncated": false}, "memory.peak": {"size_bytes": 0, "tail": "15733555200\n", "truncated": false}, "memory.max": {"size_bytes": 0, "tail": "max\n", "truncated": false}, "memory.events": {"size_bytes": 0, "tail": "low 0\nhigh 0\nmax 0\noom 0\noom_kill 0\noom_group_kill 0\n", "truncated": false}}, "process_columns": "pid ppid rss_KiB vsz_KiB cpu_percent command_name", "largest_processes": [" 679867  679825 6969856 7300368 99.9 palace-x86_64.b", " 679870  679825 6677912 7011104 99.9 palace-x86_64.b", " 679567  679564 164876 1295176 2.2 textlayout", "   2046    2044 133940 1431512 0.3 provjobd1305015", "   2112    2090 108944 274614764 0.4 Runner.Worker", "   2090    2032 80380 274345452 0.0 Runner.Listener", "   1154       1 71884 2127092 0.0 dockerd", "    987       1 50412 295280  0.0 php-fpm8.3", " 679564  679562 49100 219116  0.0 uv", "   1063       1 45036 1960992 0.0 containerd", "    225       1 43716 305388  0.0 multipathd", "   1712    1021 37040 454656  0.0 python3"]}
palace	UNKNOWN STEP	2026-09-29T18:51:38.6146271Z {"schema": "textlayout.palace-ci-observation.v1", "timestamp": "2026-09-29T18:51:38.593259+00:00", "scope": "host/process diagnostics; not numerical validation", "meminfo": {"unavailable": "OSError"}, "files": {"toolchain.json": {"size_bytes": 3922, "tail": "{\n  \"capability\": {\n    \"available\": true,\n    \"container_digest\": null,\n    \"container_engine\": null,\n    \"container_image\": null,\n    \"executable\": \"/home/runner/.cache/textlayout-palace/spack-opt/linux-x86_64_v3/palace-0.17.0-fc5grs6ugcjdbzpdpqbqsnmf6ejlq4hx/bin/palace\",\n    \"executable_sha256\": \"ad43ec030f51435f32150a5c72cb324ca03083d2ffc2f91405bbf41c6bc2240f\",\n    \"execution_kind\": \"executable\",\n    \"identified\": true,\n    \"mpi_launcher\": \"/usr/bin/mpirun\",\n    \"status\": \"AVAILABLE\",\n    \"unavailable_reason\": null,\n    \"version\": \"0.17.0\"\n  },\n  \"generated_at\": \"2026-09-29T18:43:39+00:00\",\n  \"git_commit\": \"59e8c654c1cfcc84788b488daf0482682bcda2ba\",\n  \"gmsh\": {\n    \"available\": true,\n    \"expected_version\": \"4.15.2\",\n    \"module\": \"/home/runner/work/Text-to-Layout/Text-to-Layout/.venv/lib/python3.12/site-packages/gmsh.py\",\n    \"module_sha256\": \"f4b0935cebde899750293d87a643090e5ea33c9b18d249267f507db68a0e01c3\",\n    \"version\": \"4.15.2\"\n  },\n  \"install_record\": {\n    \"build_stage\": \"/home/runner/.cache/textlayout-palace/build-stage\",\n    \"compiler_and_mpi_tail\": [\n      \"[+] /home/runner/.cache/textlayout-palace/spack-opt/linux-x86_64_v3/palace-0.17.0-fc5grs6ugcjdbzpdpqbqsnmf6ejlq4hx\",\n      \"==> Installing palace-0.17.0-fc5grs6ugcjdbzpdpqbqsnmf6ejlq4hx [63/63]\",\n      \"==> Updating view at /home/runner/.cache/textlayout-palace/environment/.spack-env/view\",\n      \"gcc (Ubuntu 13.3.0-6ubuntu2~24.04.1) 13.3.0\",\n      \"g++ (Ubuntu 13.3.0-6ubuntu2~24.04.1) 13.3.0\",\n      \"GNU Fortran (Ubuntu 13.3.0-6ubuntu2~24.04.1) 13.3.0\",\n      \"mpirun (Open MPI) 4.1.6\",\n      \"\"\n    ],\n    \"compiler_versions\": {\n      \"gcc\": \"gcc (Ubuntu 13.3.0-6ubuntu2~24.04.1) 13.3.0\",\n      \"gfortran\": \"GNU Fortran (Ubuntu 13.3.0-6ubuntu2~24.04.1) 13.3.0\",\n      \"gxx\": \"g++ (Ubuntu 13.3.0-6ubuntu2~24.04.1) 13.3.0\"\n    },\n    \"git_commit\": \"59e8c654c1cfcc84788b488daf0482682bcda2ba\",\n    \"gmsh\": {\n      \"available\": true,\n      \"expected_version\": \"4.15.2\",\n      \"module\": \"/home/runner/work/Text-to-Layout/Text-to-Layout/.venv/lib/python3.12/site-packages/gmsh.py\",\n      \"module_sha256\": \"f4b0935cebde899750293d87a643090e5ea33c9b18d249267f507db68a0e01c3\",\n      \"version\": \"4.15.2\"\n    },\n    \"gmsh_version\": \"4.15.2\",\n    \"install_tree\": \"/home/runner/.cache/textlayout-palace/spack-opt\",\n    \"installed_at\": \"2026-09-29T18:43:21.397659+00:00\",\n    \"mpi_version\": \"mpirun (Open MPI) 4.1.6\",\n    \"native_root\": \"/home/runner/.cache/textlayout-palace\",\n    \"palace_commit\": \"12d8069afb5aa9e169a17e303d735e120968e9f2\",\n    \"palace_executable\": \"/home/runner/.cache/textlayout-palace/spack-opt/linux-x86_64_v3/palace-0.17.0-fc5grs6ugcjdbzpdpqbqsnmf6ejlq4hx/bin/palace\",\n    \"palace_executable_sha256\": \"ad43ec030f51435f32150a5c72cb324ca03083d2ffc2f91405bbf41c6bc2240f\",\n    \"palace_version\": \"0.17.0\",\n    \"requested_version\": \"0.17.0\",\n    \"reused\": false,\n    \"schema\": \"textlayout.palace-install.v1\",\n    \"source_archive\": {\n      \"available\": true,\n      \"path\": \"/home/runner/work/Text-to-Layout/Text-to-Layout/.tools/external/sources/palace-12d8069afb5aa9e169a17e303d735e120968e9f2.tar.gz\",\n      \"sha256\": \"169f7fe210ea6e771a29bfe0803dd84a774b25b00d2aa3a1f33b9d97a510ff9d\",\n      \"size_bytes\": 47331791\n    },\n    \"source_archive_path\": \"/home/runner/work/Text-to-Layout/Text-to-Layout/.tools/external/sources/palace-12d8069afb5aa9e169a17e303d735e120968e9f2.tar.gz\",\n    \"source_archive_sha256\": \"169f7fe210ea6e771a29bfe0803dd84a774b25b00d2aa3a1f33b9d97a510ff9d\",\n    \"spack_commit\": \"0c2be44e4ece21eb091ad5de4c97716b7c6d4c87\",\n    \"spack_environment\": \"external_tools/palace/spack.yaml\",\n    \"spack_packages_commit\": \"a2928a3376d286ddbf07da62847d5ba5b0fa3c67\",\n    \"spack_runtime_cache\": \"/home/runner/.cache/textlayout-palace\",\n    \"spack_version\": \"1.1.0\",\n    \"status\": \"INSTALLED\",\n    \"strategy\": \"pinned_spack_wsl\"\n  },\n  \"required_palace_version\": \"0.17.0\",\n  \"schema\": \"textlayout.palace-toolchain.v1\"\n}\n", "truncated": false}, "resource_decision.json": {"size_bytes": 288, "tail": "{\n  \"accepted_processes\": 2,\n  \"available_mb\": 14806,\n  \"memory_tier\": \"unknown\",\n  \"preflight_peak_mb\": null,\n  \"rationale\": \"no peak-memory estimate available; honouring the requested count\",\n  \"requested_processes\": 2,\n  \"timestamp\": \"2026-09-29T18:43:39+00:00\",\n  \"total_mb\": 15989\n}\n", "truncated": false}, "run_manifest.json": {"unavailable": "FileNotFoundError"}, "base_mesh/mesh_metrics.json": {"size_bytes": 401, "tail": "{\n  \"element_count\": 206137,\n  \"extents\": {\n    \"lateral_margin_um\": 100.0,\n    \"lid_height_um\": 450.0,\n    \"substrate_thickness_um\": 300.0,\n    \"vacuum_height_um\": 300.0\n  },\n  \"mean_quality\": 0.7263143756565194,\n  \"mesh_scale\": 4.0,\n  \"mesh_sha256\": \"d2c7eee442ccec0b5acf7a37a98b61dd305b53bafb68f0d43dab3ba0dc2b069e\",\n  \"minimum_quality\": 0.15838171066132758,\n  \"runtime_seconds\": 7.7689208339998\n}\n", "truncated": false}, "base_mesh/palace_amr.json": {"size_bytes": 2038, "tail": "{\n  \"Boundaries\": {\n    \"PEC\": {\n      \"Attributes\": [\n        10,\n        11,\n        12,\n        30,\n        31\n      ]\n    }\n  },\n  \"Domains\": {\n    \"Materials\": [\n      {\n        \"Attributes\": [\n          1\n        ],\n        \"LossTan\": 1e-06,\n        \"Permeability\": 1.0,\n        \"Permittivity\": 11.45\n      },\n      {\n        \"Attributes\": [\n          2\n        ],\n        \"LossTan\": 1e-06,\n        \"Permeability\": 1.0,\n        \"Permittivity\": 11.45\n      },\n      {\n        \"Attributes\": [\n          3\n        ],\n        \"Permeability\": 1.0,\n        \"Permittivity\": 1.0\n      },\n      {\n        \"Attributes\": [\n          4\n        ],\n        \"Permeability\": 1.0,\n        \"Permittivity\": 1.0\n      },\n      {\n        \"Attributes\": [\n          5\n        ],\n        \"Permeability\": 1.0,\n        \"Permittivity\": 1.0\n      }\n    ],\n    \"Postprocessing\": {\n      \"Energy\": [\n        {\n          \"Attributes\": [\n            1\n          ],\n          \"Index\": 1\n        },\n        {\n          \"Attributes\": [\n            2\n          ],\n          \"Index\": 2\n        },\n        {\n          \"Attributes\": [\n            3\n          ],\n          \"Index\": 3\n        },\n        {\n          \"Attributes\": [\n            4\n          ],\n          \"Index\": 4\n        },\n        {\n          \"Attributes\": [\n            5\n          ],\n          \"Index\": 5\n        }\n      ]\n    }\n  },\n  \"Model\": {\n    \"L0\": 1e-06,\n    \"Mesh\": \"quarter_wave_base.msh\",\n    \"Refinement\": {\n      \"MaxIts\": 4,\n      \"Nonconformal\": false,\n      \"SaveAdaptIterations\": true,\n      \"SaveAdaptMesh\": true,\n      \"Tol\": 0.0001,\n      \"UpdateFraction\": 0.7\n    }\n  },\n  \"Problem\": {\n    \"Output\": \"postpro\",\n    \"OutputFormats\": {\n      \"GridFunction\": true,\n      \"Paraview\": true\n    },\n    \"Type\": \"Eigenmode\",\n    \"Verbose\": 2\n  },\n  \"Solver\": {\n    \"Device\": \"CPU\",\n    \"Eigenmode\": {\n      \"N\": 4,\n      \"Save\": 4,\n      \"Target\": 2.7,\n      \"Tol\": 1e-09\n    },\n    \"Linear\": {\n      \"MaxIts\": 1000,\n      \"Tol\": 1e-09,\n      \"Type\": \"Default\"\n    },\n    \"Order\": 1\n  }\n}\n", "truncated": false}, "base_mesh/palace.stdout.txt": {"size_bytes": 17828, "tail": "ions (avg. reduction factor: 1.460e-07)\n   Residual norms for GMRES solve\n   0 (restart 0) KSP residual norm 5.211959e-01\n   1 (restart 0) KSP residual norm 2.889664e-08\n   2 (restart 0) KSP residual norm 8.156825e-15\nGMRES solver converged in 2 iterations (avg. reduction factor: 1.251e-07)\n   Residual norms for GMRES solve\n   0 (restart 0) KSP residual norm 2.534717e-01\n   1 (restart 0) KSP residual norm 3.825368e-08\n   2 (restart 0) KSP residual norm 5.962386e-15\nGMRES solver converged in 2 iterations (avg. reduction factor: 1.534e-07)\n   Residual norms for GMRES solve\n   0 (restart 0) KSP residual norm 1.564640e-01\n   1 (restart 0) KSP residual norm 2.762412e-08\n   2 (restart 0) KSP residual norm 2.384405e-15\nGMRES solver converged in 2 iterations (avg. reduction factor: 1.234e-07)\n   Residual norms for GMRES solve\n   0 (restart 0) KSP residual norm 2.928574e-01\n   1 (restart 0) KSP residual norm 4.974394e-08\n   2 (restart 0) KSP residual norm 5.135107e-15\nGMRES solver converged in 2 iterations (avg. reduction factor: 1.324e-07)\n   Residual norms for GMRES solve\n   0 (restart 0) KSP residual norm 2.969997e-01\n   1 (restart 0) KSP residual norm 5.144795e-08\n   2 (restart 0) KSP residual norm 6.999328e-15\nGMRES solver converged in 2 iterations (avg. reduction factor: 1.535e-07)\n   Residual norms for GMRES solve\n   0 (restart 0) KSP residual norm 3.002090e-01\n   1 (restart 0) KSP residual norm 3.036601e-08\n   2 (restart 0) KSP residual norm 6.804588e-15\nGMRES solver converged in 2 iterations (avg. reduction factor: 1.506e-07)\n   Residual norms for GMRES solve\n   0 (restart 0) KSP residual norm 3.902644e-01\n   1 (restart 0) KSP residual norm 3.887151e-08\n   2 (restart 0) KSP residual norm 6.790453e-15\nGMRES solver converged in 2 iterations (avg. reduction factor: 1.319e-07)\n   Residual norms for GMRES solve\n   0 (restart 0) KSP residual norm 3.406004e-01\n   1 (restart 0) KSP residual norm 3.751601e-08\n   2 (restart 0) KSP residual norm 6.532816e-15\nGMRES solver converged in 2 iterations (avg. reduction factor: 1.385e-07)\n   Residual norms for GMRES solve\n   0 (restart 0) KSP residual norm 2.362821e-01\n   1 (restart 0) KSP residual norm 3.054276e-08\n   2 (restart 0) KSP residual norm 5.255484e-15\nGMRES solver converged in 2 iterations (avg. reduction factor: 1.491e-07)\n   Residual norms for GMRES solve\n   0 (restart 0) KSP residual norm 3.602671e-01\n   1 (restart 0) KSP residual norm 2.791419e-08\n   2 (restart 0) KSP residual norm 1.033499e-14\nGMRES solver converged in 2 iterations (avg. reduction factor: 1.694e-07)\n   Residual norms for GMRES solve\n   0 (restart 0) KSP residual norm 9.791528e-02\n   1 (restart 0) KSP residual norm 1.677002e-08\n   2 (restart 0) KSP residual norm 1.948846e-15\nGMRES solver converged in 2 iterations (avg. reduction factor: 1.411e-07)\n   Residual norms for GMRES solve\n   0 (restart 0) KSP residual norm 1.832125e-01\n   1 (restart 0) KSP residual norm 2.127494e-08\n   2 (restart 0) KSP residual norm 5.024997e-15\nGMRES solver converged in 2 iterations (avg. reduction factor: 1.656e-07)\n   Residual norms for GMRES solve\n   0 (restart 0) KSP residual norm 4.632115e-02\n   1 (restart 0) KSP residual norm 6.822281e-09\n   2 (restart 0) KSP residual norm 1.147969e-15\nGMRES solver converged in 2 iterations (avg. reduction factor: 1.574e-07)\n   Residual norms for GMRES solve\n   0 (restart 0) KSP residual norm 5.955412e-02\n   1 (restart 0) KSP residual norm 7.933897e-09\n   2 (restart 0) KSP residual norm 1.025996e-15\nGMRES solver converged in 2 iterations (avg. reduction factor: 1.313e-07)\n\n ARPACK EPS eigensolve converged (4 eigenpairs); iterations 1\n Total number of linear systems solved: 19\n Total number of linear solver iterations: 38\n Found 4 converged eigenvalues (first = 3.731e-01+3.434e-07i)\n\nComputing solution error estimates and performing postprocessing\n\n     m,        Re{f} (GHz),        Im{f} (GHz),                  Q,      Error (Bkwd.),       Error (Abs.)\n     1,      +5.617129e+00,      +2.584731e-06,      +1.086598e+06,      +5.843047e-17,      +6.148347e-12\n Wrote mode 1 to disk (Paraview)\n", "truncated": true}, "base_mesh/palace.stderr.txt": {"size_bytes": 0, "tail": "", "truncated": false}, "base_mesh/resource_summary.json": {"unavailable": "FileNotFoundError"}, "base_mesh/resource_samples.json": {"unavailable": "FileNotFoundError"}}, "cgroup_path": "/system.slice/hosted-compute-agent.service", "cgroup_memory": {"memory.current": {"size_bytes": 0, "tail": "15628697600\n", "truncated": false}, "memory.peak": {"size_bytes": 0, "tail": "15733555200\n", "truncated": false}, "memory.max": {"size_bytes": 0, "tail": "max\n", "truncated": false}, "memory.events": {"size_bytes": 0, "tail": "low 0\nhigh 0\nmax 0\noom 0\noom_kill 0\noom_group_kill 0\n", "truncated": false}}, "process_columns": "pid ppid rss_KiB vsz_KiB cpu_percent command_name", "largest_processes": [" 679867  679825 6969860 7300368 99.9 palace-x86_64.b", " 679870  679825 6677912 7011104 99.9 palace-x86_64.b", " 679567  679564 164444 1295176 2.1 textlayout", "   2046    2044 133940 1431512 0.3 provjobd1305015", "   2112    2090 108640 274614764 0.4 Runner.Worker", "   2090    2032 80212 274345468 0.0 Runner.Listener", "   1154       1 70516 2127092 0.0 dockerd", "    987       1 50148 295280  0.0 php-fpm8.3", " 679564  679562 49100 219116  0.0 uv", "   1063       1 44260 1960992 0.0 containerd", "    225       1 43716 305388  0.0 multipathd", "   1712    1021 36604 454656  0.0 python3"]}
palace	UNKNOWN STEP	2026-09-29T18:52:08.6312777Z {"schema": "textlayout.palace-ci-observation.v1", "timestamp": "2026-09-29T18:52:08.608268+00:00", "scope": "host/process diagnostics; not numerical validation", "meminfo": {"unavailable": "OSError"}, "files": {"toolchain.json": {"size_bytes": 3922, "tail": "{\n  \"capability\": {\n    \"available\": true,\n    \"container_digest\": null,\n    \"container_engine\": null,\n    \"container_image\": null,\n    \"executable\": \"/home/runner/.cache/textlayout-palace/spack-opt/linux-x86_64_v3/palace-0.17.0-fc5grs6ugcjdbzpdpqbqsnmf6ejlq4hx/bin/palace\",\n    \"executable_sha256\": \"ad43ec030f51435f32150a5c72cb324ca03083d2ffc2f91405bbf41c6bc2240f\",\n    \"execution_kind\": \"executable\",\n    \"identified\": true,\n    \"mpi_launcher\": \"/usr/bin/mpirun\",\n    \"status\": \"AVAILABLE\",\n    \"unavailable_reason\": null,\n    \"version\": \"0.17.0\"\n  },\n  \"generated_at\": \"2026-09-29T18:43:39+00:00\",\n  \"git_commit\": \"59e8c654c1cfcc84788b488daf0482682bcda2ba\",\n  \"gmsh\": {\n    \"available\": true,\n    \"expected_version\": \"4.15.2\",\n    \"module\": \"/home/runner/work/Text-to-Layout/Text-to-Layout/.venv/lib/python3.12/site-packages/gmsh.py\",\n    \"module_sha256\": \"f4b0935cebde899750293d87a643090e5ea33c9b18d249267f507db68a0e01c3\",\n    \"version\": \"4.15.2\"\n  },\n  \"install_record\": {\n    \"build_stage\": \"/home/runner/.cache/textlayout-palace/build-stage\",\n    \"compiler_and_mpi_tail\": [\n      \"[+] /home/runner/.cache/textlayout-palace/spack-opt/linux-x86_64_v3/palace-0.17.0-fc5grs6ugcjdbzpdpqbqsnmf6ejlq4hx\",\n      \"==> Installing palace-0.17.0-fc5grs6ugcjdbzpdpqbqsnmf6ejlq4hx [63/63]\",\n      \"==> Updating view at /home/runner/.cache/textlayout-palace/environment/.spack-env/view\",\n      \"gcc (Ubuntu 13.3.0-6ubuntu2~24.04.1) 13.3.0\",\n      \"g++ (Ubuntu 13.3.0-6ubuntu2~24.04.1) 13.3.0\",\n      \"GNU Fortran (Ubuntu 13.3.0-6ubuntu2~24.04.1) 13.3.0\",\n      \"mpirun (Open MPI) 4.1.6\",\n      \"\"\n    ],\n    \"compiler_versions\": {\n      \"gcc\": \"gcc (Ubuntu 13.3.0-6ubuntu2~24.04.1) 13.3.0\",\n      \"gfortran\": \"GNU Fortran (Ubuntu 13.3.0-6ubuntu2~24.04.1) 13.3.0\",\n      \"gxx\": \"g++ (Ubuntu 13.3.0-6ubuntu2~24.04.1) 13.3.0\"\n    },\n    \"git_commit\": \"59e8c654c1cfcc84788b488daf0482682bcda2ba\",\n    \"gmsh\": {\n      \"available\": true,\n      \"expected_version\": \"4.15.2\",\n      \"module\": \"/home/runner/work/Text-to-Layout/Text-to-Layout/.venv/lib/python3.12/site-packages/gmsh.py\",\n      \"module_sha256\": \"f4b0935cebde899750293d87a643090e5ea33c9b18d249267f507db68a0e01c3\",\n      \"version\": \"4.15.2\"\n    },\n    \"gmsh_version\": \"4.15.2\",\n    \"install_tree\": \"/home/runner/.cache/textlayout-palace/spack-opt\",\n    \"installed_at\": \"2026-09-29T18:43:21.397659+00:00\",\n    \"mpi_version\": \"mpirun (Open MPI) 4.1.6\",\n    \"native_root\": \"/home/runner/.cache/textlayout-palace\",\n    \"palace_commit\": \"12d8069afb5aa9e169a17e303d735e120968e9f2\",\n    \"palace_executable\": \"/home/runner/.cache/textlayout-palace/spack-opt/linux-x86_64_v3/palace-0.17.0-fc5grs6ugcjdbzpdpqbqsnmf6ejlq4hx/bin/palace\",\n    \"palace_executable_sha256\": \"ad43ec030f51435f32150a5c72cb324ca03083d2ffc2f91405bbf41c6bc2240f\",\n    \"palace_version\": \"0.17.0\",\n    \"requested_version\": \"0.17.0\",\n    \"reused\": false,\n    \"schema\": \"textlayout.palace-install.v1\",\n    \"source_archive\": {\n      \"available\": true,\n      \"path\": \"/home/runner/work/Text-to-Layout/Text-to-Layout/.tools/external/sources/palace-12d8069afb5aa9e169a17e303d735e120968e9f2.tar.gz\",\n      \"sha256\": \"169f7fe210ea6e771a29bfe0803dd84a774b25b00d2aa3a1f33b9d97a510ff9d\",\n      \"size_bytes\": 47331791\n    },\n    \"source_archive_path\": \"/home/runner/work/Text-to-Layout/Text-to-Layout/.tools/external/sources/palace-12d8069afb5aa9e169a17e303d735e120968e9f2.tar.gz\",\n    \"source_archive_sha256\": \"169f7fe210ea6e771a29bfe0803dd84a774b25b00d2aa3a1f33b9d97a510ff9d\",\n    \"spack_commit\": \"0c2be44e4ece21eb091ad5de4c97716b7c6d4c87\",\n    \"spack_environment\": \"external_tools/palace/spack.yaml\",\n    \"spack_packages_commit\": \"a2928a3376d286ddbf07da62847d5ba5b0fa3c67\",\n    \"spack_runtime_cache\": \"/home/runner/.cache/textlayout-palace\",\n    \"spack_version\": \"1.1.0\",\n    \"status\": \"INSTALLED\",\n    \"strategy\": \"pinned_spack_wsl\"\n  },\n  \"required_palace_version\": \"0.17.0\",\n  \"schema\": \"textlayout.palace-toolchain.v1\"\n}\n", "truncated": false}, "resource_decision.json": {"size_bytes": 288, "tail": "{\n  \"accepted_processes\": 2,\n  \"available_mb\": 14806,\n  \"memory_tier\": \"unknown\",\n  \"preflight_peak_mb\": null,\n  \"rationale\": \"no peak-memory estimate available; honouring the requested count\",\n  \"requested_processes\": 2,\n  \"timestamp\": \"2026-09-29T18:43:39+00:00\",\n  \"total_mb\": 15989\n}\n", "truncated": false}, "run_manifest.json": {"unavailable": "FileNotFoundError"}, "base_mesh/mesh_metrics.json": {"size_bytes": 401, "tail": "{\n  \"element_count\": 206137,\n  \"extents\": {\n    \"lateral_margin_um\": 100.0,\n    \"lid_height_um\": 450.0,\n    \"substrate_thickness_um\": 300.0,\n    \"vacuum_height_um\": 300.0\n  },\n  \"mean_quality\": 0.7263143756565194,\n  \"mesh_scale\": 4.0,\n  \"mesh_sha256\": \"d2c7eee442ccec0b5acf7a37a98b61dd305b53bafb68f0d43dab3ba0dc2b069e\",\n  \"minimum_quality\": 0.15838171066132758,\n  \"runtime_seconds\": 7.7689208339998\n}\n", "truncated": false}, "base_mesh/palace_amr.json": {"size_bytes": 2038, "tail": "{\n  \"Boundaries\": {\n    \"PEC\": {\n      \"Attributes\": [\n        10,\n        11,\n        12,\n        30,\n        31\n      ]\n    }\n  },\n  \"Domains\": {\n    \"Materials\": [\n      {\n        \"Attributes\": [\n          1\n        ],\n        \"LossTan\": 1e-06,\n        \"Permeability\": 1.0,\n        \"Permittivity\": 11.45\n      },\n      {\n        \"Attributes\": [\n          2\n        ],\n        \"LossTan\": 1e-06,\n        \"Permeability\": 1.0,\n        \"Permittivity\": 11.45\n      },\n      {\n        \"Attributes\": [\n          3\n        ],\n        \"Permeability\": 1.0,\n        \"Permittivity\": 1.0\n      },\n      {\n        \"Attributes\": [\n          4\n        ],\n        \"Permeability\": 1.0,\n        \"Permittivity\": 1.0\n      },\n      {\n        \"Attributes\": [\n          5\n        ],\n        \"Permeability\": 1.0,\n        \"Permittivity\": 1.0\n      }\n    ],\n    \"Postprocessing\": {\n      \"Energy\": [\n        {\n          \"Attributes\": [\n            1\n          ],\n          \"Index\": 1\n        },\n        {\n          \"Attributes\": [\n            2\n          ],\n          \"Index\": 2\n        },\n        {\n          \"Attributes\": [\n            3\n          ],\n          \"Index\": 3\n        },\n        {\n          \"Attributes\": [\n            4\n          ],\n          \"Index\": 4\n        },\n        {\n          \"Attributes\": [\n            5\n          ],\n          \"Index\": 5\n        }\n      ]\n    }\n  },\n  \"Model\": {\n    \"L0\": 1e-06,\n    \"Mesh\": \"quarter_wave_base.msh\",\n    \"Refinement\": {\n      \"MaxIts\": 4,\n      \"Nonconformal\": false,\n      \"SaveAdaptIterations\": true,\n      \"SaveAdaptMesh\": true,\n      \"Tol\": 0.0001,\n      \"UpdateFraction\": 0.7\n    }\n  },\n  \"Problem\": {\n    \"Output\": \"postpro\",\n    \"OutputFormats\": {\n      \"GridFunction\": true,\n      \"Paraview\": true\n    },\n    \"Type\": \"Eigenmode\",\n    \"Verbose\": 2\n  },\n  \"Solver\": {\n    \"Device\": \"CPU\",\n    \"Eigenmode\": {\n      \"N\": 4,\n      \"Save\": 4,\n      \"Target\": 2.7,\n      \"Tol\": 1e-09\n    },\n    \"Linear\": {\n      \"MaxIts\": 1000,\n      \"Tol\": 1e-09,\n      \"Type\": \"Default\"\n    },\n    \"Order\": 1\n  }\n}\n", "truncated": false}, "base_mesh/palace.stdout.txt": {"size_bytes": 17973, "tail": "sidual norm 2.889664e-08\n   2 (restart 0) KSP residual norm 8.156825e-15\nGMRES solver converged in 2 iterations (avg. reduction factor: 1.251e-07)\n   Residual norms for GMRES solve\n   0 (restart 0) KSP residual norm 2.534717e-01\n   1 (restart 0) KSP residual norm 3.825368e-08\n   2 (restart 0) KSP residual norm 5.962386e-15\nGMRES solver converged in 2 iterations (avg. reduction factor: 1.534e-07)\n   Residual norms for GMRES solve\n   0 (restart 0) KSP residual norm 1.564640e-01\n   1 (restart 0) KSP residual norm 2.762412e-08\n   2 (restart 0) KSP residual norm 2.384405e-15\nGMRES solver converged in 2 iterations (avg. reduction factor: 1.234e-07)\n   Residual norms for GMRES solve\n   0 (restart 0) KSP residual norm 2.928574e-01\n   1 (restart 0) KSP residual norm 4.974394e-08\n   2 (restart 0) KSP residual norm 5.135107e-15\nGMRES solver converged in 2 iterations (avg. reduction factor: 1.324e-07)\n   Residual norms for GMRES solve\n   0 (restart 0) KSP residual norm 2.969997e-01\n   1 (restart 0) KSP residual norm 5.144795e-08\n   2 (restart 0) KSP residual norm 6.999328e-15\nGMRES solver converged in 2 iterations (avg. reduction factor: 1.535e-07)\n   Residual norms for GMRES solve\n   0 (restart 0) KSP residual norm 3.002090e-01\n   1 (restart 0) KSP residual norm 3.036601e-08\n   2 (restart 0) KSP residual norm 6.804588e-15\nGMRES solver converged in 2 iterations (avg. reduction factor: 1.506e-07)\n   Residual norms for GMRES solve\n   0 (restart 0) KSP residual norm 3.902644e-01\n   1 (restart 0) KSP residual norm 3.887151e-08\n   2 (restart 0) KSP residual norm 6.790453e-15\nGMRES solver converged in 2 iterations (avg. reduction factor: 1.319e-07)\n   Residual norms for GMRES solve\n   0 (restart 0) KSP residual norm 3.406004e-01\n   1 (restart 0) KSP residual norm 3.751601e-08\n   2 (restart 0) KSP residual norm 6.532816e-15\nGMRES solver converged in 2 iterations (avg. reduction factor: 1.385e-07)\n   Residual norms for GMRES solve\n   0 (restart 0) KSP residual norm 2.362821e-01\n   1 (restart 0) KSP residual norm 3.054276e-08\n   2 (restart 0) KSP residual norm 5.255484e-15\nGMRES solver converged in 2 iterations (avg. reduction factor: 1.491e-07)\n   Residual norms for GMRES solve\n   0 (restart 0) KSP residual norm 3.602671e-01\n   1 (restart 0) KSP residual norm 2.791419e-08\n   2 (restart 0) KSP residual norm 1.033499e-14\nGMRES solver converged in 2 iterations (avg. reduction factor: 1.694e-07)\n   Residual norms for GMRES solve\n   0 (restart 0) KSP residual norm 9.791528e-02\n   1 (restart 0) KSP residual norm 1.677002e-08\n   2 (restart 0) KSP residual norm 1.948846e-15\nGMRES solver converged in 2 iterations (avg. reduction factor: 1.411e-07)\n   Residual norms for GMRES solve\n   0 (restart 0) KSP residual norm 1.832125e-01\n   1 (restart 0) KSP residual norm 2.127494e-08\n   2 (restart 0) KSP residual norm 5.024997e-15\nGMRES solver converged in 2 iterations (avg. reduction factor: 1.656e-07)\n   Residual norms for GMRES solve\n   0 (restart 0) KSP residual norm 4.632115e-02\n   1 (restart 0) KSP residual norm 6.822281e-09\n   2 (restart 0) KSP residual norm 1.147969e-15\nGMRES solver converged in 2 iterations (avg. reduction factor: 1.574e-07)\n   Residual norms for GMRES solve\n   0 (restart 0) KSP residual norm 5.955412e-02\n   1 (restart 0) KSP residual norm 7.933897e-09\n   2 (restart 0) KSP residual norm 1.025996e-15\nGMRES solver converged in 2 iterations (avg. reduction factor: 1.313e-07)\n\n ARPACK EPS eigensolve converged (4 eigenpairs); iterations 1\n Total number of linear systems solved: 19\n Total number of linear solver iterations: 38\n Found 4 converged eigenvalues (first = 3.731e-01+3.434e-07i)\n\nComputing solution error estimates and performing postprocessing\n\n     m,        Re{f} (GHz),        Im{f} (GHz),                  Q,      Error (Bkwd.),       Error (Abs.)\n     1,      +5.617129e+00,      +2.584731e-06,      +1.086598e+06,      +5.843047e-17,      +6.148347e-12\n Wrote mode 1 to disk (Paraview)\n Wrote mode 1 to disk (grid function)\n     2,      +6.109230e+00,      +2.810907e-06,      +1.086701e+06,      +6.727587e-17,      +7.079106e-12\n", "truncated": true}, "base_mesh/palace.stderr.txt": {"size_bytes": 0, "tail": "", "truncated": false}, "base_mesh/resource_summary.json": {"unavailable": "FileNotFoundError"}, "base_mesh/resource_samples.json": {"unavailable": "FileNotFoundError"}}, "cgroup_path": "/system.slice/hosted-compute-agent.service", "cgroup_memory": {"memory.current": {"size_bytes": 0, "tail": "15667453952\n", "truncated": false}, "memory.peak": {"size_bytes": 0, "tail": "15845789696\n", "truncated": false}, "memory.max": {"size_bytes": 0, "tail": "max\n", "truncated": false}, "memory.events": {"size_bytes": 0, "tail": "low 0\nhigh 0\nmax 0\noom 0\noom_kill 0\noom_group_kill 0\n", "truncated": false}}, "process_columns": "pid ppid rss_KiB vsz_KiB cpu_percent command_name", "largest_processes": [" 679867  679825 7567968 7958112 99.9 palace-x86_64.b", " 679870  679825 7203756 7528212 99.9 palace-x86_64.b", "   2046    2044 112340 1431512 0.3 provjobd1305015", "   2112    2090 67216 274614748 0.4 Runner.Worker", "   1154       1 66292 2127092 0.0 dockerd", "   2090    2032 57352 274345452 0.0 Runner.Listener", " 679567  679564 53640 1295176 2.0 textlayout", "    987       1 47724 295280  0.0 php-fpm8.3", "    225       1 43716 305388  0.0 multipathd", "   1063       1 42504 1960992 0.0 containerd", "   1712    1021 33696 454656  0.0 python3", "   1021       1 27520  39480  0.0 python3"]}
palace	UNKNOWN STEP	2026-09-29T18:52:38.6480063Z {"schema": "textlayout.palace-ci-observation.v1", "timestamp": "2026-09-29T18:52:38.624876+00:00", "scope": "host/process diagnostics; not numerical validation", "meminfo": {"unavailable": "OSError"}, "files": {"toolchain.json": {"size_bytes": 3922, "tail": "{\n  \"capability\": {\n    \"available\": true,\n    \"container_digest\": null,\n    \"container_engine\": null,\n    \"container_image\": null,\n    \"executable\": \"/home/runner/.cache/textlayout-palace/spack-opt/linux-x86_64_v3/palace-0.17.0-fc5grs6ugcjdbzpdpqbqsnmf6ejlq4hx/bin/palace\",\n    \"executable_sha256\": \"ad43ec030f51435f32150a5c72cb324ca03083d2ffc2f91405bbf41c6bc2240f\",\n    \"execution_kind\": \"executable\",\n    \"identified\": true,\n    \"mpi_launcher\": \"/usr/bin/mpirun\",\n    \"status\": \"AVAILABLE\",\n    \"unavailable_reason\": null,\n    \"version\": \"0.17.0\"\n  },\n  \"generated_at\": \"2026-09-29T18:43:39+00:00\",\n  \"git_commit\": \"59e8c654c1cfcc84788b488daf0482682bcda2ba\",\n  \"gmsh\": {\n    \"available\": true,\n    \"expected_version\": \"4.15.2\",\n    \"module\": \"/home/runner/work/Text-to-Layout/Text-to-Layout/.venv/lib/python3.12/site-packages/gmsh.py\",\n    \"module_sha256\": \"f4b0935cebde899750293d87a643090e5ea33c9b18d249267f507db68a0e01c3\",\n    \"version\": \"4.15.2\"\n  },\n  \"install_record\": {\n    \"build_stage\": \"/home/runner/.cache/textlayout-palace/build-stage\",\n    \"compiler_and_mpi_tail\": [\n      \"[+] /home/runner/.cache/textlayout-palace/spack-opt/linux-x86_64_v3/palace-0.17.0-fc5grs6ugcjdbzpdpqbqsnmf6ejlq4hx\",\n      \"==> Installing palace-0.17.0-fc5grs6ugcjdbzpdpqbqsnmf6ejlq4hx [63/63]\",\n      \"==> Updating view at /home/runner/.cache/textlayout-palace/environment/.spack-env/view\",\n      \"gcc (Ubuntu 13.3.0-6ubuntu2~24.04.1) 13.3.0\",\n      \"g++ (Ubuntu 13.3.0-6ubuntu2~24.04.1) 13.3.0\",\n      \"GNU Fortran (Ubuntu 13.3.0-6ubuntu2~24.04.1) 13.3.0\",\n      \"mpirun (Open MPI) 4.1.6\",\n      \"\"\n    ],\n    \"compiler_versions\": {\n      \"gcc\": \"gcc (Ubuntu 13.3.0-6ubuntu2~24.04.1) 13.3.0\",\n      \"gfortran\": \"GNU Fortran (Ubuntu 13.3.0-6ubuntu2~24.04.1) 13.3.0\",\n      \"gxx\": \"g++ (Ubuntu 13.3.0-6ubuntu2~24.04.1) 13.3.0\"\n    },\n    \"git_commit\": \"59e8c654c1cfcc84788b488daf0482682bcda2ba\",\n    \"gmsh\": {\n      \"available\": true,\n      \"expected_version\": \"4.15.2\",\n      \"module\": \"/home/runner/work/Text-to-Layout/Text-to-Layout/.venv/lib/python3.12/site-packages/gmsh.py\",\n      \"module_sha256\": \"f4b0935cebde899750293d87a643090e5ea33c9b18d249267f507db68a0e01c3\",\n      \"version\": \"4.15.2\"\n    },\n    \"gmsh_version\": \"4.15.2\",\n    \"install_tree\": \"/home/runner/.cache/textlayout-palace/spack-opt\",\n    \"installed_at\": \"2026-09-29T18:43:21.397659+00:00\",\n    \"mpi_version\": \"mpirun (Open MPI) 4.1.6\",\n    \"native_root\": \"/home/runner/.cache/textlayout-palace\",\n    \"palace_commit\": \"12d8069afb5aa9e169a17e303d735e120968e9f2\",\n    \"palace_executable\": \"/home/runner/.cache/textlayout-palace/spack-opt/linux-x86_64_v3/palace-0.17.0-fc5grs6ugcjdbzpdpqbqsnmf6ejlq4hx/bin/palace\",\n    \"palace_executable_sha256\": \"ad43ec030f51435f32150a5c72cb324ca03083d2ffc2f91405bbf41c6bc2240f\",\n    \"palace_version\": \"0.17.0\",\n    \"requested_version\": \"0.17.0\",\n    \"reused\": false,\n    \"schema\": \"textlayout.palace-install.v1\",\n    \"source_archive\": {\n      \"available\": true,\n      \"path\": \"/home/runner/work/Text-to-Layout/Text-to-Layout/.tools/external/sources/palace-12d8069afb5aa9e169a17e303d735e120968e9f2.tar.gz\",\n      \"sha256\": \"169f7fe210ea6e771a29bfe0803dd84a774b25b00d2aa3a1f33b9d97a510ff9d\",\n      \"size_bytes\": 47331791\n    },\n    \"source_archive_path\": \"/home/runner/work/Text-to-Layout/Text-to-Layout/.tools/external/sources/palace-12d8069afb5aa9e169a17e303d735e120968e9f2.tar.gz\",\n    \"source_archive_sha256\": \"169f7fe210ea6e771a29bfe0803dd84a774b25b00d2aa3a1f33b9d97a510ff9d\",\n    \"spack_commit\": \"0c2be44e4ece21eb091ad5de4c97716b7c6d4c87\",\n    \"spack_environment\": \"external_tools/palace/spack.yaml\",\n    \"spack_packages_commit\": \"a2928a3376d286ddbf07da62847d5ba5b0fa3c67\",\n    \"spack_runtime_cache\": \"/home/runner/.cache/textlayout-palace\",\n    \"spack_version\": \"1.1.0\",\n    \"status\": \"INSTALLED\",\n    \"strategy\": \"pinned_spack_wsl\"\n  },\n  \"required_palace_version\": \"0.17.0\",\n  \"schema\": \"textlayout.palace-toolchain.v1\"\n}\n", "truncated": false}, "resource_decision.json": {"size_bytes": 288, "tail": "{\n  \"accepted_processes\": 2,\n  \"available_mb\": 14806,\n  \"memory_tier\": \"unknown\",\n  \"preflight_peak_mb\": null,\n  \"rationale\": \"no peak-memory estimate available; honouring the requested count\",\n  \"requested_processes\": 2,\n  \"timestamp\": \"2026-09-29T18:43:39+00:00\",\n  \"total_mb\": 15989\n}\n", "truncated": false}, "run_manifest.json": {"unavailable": "FileNotFoundError"}, "base_mesh/mesh_metrics.json": {"size_bytes": 401, "tail": "{\n  \"element_count\": 206137,\n  \"extents\": {\n    \"lateral_margin_um\": 100.0,\n    \"lid_height_um\": 450.0,\n    \"substrate_thickness_um\": 300.0,\n    \"vacuum_height_um\": 300.0\n  },\n  \"mean_quality\": 0.7263143756565194,\n  \"mesh_scale\": 4.0,\n  \"mesh_sha256\": \"d2c7eee442ccec0b5acf7a37a98b61dd305b53bafb68f0d43dab3ba0dc2b069e\",\n  \"minimum_quality\": 0.15838171066132758,\n  \"runtime_seconds\": 7.7689208339998\n}\n", "truncated": false}, "base_mesh/palace_amr.json": {"size_bytes": 2038, "tail": "{\n  \"Boundaries\": {\n    \"PEC\": {\n      \"Attributes\": [\n        10,\n        11,\n        12,\n        30,\n        31\n      ]\n    }\n  },\n  \"Domains\": {\n    \"Materials\": [\n      {\n        \"Attributes\": [\n          1\n        ],\n        \"LossTan\": 1e-06,\n        \"Permeability\": 1.0,\n        \"Permittivity\": 11.45\n      },\n      {\n        \"Attributes\": [\n          2\n        ],\n        \"LossTan\": 1e-06,\n        \"Permeability\": 1.0,\n        \"Permittivity\": 11.45\n      },\n      {\n        \"Attributes\": [\n          3\n        ],\n        \"Permeability\": 1.0,\n        \"Permittivity\": 1.0\n      },\n      {\n        \"Attributes\": [\n          4\n        ],\n        \"Permeability\": 1.0,\n        \"Permittivity\": 1.0\n      },\n      {\n        \"Attributes\": [\n          5\n        ],\n        \"Permeability\": 1.0,\n        \"Permittivity\": 1.0\n      }\n    ],\n    \"Postprocessing\": {\n      \"Energy\": [\n        {\n          \"Attributes\": [\n            1\n          ],\n          \"Index\": 1\n        },\n        {\n          \"Attributes\": [\n            2\n          ],\n          \"Index\": 2\n        },\n        {\n          \"Attributes\": [\n            3\n          ],\n          \"Index\": 3\n        },\n        {\n          \"Attributes\": [\n            4\n          ],\n          \"Index\": 4\n        },\n        {\n          \"Attributes\": [\n            5\n          ],\n          \"Index\": 5\n        }\n      ]\n    }\n  },\n  \"Model\": {\n    \"L0\": 1e-06,\n    \"Mesh\": \"quarter_wave_base.msh\",\n    \"Refinement\": {\n      \"MaxIts\": 4,\n      \"Nonconformal\": false,\n      \"SaveAdaptIterations\": true,\n      \"SaveAdaptMesh\": true,\n      \"Tol\": 0.0001,\n      \"UpdateFraction\": 0.7\n    }\n  },\n  \"Problem\": {\n    \"Output\": \"postpro\",\n    \"OutputFormats\": {\n      \"GridFunction\": true,\n      \"Paraview\": true\n    },\n    \"Type\": \"Eigenmode\",\n    \"Verbose\": 2\n  },\n  \"Solver\": {\n    \"Device\": \"CPU\",\n    \"Eigenmode\": {\n      \"N\": 4,\n      \"Save\": 4,\n      \"Target\": 2.7,\n      \"Tol\": 1e-09\n    },\n    \"Linear\": {\n      \"MaxIts\": 1000,\n      \"Tol\": 1e-09,\n      \"Type\": \"Default\"\n    },\n    \"Order\": 1\n  }\n}\n", "truncated": false}, "base_mesh/palace.stdout.txt": {"size_bytes": 18006, "tail": "start 0) KSP residual norm 8.156825e-15\nGMRES solver converged in 2 iterations (avg. reduction factor: 1.251e-07)\n   Residual norms for GMRES solve\n   0 (restart 0) KSP residual norm 2.534717e-01\n   1 (restart 0) KSP residual norm 3.825368e-08\n   2 (restart 0) KSP residual norm 5.962386e-15\nGMRES solver converged in 2 iterations (avg. reduction factor: 1.534e-07)\n   Residual norms for GMRES solve\n   0 (restart 0) KSP residual norm 1.564640e-01\n   1 (restart 0) KSP residual norm 2.762412e-08\n   2 (restart 0) KSP residual norm 2.384405e-15\nGMRES solver converged in 2 iterations (avg. reduction factor: 1.234e-07)\n   Residual norms for GMRES solve\n   0 (restart 0) KSP residual norm 2.928574e-01\n   1 (restart 0) KSP residual norm 4.974394e-08\n   2 (restart 0) KSP residual norm 5.135107e-15\nGMRES solver converged in 2 iterations (avg. reduction factor: 1.324e-07)\n   Residual norms for GMRES solve\n   0 (restart 0) KSP residual norm 2.969997e-01\n   1 (restart 0) KSP residual norm 5.144795e-08\n   2 (restart 0) KSP residual norm 6.999328e-15\nGMRES solver converged in 2 iterations (avg. reduction factor: 1.535e-07)\n   Residual norms for GMRES solve\n   0 (restart 0) KSP residual norm 3.002090e-01\n   1 (restart 0) KSP residual norm 3.036601e-08\n   2 (restart 0) KSP residual norm 6.804588e-15\nGMRES solver converged in 2 iterations (avg. reduction factor: 1.506e-07)\n   Residual norms for GMRES solve\n   0 (restart 0) KSP residual norm 3.902644e-01\n   1 (restart 0) KSP residual norm 3.887151e-08\n   2 (restart 0) KSP residual norm 6.790453e-15\nGMRES solver converged in 2 iterations (avg. reduction factor: 1.319e-07)\n   Residual norms for GMRES solve\n   0 (restart 0) KSP residual norm 3.406004e-01\n   1 (restart 0) KSP residual norm 3.751601e-08\n   2 (restart 0) KSP residual norm 6.532816e-15\nGMRES solver converged in 2 iterations (avg. reduction factor: 1.385e-07)\n   Residual norms for GMRES solve\n   0 (restart 0) KSP residual norm 2.362821e-01\n   1 (restart 0) KSP residual norm 3.054276e-08\n   2 (restart 0) KSP residual norm 5.255484e-15\nGMRES solver converged in 2 iterations (avg. reduction factor: 1.491e-07)\n   Residual norms for GMRES solve\n   0 (restart 0) KSP residual norm 3.602671e-01\n   1 (restart 0) KSP residual norm 2.791419e-08\n   2 (restart 0) KSP residual norm 1.033499e-14\nGMRES solver converged in 2 iterations (avg. reduction factor: 1.694e-07)\n   Residual norms for GMRES solve\n   0 (restart 0) KSP residual norm 9.791528e-02\n   1 (restart 0) KSP residual norm 1.677002e-08\n   2 (restart 0) KSP residual norm 1.948846e-15\nGMRES solver converged in 2 iterations (avg. reduction factor: 1.411e-07)\n   Residual norms for GMRES solve\n   0 (restart 0) KSP residual norm 1.832125e-01\n   1 (restart 0) KSP residual norm 2.127494e-08\n   2 (restart 0) KSP residual norm 5.024997e-15\nGMRES solver converged in 2 iterations (avg. reduction factor: 1.656e-07)\n   Residual norms for GMRES solve\n   0 (restart 0) KSP residual norm 4.632115e-02\n   1 (restart 0) KSP residual norm 6.822281e-09\n   2 (restart 0) KSP residual norm 1.147969e-15\nGMRES solver converged in 2 iterations (avg. reduction factor: 1.574e-07)\n   Residual norms for GMRES solve\n   0 (restart 0) KSP residual norm 5.955412e-02\n   1 (restart 0) KSP residual norm 7.933897e-09\n   2 (restart 0) KSP residual norm 1.025996e-15\nGMRES solver converged in 2 iterations (avg. reduction factor: 1.313e-07)\n\n ARPACK EPS eigensolve converged (4 eigenpairs); iterations 1\n Total number of linear systems solved: 19\n Total number of linear solver iterations: 38\n Found 4 converged eigenvalues (first = 3.731e-01+3.434e-07i)\n\nComputing solution error estimates and performing postprocessing\n\n     m,        Re{f} (GHz),        Im{f} (GHz),                  Q,      Error (Bkwd.),       Error (Abs.)\n     1,      +5.617129e+00,      +2.584731e-06,      +1.086598e+06,      +5.843047e-17,      +6.148347e-12\n Wrote mode 1 to disk (Paraview)\n Wrote mode 1 to disk (grid function)\n     2,      +6.109230e+00,      +2.810907e-06,      +1.086701e+06,      +6.727587e-17,      +7.079106e-12\n Wrote mode 2 to disk (Paraview)\n", "truncated": true}, "base_mesh/palace.stderr.txt": {"size_bytes": 0, "tail": "", "truncated": false}, "base_mesh/resource_summary.json": {"unavailable": "FileNotFoundError"}, "base_mesh/resource_samples.json": {"unavailable": "FileNotFoundError"}}, "cgroup_path": "/system.slice/hosted-compute-agent.service", "cgroup_memory": {"memory.current": {"size_bytes": 0, "tail": "15700058112\n", "truncated": false}, "memory.peak": {"size_bytes": 0, "tail": "15845789696\n", "truncated": false}, "memory.max": {"size_bytes": 0, "tail": "max\n", "truncated": false}, "memory.events": {"size_bytes": 0, "tail": "low 0\nhigh 0\nmax 0\noom 0\noom_kill 0\noom_group_kill 0\n", "truncated": false}}, "process_columns": "pid ppid rss_KiB vsz_KiB cpu_percent command_name", "largest_processes": [" 679867  679825 7568080 7958112 99.9 palace-x86_64.b", " 679870  679825 7203860 7528212 99.9 palace-x86_64.b", "   2046    2044 112460 1431512 0.3 provjobd1305015", "   2112    2090 67220 274614764 0.4 Runner.Worker", "   1154       1 64884 2127092 0.0 dockerd", "   2090    2032 57400 274345452 0.0 Runner.Listener", " 679567  679564 53644 1295176 1.9 textlayout", "    987       1 47660 295280  0.0 php-fpm8.3", "    225       1 43716 305388  0.0 multipathd", "   1063       1 42504 1960992 0.0 containerd", "   1712    1021 33696 454656  0.0 python3", "   1021       1 27520  39480  0.0 python3"]}
palace	UNKNOWN STEP	2026-09-29T18:53:08.6781762Z {"schema": "textlayout.palace-ci-observation.v1", "timestamp": "2026-09-29T18:53:08.641638+00:00", "scope": "host/process diagnostics; not numerical validation", "meminfo": {"unavailable": "OSError"}, "files": {"toolchain.json": {"size_bytes": 3922, "tail": "{\n  \"capability\": {\n    \"available\": true,\n    \"container_digest\": null,\n    \"container_engine\": null,\n    \"container_image\": null,\n    \"executable\": \"/home/runner/.cache/textlayout-palace/spack-opt/linux-x86_64_v3/palace-0.17.0-fc5grs6ugcjdbzpdpqbqsnmf6ejlq4hx/bin/palace\",\n    \"executable_sha256\": \"ad43ec030f51435f32150a5c72cb324ca03083d2ffc2f91405bbf41c6bc2240f\",\n    \"execution_kind\": \"executable\",\n    \"identified\": true,\n    \"mpi_launcher\": \"/usr/bin/mpirun\",\n    \"status\": \"AVAILABLE\",\n    \"unavailable_reason\": null,\n    \"version\": \"0.17.0\"\n  },\n  \"generated_at\": \"2026-09-29T18:43:39+00:00\",\n  \"git_commit\": \"59e8c654c1cfcc84788b488daf0482682bcda2ba\",\n  \"gmsh\": {\n    \"available\": true,\n    \"expected_version\": \"4.15.2\",\n    \"module\": \"/home/runner/work/Text-to-Layout/Text-to-Layout/.venv/lib/python3.12/site-packages/gmsh.py\",\n    \"module_sha256\": \"f4b0935cebde899750293d87a643090e5ea33c9b18d249267f507db68a0e01c3\",\n    \"version\": \"4.15.2\"\n  },\n  \"install_record\": {\n    \"build_stage\": \"/home/runner/.cache/textlayout-palace/build-stage\",\n    \"compiler_and_mpi_tail\": [\n      \"[+] /home/runner/.cache/textlayout-palace/spack-opt/linux-x86_64_v3/palace-0.17.0-fc5grs6ugcjdbzpdpqbqsnmf6ejlq4hx\",\n      \"==> Installing palace-0.17.0-fc5grs6ugcjdbzpdpqbqsnmf6ejlq4hx [63/63]\",\n      \"==> Updating view at /home/runner/.cache/textlayout-palace/environment/.spack-env/view\",\n      \"gcc (Ubuntu 13.3.0-6ubuntu2~24.04.1) 13.3.0\",\n      \"g++ (Ubuntu 13.3.0-6ubuntu2~24.04.1) 13.3.0\",\n      \"GNU Fortran (Ubuntu 13.3.0-6ubuntu2~24.04.1) 13.3.0\",\n      \"mpirun (Open MPI) 4.1.6\",\n      \"\"\n    ],\n    \"compiler_versions\": {\n      \"gcc\": \"gcc (Ubuntu 13.3.0-6ubuntu2~24.04.1) 13.3.0\",\n      \"gfortran\": \"GNU Fortran (Ubuntu 13.3.0-6ubuntu2~24.04.1) 13.3.0\",\n      \"gxx\": \"g++ (Ubuntu 13.3.0-6ubuntu2~24.04.1) 13.3.0\"\n    },\n    \"git_commit\": \"59e8c654c1cfcc84788b488daf0482682bcda2ba\",\n    \"gmsh\": {\n      \"available\": true,\n      \"expected_version\": \"4.15.2\",\n      \"module\": \"/home/runner/work/Text-to-Layout/Text-to-Layout/.venv/lib/python3.12/site-packages/gmsh.py\",\n      \"module_sha256\": \"f4b0935cebde899750293d87a643090e5ea33c9b18d249267f507db68a0e01c3\",\n      \"version\": \"4.15.2\"\n    },\n    \"gmsh_version\": \"4.15.2\",\n    \"install_tree\": \"/home/runner/.cache/textlayout-palace/spack-opt\",\n    \"installed_at\": \"2026-09-29T18:43:21.397659+00:00\",\n    \"mpi_version\": \"mpirun (Open MPI) 4.1.6\",\n    \"native_root\": \"/home/runner/.cache/textlayout-palace\",\n    \"palace_commit\": \"12d8069afb5aa9e169a17e303d735e120968e9f2\",\n    \"palace_executable\": \"/home/runner/.cache/textlayout-palace/spack-opt/linux-x86_64_v3/palace-0.17.0-fc5grs6ugcjdbzpdpqbqsnmf6ejlq4hx/bin/palace\",\n    \"palace_executable_sha256\": \"ad43ec030f51435f32150a5c72cb324ca03083d2ffc2f91405bbf41c6bc2240f\",\n    \"palace_version\": \"0.17.0\",\n    \"requested_version\": \"0.17.0\",\n    \"reused\": false,\n    \"schema\": \"textlayout.palace-install.v1\",\n    \"source_archive\": {\n      \"available\": true,\n      \"path\": \"/home/runner/work/Text-to-Layout/Text-to-Layout/.tools/external/sources/palace-12d8069afb5aa9e169a17e303d735e120968e9f2.tar.gz\",\n      \"sha256\": \"169f7fe210ea6e771a29bfe0803dd84a774b25b00d2aa3a1f33b9d97a510ff9d\",\n      \"size_bytes\": 47331791\n    },\n    \"source_archive_path\": \"/home/runner/work/Text-to-Layout/Text-to-Layout/.tools/external/sources/palace-12d8069afb5aa9e169a17e303d735e120968e9f2.tar.gz\",\n    \"source_archive_sha256\": \"169f7fe210ea6e771a29bfe0803dd84a774b25b00d2aa3a1f33b9d97a510ff9d\",\n    \"spack_commit\": \"0c2be44e4ece21eb091ad5de4c97716b7c6d4c87\",\n    \"spack_environment\": \"external_tools/palace/spack.yaml\",\n    \"spack_packages_commit\": \"a2928a3376d286ddbf07da62847d5ba5b0fa3c67\",\n    \"spack_runtime_cache\": \"/home/runner/.cache/textlayout-palace\",\n    \"spack_version\": \"1.1.0\",\n    \"status\": \"INSTALLED\",\n    \"strategy\": \"pinned_spack_wsl\"\n  },\n  \"required_palace_version\": \"0.17.0\",\n  \"schema\": \"textlayout.palace-toolchain.v1\"\n}\n", "truncated": false}, "resource_decision.json": {"size_bytes": 288, "tail": "{\n  \"accepted_processes\": 2,\n  \"available_mb\": 14806,\n  \"memory_tier\": \"unknown\",\n  \"preflight_peak_mb\": null,\n  \"rationale\": \"no peak-memory estimate available; honouring the requested count\",\n  \"requested_processes\": 2,\n  \"timestamp\": \"2026-09-29T18:43:39+00:00\",\n  \"total_mb\": 15989\n}\n", "truncated": false}, "run_manifest.json": {"unavailable": "FileNotFoundError"}, "base_mesh/mesh_metrics.json": {"size_bytes": 401, "tail": "{\n  \"element_count\": 206137,\n  \"extents\": {\n    \"lateral_margin_um\": 100.0,\n    \"lid_height_um\": 450.0,\n    \"substrate_thickness_um\": 300.0,\n    \"vacuum_height_um\": 300.0\n  },\n  \"mean_quality\": 0.7263143756565194,\n  \"mesh_scale\": 4.0,\n  \"mesh_sha256\": \"d2c7eee442ccec0b5acf7a37a98b61dd305b53bafb68f0d43dab3ba0dc2b069e\",\n  \"minimum_quality\": 0.15838171066132758,\n  \"runtime_seconds\": 7.7689208339998\n}\n", "truncated": false}, "base_mesh/palace_amr.json": {"size_bytes": 2038, "tail": "{\n  \"Boundaries\": {\n    \"PEC\": {\n      \"Attributes\": [\n        10,\n        11,\n        12,\n        30,\n        31\n      ]\n    }\n  },\n  \"Domains\": {\n    \"Materials\": [\n      {\n        \"Attributes\": [\n          1\n        ],\n        \"LossTan\": 1e-06,\n        \"Permeability\": 1.0,\n        \"Permittivity\": 11.45\n      },\n      {\n        \"Attributes\": [\n          2\n        ],\n        \"LossTan\": 1e-06,\n        \"Permeability\": 1.0,\n        \"Permittivity\": 11.45\n      },\n      {\n        \"Attributes\": [\n          3\n        ],\n        \"Permeability\": 1.0,\n        \"Permittivity\": 1.0\n      },\n      {\n        \"Attributes\": [\n          4\n        ],\n        \"Permeability\": 1.0,\n        \"Permittivity\": 1.0\n      },\n      {\n        \"Attributes\": [\n          5\n        ],\n        \"Permeability\": 1.0,\n        \"Permittivity\": 1.0\n      }\n    ],\n    \"Postprocessing\": {\n      \"Energy\": [\n        {\n          \"Attributes\": [\n            1\n          ],\n          \"Index\": 1\n        },\n        {\n          \"Attributes\": [\n            2\n          ],\n          \"Index\": 2\n        },\n        {\n          \"Attributes\": [\n            3\n          ],\n          \"Index\": 3\n        },\n        {\n          \"Attributes\": [\n            4\n          ],\n          \"Index\": 4\n        },\n        {\n          \"Attributes\": [\n            5\n          ],\n          \"Index\": 5\n        }\n      ]\n    }\n  },\n  \"Model\": {\n    \"L0\": 1e-06,\n    \"Mesh\": \"quarter_wave_base.msh\",\n    \"Refinement\": {\n      \"MaxIts\": 4,\n      \"Nonconformal\": false,\n      \"SaveAdaptIterations\": true,\n      \"SaveAdaptMesh\": true,\n      \"Tol\": 0.0001,\n      \"UpdateFraction\": 0.7\n    }\n  },\n  \"Problem\": {\n    \"Output\": \"postpro\",\n    \"OutputFormats\": {\n      \"GridFunction\": true,\n      \"Paraview\": true\n    },\n    \"Type\": \"Eigenmode\",\n    \"Verbose\": 2\n  },\n  \"Solver\": {\n    \"Device\": \"CPU\",\n    \"Eigenmode\": {\n      \"N\": 4,\n      \"Save\": 4,\n      \"Target\": 2.7,\n      \"Tol\": 1e-09\n    },\n    \"Linear\": {\n      \"MaxIts\": 1000,\n      \"Tol\": 1e-09,\n      \"Type\": \"Default\"\n    },\n    \"Order\": 1\n  }\n}\n", "truncated": false}, "base_mesh/palace.stdout.txt": {"size_bytes": 18151, "tail": "ve\n   0 (restart 0) KSP residual norm 2.534717e-01\n   1 (restart 0) KSP residual norm 3.825368e-08\n   2 (restart 0) KSP residual norm 5.962386e-15\nGMRES solver converged in 2 iterations (avg. reduction factor: 1.534e-07)\n   Residual norms for GMRES solve\n   0 (restart 0) KSP residual norm 1.564640e-01\n   1 (restart 0) KSP residual norm 2.762412e-08\n   2 (restart 0) KSP residual norm 2.384405e-15\nGMRES solver converged in 2 iterations (avg. reduction factor: 1.234e-07)\n   Residual norms for GMRES solve\n   0 (restart 0) KSP residual norm 2.928574e-01\n   1 (restart 0) KSP residual norm 4.974394e-08\n   2 (restart 0) KSP residual norm 5.135107e-15\nGMRES solver converged in 2 iterations (avg. reduction factor: 1.324e-07)\n   Residual norms for GMRES solve\n   0 (restart 0) KSP residual norm 2.969997e-01\n   1 (restart 0) KSP residual norm 5.144795e-08\n   2 (restart 0) KSP residual norm 6.999328e-15\nGMRES solver converged in 2 iterations (avg. reduction factor: 1.535e-07)\n   Residual norms for GMRES solve\n   0 (restart 0) KSP residual norm 3.002090e-01\n   1 (restart 0) KSP residual norm 3.036601e-08\n   2 (restart 0) KSP residual norm 6.804588e-15\nGMRES solver converged in 2 iterations (avg. reduction factor: 1.506e-07)\n   Residual norms for GMRES solve\n   0 (restart 0) KSP residual norm 3.902644e-01\n   1 (restart 0) KSP residual norm 3.887151e-08\n   2 (restart 0) KSP residual norm 6.790453e-15\nGMRES solver converged in 2 iterations (avg. reduction factor: 1.319e-07)\n   Residual norms for GMRES solve\n   0 (restart 0) KSP residual norm 3.406004e-01\n   1 (restart 0) KSP residual norm 3.751601e-08\n   2 (restart 0) KSP residual norm 6.532816e-15\nGMRES solver converged in 2 iterations (avg. reduction factor: 1.385e-07)\n   Residual norms for GMRES solve\n   0 (restart 0) KSP residual norm 2.362821e-01\n   1 (restart 0) KSP residual norm 3.054276e-08\n   2 (restart 0) KSP residual norm 5.255484e-15\nGMRES solver converged in 2 iterations (avg. reduction factor: 1.491e-07)\n   Residual norms for GMRES solve\n   0 (restart 0) KSP residual norm 3.602671e-01\n   1 (restart 0) KSP residual norm 2.791419e-08\n   2 (restart 0) KSP residual norm 1.033499e-14\nGMRES solver converged in 2 iterations (avg. reduction factor: 1.694e-07)\n   Residual norms for GMRES solve\n   0 (restart 0) KSP residual norm 9.791528e-02\n   1 (restart 0) KSP residual norm 1.677002e-08\n   2 (restart 0) KSP residual norm 1.948846e-15\nGMRES solver converged in 2 iterations (avg. reduction factor: 1.411e-07)\n   Residual norms for GMRES solve\n   0 (restart 0) KSP residual norm 1.832125e-01\n   1 (restart 0) KSP residual norm 2.127494e-08\n   2 (restart 0) KSP residual norm 5.024997e-15\nGMRES solver converged in 2 iterations (avg. reduction factor: 1.656e-07)\n   Residual norms for GMRES solve\n   0 (restart 0) KSP residual norm 4.632115e-02\n   1 (restart 0) KSP residual norm 6.822281e-09\n   2 (restart 0) KSP residual norm 1.147969e-15\nGMRES solver converged in 2 iterations (avg. reduction factor: 1.574e-07)\n   Residual norms for GMRES solve\n   0 (restart 0) KSP residual norm 5.955412e-02\n   1 (restart 0) KSP residual norm 7.933897e-09\n   2 (restart 0) KSP residual norm 1.025996e-15\nGMRES solver converged in 2 iterations (avg. reduction factor: 1.313e-07)\n\n ARPACK EPS eigensolve converged (4 eigenpairs); iterations 1\n Total number of linear systems solved: 19\n Total number of linear solver iterations: 38\n Found 4 converged eigenvalues (first = 3.731e-01+3.434e-07i)\n\nComputing solution error estimates and performing postprocessing\n\n     m,        Re{f} (GHz),        Im{f} (GHz),                  Q,      Error (Bkwd.),       Error (Abs.)\n     1,      +5.617129e+00,      +2.584731e-06,      +1.086598e+06,      +5.843047e-17,      +6.148347e-12\n Wrote mode 1 to disk (Paraview)\n Wrote mode 1 to disk (grid function)\n     2,      +6.109230e+00,      +2.810907e-06,      +1.086701e+06,      +6.727587e-17,      +7.079106e-12\n Wrote mode 2 to disk (Paraview)\n Wrote mode 2 to disk (grid function)\n     3,      +1.140031e+01,      +5.240650e-06,      +1.087681e+06,      +1.882828e-16,      +1.981212e-11\n", "truncated": true}, "base_mesh/palace.stderr.txt": {"size_bytes": 0, "tail": "", "truncated": false}, "base_mesh/resource_summary.json": {"unavailable": "FileNotFoundError"}, "base_mesh/resource_samples.json": {"unavailable": "FileNotFoundError"}}, "cgroup_path": "/system.slice/hosted-compute-agent.service", "cgroup_memory": {"memory.current": {"size_bytes": 0, "tail": "15807397888\n", "truncated": false}, "memory.peak": {"size_bytes": 0, "tail": "15845789696\n", "truncated": false}, "memory.max": {"size_bytes": 0, "tail": "max\n", "truncated": false}, "memory.events": {"size_bytes": 0, "tail": "low 0\nhigh 0\nmax 0\noom 0\noom_kill 0\noom_group_kill 0\n", "truncated": false}}, "process_columns": "pid ppid rss_KiB vsz_KiB cpu_percent command_name", "largest_processes": [" 679867  679825 7568128 7958112 99.9 palace-x86_64.b", " 679870  679825 7203900 7528212 99.9 palace-x86_64.b", "   2046    2044 112480 1431512 0.3 provjobd1305015", "   2112    2090 67284 274614748 0.4 Runner.Worker", "   1154       1 64840 2127092 0.0 dockerd", "   2090    2032 57616 274345452 0.0 Runner.Listener", " 679567  679564 53652 1295176 1.8 textlayout", "    987       1 47660 295280  0.0 php-fpm8.3", "    225       1 43716 305388  0.0 multipathd", "   1063       1 42480 1960992 0.0 containerd", "   1712    1021 33696 454656  0.0 python3", "   1021       1 27520  39480  0.0 python3"]}
palace	UNKNOWN STEP	2026-09-29T18:53:38.6811590Z {"schema": "textlayout.palace-ci-observation.v1", "timestamp": "2026-09-29T18:53:38.657529+00:00", "scope": "host/process diagnostics; not numerical validation", "meminfo": {"unavailable": "OSError"}, "files": {"toolchain.json": {"size_bytes": 3922, "tail": "{\n  \"capability\": {\n    \"available\": true,\n    \"container_digest\": null,\n    \"container_engine\": null,\n    \"container_image\": null,\n    \"executable\": \"/home/runner/.cache/textlayout-palace/spack-opt/linux-x86_64_v3/palace-0.17.0-fc5grs6ugcjdbzpdpqbqsnmf6ejlq4hx/bin/palace\",\n    \"executable_sha256\": \"ad43ec030f51435f32150a5c72cb324ca03083d2ffc2f91405bbf41c6bc2240f\",\n    \"execution_kind\": \"executable\",\n    \"identified\": true,\n    \"mpi_launcher\": \"/usr/bin/mpirun\",\n    \"status\": \"AVAILABLE\",\n    \"unavailable_reason\": null,\n    \"version\": \"0.17.0\"\n  },\n  \"generated_at\": \"2026-09-29T18:43:39+00:00\",\n  \"git_commit\": \"59e8c654c1cfcc84788b488daf0482682bcda2ba\",\n  \"gmsh\": {\n    \"available\": true,\n    \"expected_version\": \"4.15.2\",\n    \"module\": \"/home/runner/work/Text-to-Layout/Text-to-Layout/.venv/lib/python3.12/site-packages/gmsh.py\",\n    \"module_sha256\": \"f4b0935cebde899750293d87a643090e5ea33c9b18d249267f507db68a0e01c3\",\n    \"version\": \"4.15.2\"\n  },\n  \"install_record\": {\n    \"build_stage\": \"/home/runner/.cache/textlayout-palace/build-stage\",\n    \"compiler_and_mpi_tail\": [\n      \"[+] /home/runner/.cache/textlayout-palace/spack-opt/linux-x86_64_v3/palace-0.17.0-fc5grs6ugcjdbzpdpqbqsnmf6ejlq4hx\",\n      \"==> Installing palace-0.17.0-fc5grs6ugcjdbzpdpqbqsnmf6ejlq4hx [63/63]\",\n      \"==> Updating view at /home/runner/.cache/textlayout-palace/environment/.spack-env/view\",\n      \"gcc (Ubuntu 13.3.0-6ubuntu2~24.04.1) 13.3.0\",\n      \"g++ (Ubuntu 13.3.0-6ubuntu2~24.04.1) 13.3.0\",\n      \"GNU Fortran (Ubuntu 13.3.0-6ubuntu2~24.04.1) 13.3.0\",\n      \"mpirun (Open MPI) 4.1.6\",\n      \"\"\n    ],\n    \"compiler_versions\": {\n      \"gcc\": \"gcc (Ubuntu 13.3.0-6ubuntu2~24.04.1) 13.3.0\",\n      \"gfortran\": \"GNU Fortran (Ubuntu 13.3.0-6ubuntu2~24.04.1) 13.3.0\",\n      \"gxx\": \"g++ (Ubuntu 13.3.0-6ubuntu2~24.04.1) 13.3.0\"\n    },\n    \"git_commit\": \"59e8c654c1cfcc84788b488daf0482682bcda2ba\",\n    \"gmsh\": {\n      \"available\": true,\n      \"expected_version\": \"4.15.2\",\n      \"module\": \"/home/runner/work/Text-to-Layout/Text-to-Layout/.venv/lib/python3.12/site-packages/gmsh.py\",\n      \"module_sha256\": \"f4b0935cebde899750293d87a643090e5ea33c9b18d249267f507db68a0e01c3\",\n      \"version\": \"4.15.2\"\n    },\n    \"gmsh_version\": \"4.15.2\",\n    \"install_tree\": \"/home/runner/.cache/textlayout-palace/spack-opt\",\n    \"installed_at\": \"2026-09-29T18:43:21.397659+00:00\",\n    \"mpi_version\": \"mpirun (Open MPI) 4.1.6\",\n    \"native_root\": \"/home/runner/.cache/textlayout-palace\",\n    \"palace_commit\": \"12d8069afb5aa9e169a17e303d735e120968e9f2\",\n    \"palace_executable\": \"/home/runner/.cache/textlayout-palace/spack-opt/linux-x86_64_v3/palace-0.17.0-fc5grs6ugcjdbzpdpqbqsnmf6ejlq4hx/bin/palace\",\n    \"palace_executable_sha256\": \"ad43ec030f51435f32150a5c72cb324ca03083d2ffc2f91405bbf41c6bc2240f\",\n    \"palace_version\": \"0.17.0\",\n    \"requested_version\": \"0.17.0\",\n    \"reused\": false,\n    \"schema\": \"textlayout.palace-install.v1\",\n    \"source_archive\": {\n      \"available\": true,\n      \"path\": \"/home/runner/work/Text-to-Layout/Text-to-Layout/.tools/external/sources/palace-12d8069afb5aa9e169a17e303d735e120968e9f2.tar.gz\",\n      \"sha256\": \"169f7fe210ea6e771a29bfe0803dd84a774b25b00d2aa3a1f33b9d97a510ff9d\",\n      \"size_bytes\": 47331791\n    },\n    \"source_archive_path\": \"/home/runner/work/Text-to-Layout/Text-to-Layout/.tools/external/sources/palace-12d8069afb5aa9e169a17e303d735e120968e9f2.tar.gz\",\n    \"source_archive_sha256\": \"169f7fe210ea6e771a29bfe0803dd84a774b25b00d2aa3a1f33b9d97a510ff9d\",\n    \"spack_commit\": \"0c2be44e4ece21eb091ad5de4c97716b7c6d4c87\",\n    \"spack_environment\": \"external_tools/palace/spack.yaml\",\n    \"spack_packages_commit\": \"a2928a3376d286ddbf07da62847d5ba5b0fa3c67\",\n    \"spack_runtime_cache\": \"/home/runner/.cache/textlayout-palace\",\n    \"spack_version\": \"1.1.0\",\n    \"status\": \"INSTALLED\",\n    \"strategy\": \"pinned_spack_wsl\"\n  },\n  \"required_palace_version\": \"0.17.0\",\n  \"schema\": \"textlayout.palace-toolchain.v1\"\n}\n", "truncated": false}, "resource_decision.json": {"size_bytes": 288, "tail": "{\n  \"accepted_processes\": 2,\n  \"available_mb\": 14806,\n  \"memory_tier\": \"unknown\",\n  \"preflight_peak_mb\": null,\n  \"rationale\": \"no peak-memory estimate available; honouring the requested count\",\n  \"requested_processes\": 2,\n  \"timestamp\": \"2026-09-29T18:43:39+00:00\",\n  \"total_mb\": 15989\n}\n", "truncated": false}, "run_manifest.json": {"unavailable": "FileNotFoundError"}, "base_mesh/mesh_metrics.json": {"size_bytes": 401, "tail": "{\n  \"element_count\": 206137,\n  \"extents\": {\n    \"lateral_margin_um\": 100.0,\n    \"lid_height_um\": 450.0,\n    \"substrate_thickness_um\": 300.0,\n    \"vacuum_height_um\": 300.0\n  },\n  \"mean_quality\": 0.7263143756565194,\n  \"mesh_scale\": 4.0,\n  \"mesh_sha256\": \"d2c7eee442ccec0b5acf7a37a98b61dd305b53bafb68f0d43dab3ba0dc2b069e\",\n  \"minimum_quality\": 0.15838171066132758,\n  \"runtime_seconds\": 7.7689208339998\n}\n", "truncated": false}, "base_mesh/palace_amr.json": {"size_bytes": 2038, "tail": "{\n  \"Boundaries\": {\n    \"PEC\": {\n      \"Attributes\": [\n        10,\n        11,\n        12,\n        30,\n        31\n      ]\n    }\n  },\n  \"Domains\": {\n    \"Materials\": [\n      {\n        \"Attributes\": [\n          1\n        ],\n        \"LossTan\": 1e-06,\n        \"Permeability\": 1.0,\n        \"Permittivity\": 11.45\n      },\n      {\n        \"Attributes\": [\n          2\n        ],\n        \"LossTan\": 1e-06,\n        \"Permeability\": 1.0,\n        \"Permittivity\": 11.45\n      },\n      {\n        \"Attributes\": [\n          3\n        ],\n        \"Permeability\": 1.0,\n        \"Permittivity\": 1.0\n      },\n      {\n        \"Attributes\": [\n          4\n        ],\n        \"Permeability\": 1.0,\n        \"Permittivity\": 1.0\n      },\n      {\n        \"Attributes\": [\n          5\n        ],\n        \"Permeability\": 1.0,\n        \"Permittivity\": 1.0\n      }\n    ],\n    \"Postprocessing\": {\n      \"Energy\": [\n        {\n          \"Attributes\": [\n            1\n          ],\n          \"Index\": 1\n        },\n        {\n          \"Attributes\": [\n            2\n          ],\n          \"Index\": 2\n        },\n        {\n          \"Attributes\": [\n            3\n          ],\n          \"Index\": 3\n        },\n        {\n          \"Attributes\": [\n            4\n          ],\n          \"Index\": 4\n        },\n        {\n          \"Attributes\": [\n            5\n          ],\n          \"Index\": 5\n        }\n      ]\n    }\n  },\n  \"Model\": {\n    \"L0\": 1e-06,\n    \"Mesh\": \"quarter_wave_base.msh\",\n    \"Refinement\": {\n      \"MaxIts\": 4,\n      \"Nonconformal\": false,\n      \"SaveAdaptIterations\": true,\n      \"SaveAdaptMesh\": true,\n      \"Tol\": 0.0001,\n      \"UpdateFraction\": 0.7\n    }\n  },\n  \"Problem\": {\n    \"Output\": \"postpro\",\n    \"OutputFormats\": {\n      \"GridFunction\": true,\n      \"Paraview\": true\n    },\n    \"Type\": \"Eigenmode\",\n    \"Verbose\": 2\n  },\n  \"Solver\": {\n    \"Device\": \"CPU\",\n    \"Eigenmode\": {\n      \"N\": 4,\n      \"Save\": 4,\n      \"Target\": 2.7,\n      \"Tol\": 1e-09\n    },\n    \"Linear\": {\n      \"MaxIts\": 1000,\n      \"Tol\": 1e-09,\n      \"Type\": \"Default\"\n    },\n    \"Order\": 1\n  }\n}\n", "truncated": false}, "base_mesh/palace.stdout.txt": {"size_bytes": 18184, "tail": "norm 2.534717e-01\n   1 (restart 0) KSP residual norm 3.825368e-08\n   2 (restart 0) KSP residual norm 5.962386e-15\nGMRES solver converged in 2 iterations (avg. reduction factor: 1.534e-07)\n   Residual norms for GMRES solve\n   0 (restart 0) KSP residual norm 1.564640e-01\n   1 (restart 0) KSP residual norm 2.762412e-08\n   2 (restart 0) KSP residual norm 2.384405e-15\nGMRES solver converged in 2 iterations (avg. reduction factor: 1.234e-07)\n   Residual norms for GMRES solve\n   0 (restart 0) KSP residual norm 2.928574e-01\n   1 (restart 0) KSP residual norm 4.974394e-08\n   2 (restart 0) KSP residual norm 5.135107e-15\nGMRES solver converged in 2 iterations (avg. reduction factor: 1.324e-07)\n   Residual norms for GMRES solve\n   0 (restart 0) KSP residual norm 2.969997e-01\n   1 (restart 0) KSP residual norm 5.144795e-08\n   2 (restart 0) KSP residual norm 6.999328e-15\nGMRES solver converged in 2 iterations (avg. reduction factor: 1.535e-07)\n   Residual norms for GMRES solve\n   0 (restart 0) KSP residual norm 3.002090e-01\n   1 (restart 0) KSP residual norm 3.036601e-08\n   2 (restart 0) KSP residual norm 6.804588e-15\nGMRES solver converged in 2 iterations (avg. reduction factor: 1.506e-07)\n   Residual norms for GMRES solve\n   0 (restart 0) KSP residual norm 3.902644e-01\n   1 (restart 0) KSP residual norm 3.887151e-08\n   2 (restart 0) KSP residual norm 6.790453e-15\nGMRES solver converged in 2 iterations (avg. reduction factor: 1.319e-07)\n   Residual norms for GMRES solve\n   0 (restart 0) KSP residual norm 3.406004e-01\n   1 (restart 0) KSP residual norm 3.751601e-08\n   2 (restart 0) KSP residual norm 6.532816e-15\nGMRES solver converged in 2 iterations (avg. reduction factor: 1.385e-07)\n   Residual norms for GMRES solve\n   0 (restart 0) KSP residual norm 2.362821e-01\n   1 (restart 0) KSP residual norm 3.054276e-08\n   2 (restart 0) KSP residual norm 5.255484e-15\nGMRES solver converged in 2 iterations (avg. reduction factor: 1.491e-07)\n   Residual norms for GMRES solve\n   0 (restart 0) KSP residual norm 3.602671e-01\n   1 (restart 0) KSP residual norm 2.791419e-08\n   2 (restart 0) KSP residual norm 1.033499e-14\nGMRES solver converged in 2 iterations (avg. reduction factor: 1.694e-07)\n   Residual norms for GMRES solve\n   0 (restart 0) KSP residual norm 9.791528e-02\n   1 (restart 0) KSP residual norm 1.677002e-08\n   2 (restart 0) KSP residual norm 1.948846e-15\nGMRES solver converged in 2 iterations (avg. reduction factor: 1.411e-07)\n   Residual norms for GMRES solve\n   0 (restart 0) KSP residual norm 1.832125e-01\n   1 (restart 0) KSP residual norm 2.127494e-08\n   2 (restart 0) KSP residual norm 5.024997e-15\nGMRES solver converged in 2 iterations (avg. reduction factor: 1.656e-07)\n   Residual norms for GMRES solve\n   0 (restart 0) KSP residual norm 4.632115e-02\n   1 (restart 0) KSP residual norm 6.822281e-09\n   2 (restart 0) KSP residual norm 1.147969e-15\nGMRES solver converged in 2 iterations (avg. reduction factor: 1.574e-07)\n   Residual norms for GMRES solve\n   0 (restart 0) KSP residual norm 5.955412e-02\n   1 (restart 0) KSP residual norm 7.933897e-09\n   2 (restart 0) KSP residual norm 1.025996e-15\nGMRES solver converged in 2 iterations (avg. reduction factor: 1.313e-07)\n\n ARPACK EPS eigensolve converged (4 eigenpairs); iterations 1\n Total number of linear systems solved: 19\n Total number of linear solver iterations: 38\n Found 4 converged eigenvalues (first = 3.731e-01+3.434e-07i)\n\nComputing solution error estimates and performing postprocessing\n\n     m,        Re{f} (GHz),        Im{f} (GHz),                  Q,      Error (Bkwd.),       Error (Abs.)\n     1,      +5.617129e+00,      +2.584731e-06,      +1.086598e+06,      +5.843047e-17,      +6.148347e-12\n Wrote mode 1 to disk (Paraview)\n Wrote mode 1 to disk (grid function)\n     2,      +6.109230e+00,      +2.810907e-06,      +1.086701e+06,      +6.727587e-17,      +7.079106e-12\n Wrote mode 2 to disk (Paraview)\n Wrote mode 2 to disk (grid function)\n     3,      +1.140031e+01,      +5.240650e-06,      +1.087681e+06,      +1.882828e-16,      +1.981212e-11\n Wrote mode 3 to disk (Paraview)\n", "truncated": true}, "base_mesh/palace.stderr.txt": {"size_bytes": 0, "tail": "", "truncated": false}, "base_mesh/resource_summary.json": {"unavailable": "FileNotFoundError"}, "base_mesh/resource_samples.json": {"unavailable": "FileNotFoundError"}}, "cgroup_path": "/system.slice/hosted-compute-agent.service", "cgroup_memory": {"memory.current": {"size_bytes": 0, "tail": "15769542656\n", "truncated": false}, "memory.peak": {"size_bytes": 0, "tail": "15845789696\n", "truncated": false}, "memory.max": {"size_bytes": 0, "tail": "max\n", "truncated": false}, "memory.events": {"size_bytes": 0, "tail": "low 0\nhigh 0\nmax 0\noom 0\noom_kill 0\noom_group_kill 0\n", "truncated": false}}, "process_columns": "pid ppid rss_KiB vsz_KiB cpu_percent command_name", "largest_processes": [" 679867  679825 7568128 7958112 99.9 palace-x86_64.b", " 679870  679825 7203900 7528212 99.9 palace-x86_64.b", "   2046    2044 112624 1431512 0.3 provjobd1305015", "   2112    2090 67716 274614748 0.4 Runner.Worker", "   1154       1 64840 2127092 0.0 dockerd", "   2090    2032 57732 274345452 0.0 Runner.Listener", " 679567  679564 54152 1295176 1.7 textlayout", "    987       1 46924 295280  0.0 php-fpm8.3", "    225       1 43716 305388  0.0 multipathd", "   1063       1 42528 1960992 0.0 containerd", "   1712    1021 33696 454656  0.0 python3", "   1021       1 27520  39480  0.0 python3"]}
palace	UNKNOWN STEP	2026-09-29T18:54:08.6976407Z {"schema": "textlayout.palace-ci-observation.v1", "timestamp": "2026-09-29T18:54:08.674262+00:00", "scope": "host/process diagnostics; not numerical validation", "meminfo": {"unavailable": "OSError"}, "files": {"toolchain.json": {"size_bytes": 3922, "tail": "{\n  \"capability\": {\n    \"available\": true,\n    \"container_digest\": null,\n    \"container_engine\": null,\n    \"container_image\": null,\n    \"executable\": \"/home/runner/.cache/textlayout-palace/spack-opt/linux-x86_64_v3/palace-0.17.0-fc5grs6ugcjdbzpdpqbqsnmf6ejlq4hx/bin/palace\",\n    \"executable_sha256\": \"ad43ec030f51435f32150a5c72cb324ca03083d2ffc2f91405bbf41c6bc2240f\",\n    \"execution_kind\": \"executable\",\n    \"identified\": true,\n    \"mpi_launcher\": \"/usr/bin/mpirun\",\n    \"status\": \"AVAILABLE\",\n    \"unavailable_reason\": null,\n    \"version\": \"0.17.0\"\n  },\n  \"generated_at\": \"2026-09-29T18:43:39+00:00\",\n  \"git_commit\": \"59e8c654c1cfcc84788b488daf0482682bcda2ba\",\n  \"gmsh\": {\n    \"available\": true,\n    \"expected_version\": \"4.15.2\",\n    \"module\": \"/home/runner/work/Text-to-Layout/Text-to-Layout/.venv/lib/python3.12/site-packages/gmsh.py\",\n    \"module_sha256\": \"f4b0935cebde899750293d87a643090e5ea33c9b18d249267f507db68a0e01c3\",\n    \"version\": \"4.15.2\"\n  },\n  \"install_record\": {\n    \"build_stage\": \"/home/runner/.cache/textlayout-palace/build-stage\",\n    \"compiler_and_mpi_tail\": [\n      \"[+] /home/runner/.cache/textlayout-palace/spack-opt/linux-x86_64_v3/palace-0.17.0-fc5grs6ugcjdbzpdpqbqsnmf6ejlq4hx\",\n      \"==> Installing palace-0.17.0-fc5grs6ugcjdbzpdpqbqsnmf6ejlq4hx [63/63]\",\n      \"==> Updating view at /home/runner/.cache/textlayout-palace/environment/.spack-env/view\",\n      \"gcc (Ubuntu 13.3.0-6ubuntu2~24.04.1) 13.3.0\",\n      \"g++ (Ubuntu 13.3.0-6ubuntu2~24.04.1) 13.3.0\",\n      \"GNU Fortran (Ubuntu 13.3.0-6ubuntu2~24.04.1) 13.3.0\",\n      \"mpirun (Open MPI) 4.1.6\",\n      \"\"\n    ],\n    \"compiler_versions\": {\n      \"gcc\": \"gcc (Ubuntu 13.3.0-6ubuntu2~24.04.1) 13.3.0\",\n      \"gfortran\": \"GNU Fortran (Ubuntu 13.3.0-6ubuntu2~24.04.1) 13.3.0\",\n      \"gxx\": \"g++ (Ubuntu 13.3.0-6ubuntu2~24.04.1) 13.3.0\"\n    },\n    \"git_commit\": \"59e8c654c1cfcc84788b488daf0482682bcda2ba\",\n    \"gmsh\": {\n      \"available\": true,\n      \"expected_version\": \"4.15.2\",\n      \"module\": \"/home/runner/work/Text-to-Layout/Text-to-Layout/.venv/lib/python3.12/site-packages/gmsh.py\",\n      \"module_sha256\": \"f4b0935cebde899750293d87a643090e5ea33c9b18d249267f507db68a0e01c3\",\n      \"version\": \"4.15.2\"\n    },\n    \"gmsh_version\": \"4.15.2\",\n    \"install_tree\": \"/home/runner/.cache/textlayout-palace/spack-opt\",\n    \"installed_at\": \"2026-09-29T18:43:21.397659+00:00\",\n    \"mpi_version\": \"mpirun (Open MPI) 4.1.6\",\n    \"native_root\": \"/home/runner/.cache/textlayout-palace\",\n    \"palace_commit\": \"12d8069afb5aa9e169a17e303d735e120968e9f2\",\n    \"palace_executable\": \"/home/runner/.cache/textlayout-palace/spack-opt/linux-x86_64_v3/palace-0.17.0-fc5grs6ugcjdbzpdpqbqsnmf6ejlq4hx/bin/palace\",\n    \"palace_executable_sha256\": \"ad43ec030f51435f32150a5c72cb324ca03083d2ffc2f91405bbf41c6bc2240f\",\n    \"palace_version\": \"0.17.0\",\n    \"requested_version\": \"0.17.0\",\n    \"reused\": false,\n    \"schema\": \"textlayout.palace-install.v1\",\n    \"source_archive\": {\n      \"available\": true,\n      \"path\": \"/home/runner/work/Text-to-Layout/Text-to-Layout/.tools/external/sources/palace-12d8069afb5aa9e169a17e303d735e120968e9f2.tar.gz\",\n      \"sha256\": \"169f7fe210ea6e771a29bfe0803dd84a774b25b00d2aa3a1f33b9d97a510ff9d\",\n      \"size_bytes\": 47331791\n    },\n    \"source_archive_path\": \"/home/runner/work/Text-to-Layout/Text-to-Layout/.tools/external/sources/palace-12d8069afb5aa9e169a17e303d735e120968e9f2.tar.gz\",\n    \"source_archive_sha256\": \"169f7fe210ea6e771a29bfe0803dd84a774b25b00d2aa3a1f33b9d97a510ff9d\",\n    \"spack_commit\": \"0c2be44e4ece21eb091ad5de4c97716b7c6d4c87\",\n    \"spack_environment\": \"external_tools/palace/spack.yaml\",\n    \"spack_packages_commit\": \"a2928a3376d286ddbf07da62847d5ba5b0fa3c67\",\n    \"spack_runtime_cache\": \"/home/runner/.cache/textlayout-palace\",\n    \"spack_version\": \"1.1.0\",\n    \"status\": \"INSTALLED\",\n    \"strategy\": \"pinned_spack_wsl\"\n  },\n  \"required_palace_version\": \"0.17.0\",\n  \"schema\": \"textlayout.palace-toolchain.v1\"\n}\n", "truncated": false}, "resource_decision.json": {"size_bytes": 288, "tail": "{\n  \"accepted_processes\": 2,\n  \"available_mb\": 14806,\n  \"memory_tier\": \"unknown\",\n  \"preflight_peak_mb\": null,\n  \"rationale\": \"no peak-memory estimate available; honouring the requested count\",\n  \"requested_processes\": 2,\n  \"timestamp\": \"2026-09-29T18:43:39+00:00\",\n  \"total_mb\": 15989\n}\n", "truncated": false}, "run_manifest.json": {"unavailable": "FileNotFoundError"}, "base_mesh/mesh_metrics.json": {"size_bytes": 401, "tail": "{\n  \"element_count\": 206137,\n  \"extents\": {\n    \"lateral_margin_um\": 100.0,\n    \"lid_height_um\": 450.0,\n    \"substrate_thickness_um\": 300.0,\n    \"vacuum_height_um\": 300.0\n  },\n  \"mean_quality\": 0.7263143756565194,\n  \"mesh_scale\": 4.0,\n  \"mesh_sha256\": \"d2c7eee442ccec0b5acf7a37a98b61dd305b53bafb68f0d43dab3ba0dc2b069e\",\n  \"minimum_quality\": 0.15838171066132758,\n  \"runtime_seconds\": 7.7689208339998\n}\n", "truncated": false}, "base_mesh/palace_amr.json": {"size_bytes": 2038, "tail": "{\n  \"Boundaries\": {\n    \"PEC\": {\n      \"Attributes\": [\n        10,\n        11,\n        12,\n        30,\n        31\n      ]\n    }\n  },\n  \"Domains\": {\n    \"Materials\": [\n      {\n        \"Attributes\": [\n          1\n        ],\n        \"LossTan\": 1e-06,\n        \"Permeability\": 1.0,\n        \"Permittivity\": 11.45\n      },\n      {\n        \"Attributes\": [\n          2\n        ],\n        \"LossTan\": 1e-06,\n        \"Permeability\": 1.0,\n        \"Permittivity\": 11.45\n      },\n      {\n        \"Attributes\": [\n          3\n        ],\n        \"Permeability\": 1.0,\n        \"Permittivity\": 1.0\n      },\n      {\n        \"Attributes\": [\n          4\n        ],\n        \"Permeability\": 1.0,\n        \"Permittivity\": 1.0\n      },\n      {\n        \"Attributes\": [\n          5\n        ],\n        \"Permeability\": 1.0,\n        \"Permittivity\": 1.0\n      }\n    ],\n    \"Postprocessing\": {\n      \"Energy\": [\n        {\n          \"Attributes\": [\n            1\n          ],\n          \"Index\": 1\n        },\n        {\n          \"Attributes\": [\n            2\n          ],\n          \"Index\": 2\n        },\n        {\n          \"Attributes\": [\n            3\n          ],\n          \"Index\": 3\n        },\n        {\n          \"Attributes\": [\n            4\n          ],\n          \"Index\": 4\n        },\n        {\n          \"Attributes\": [\n            5\n          ],\n          \"Index\": 5\n        }\n      ]\n    }\n  },\n  \"Model\": {\n    \"L0\": 1e-06,\n    \"Mesh\": \"quarter_wave_base.msh\",\n    \"Refinement\": {\n      \"MaxIts\": 4,\n      \"Nonconformal\": false,\n      \"SaveAdaptIterations\": true,\n      \"SaveAdaptMesh\": true,\n      \"Tol\": 0.0001,\n      \"UpdateFraction\": 0.7\n    }\n  },\n  \"Problem\": {\n    \"Output\": \"postpro\",\n    \"OutputFormats\": {\n      \"GridFunction\": true,\n      \"Paraview\": true\n    },\n    \"Type\": \"Eigenmode\",\n    \"Verbose\": 2\n  },\n  \"Solver\": {\n    \"Device\": \"CPU\",\n    \"Eigenmode\": {\n      \"N\": 4,\n      \"Save\": 4,\n      \"Target\": 2.7,\n      \"Tol\": 1e-09\n    },\n    \"Linear\": {\n      \"MaxIts\": 1000,\n      \"Tol\": 1e-09,\n      \"Type\": \"Default\"\n    },\n    \"Order\": 1\n  }\n}\n", "truncated": false}, "base_mesh/palace.stdout.txt": {"size_bytes": 18329, "tail": "rations (avg. reduction factor: 1.534e-07)\n   Residual norms for GMRES solve\n   0 (restart 0) KSP residual norm 1.564640e-01\n   1 (restart 0) KSP residual norm 2.762412e-08\n   2 (restart 0) KSP residual norm 2.384405e-15\nGMRES solver converged in 2 iterations (avg. reduction factor: 1.234e-07)\n   Residual norms for GMRES solve\n   0 (restart 0) KSP residual norm 2.928574e-01\n   1 (restart 0) KSP residual norm 4.974394e-08\n   2 (restart 0) KSP residual norm 5.135107e-15\nGMRES solver converged in 2 iterations (avg. reduction factor: 1.324e-07)\n   Residual norms for GMRES solve\n   0 (restart 0) KSP residual norm 2.969997e-01\n   1 (restart 0) KSP residual norm 5.144795e-08\n   2 (restart 0) KSP residual norm 6.999328e-15\nGMRES solver converged in 2 iterations (avg. reduction factor: 1.535e-07)\n   Residual norms for GMRES solve\n   0 (restart 0) KSP residual norm 3.002090e-01\n   1 (restart 0) KSP residual norm 3.036601e-08\n   2 (restart 0) KSP residual norm 6.804588e-15\nGMRES solver converged in 2 iterations (avg. reduction factor: 1.506e-07)\n   Residual norms for GMRES solve\n   0 (restart 0) KSP residual norm 3.902644e-01\n   1 (restart 0) KSP residual norm 3.887151e-08\n   2 (restart 0) KSP residual norm 6.790453e-15\nGMRES solver converged in 2 iterations (avg. reduction factor: 1.319e-07)\n   Residual norms for GMRES solve\n   0 (restart 0) KSP residual norm 3.406004e-01\n   1 (restart 0) KSP residual norm 3.751601e-08\n   2 (restart 0) KSP residual norm 6.532816e-15\nGMRES solver converged in 2 iterations (avg. reduction factor: 1.385e-07)\n   Residual norms for GMRES solve\n   0 (restart 0) KSP residual norm 2.362821e-01\n   1 (restart 0) KSP residual norm 3.054276e-08\n   2 (restart 0) KSP residual norm 5.255484e-15\nGMRES solver converged in 2 iterations (avg. reduction factor: 1.491e-07)\n   Residual norms for GMRES solve\n   0 (restart 0) KSP residual norm 3.602671e-01\n   1 (restart 0) KSP residual norm 2.791419e-08\n   2 (restart 0) KSP residual norm 1.033499e-14\nGMRES solver converged in 2 iterations (avg. reduction factor: 1.694e-07)\n   Residual norms for GMRES solve\n   0 (restart 0) KSP residual norm 9.791528e-02\n   1 (restart 0) KSP residual norm 1.677002e-08\n   2 (restart 0) KSP residual norm 1.948846e-15\nGMRES solver converged in 2 iterations (avg. reduction factor: 1.411e-07)\n   Residual norms for GMRES solve\n   0 (restart 0) KSP residual norm 1.832125e-01\n   1 (restart 0) KSP residual norm 2.127494e-08\n   2 (restart 0) KSP residual norm 5.024997e-15\nGMRES solver converged in 2 iterations (avg. reduction factor: 1.656e-07)\n   Residual norms for GMRES solve\n   0 (restart 0) KSP residual norm 4.632115e-02\n   1 (restart 0) KSP residual norm 6.822281e-09\n   2 (restart 0) KSP residual norm 1.147969e-15\nGMRES solver converged in 2 iterations (avg. reduction factor: 1.574e-07)\n   Residual norms for GMRES solve\n   0 (restart 0) KSP residual norm 5.955412e-02\n   1 (restart 0) KSP residual norm 7.933897e-09\n   2 (restart 0) KSP residual norm 1.025996e-15\nGMRES solver converged in 2 iterations (avg. reduction factor: 1.313e-07)\n\n ARPACK EPS eigensolve converged (4 eigenpairs); iterations 1\n Total number of linear systems solved: 19\n Total number of linear solver iterations: 38\n Found 4 converged eigenvalues (first = 3.731e-01+3.434e-07i)\n\nComputing solution error estimates and performing postprocessing\n\n     m,        Re{f} (GHz),        Im{f} (GHz),                  Q,      Error (Bkwd.),       Error (Abs.)\n     1,      +5.617129e+00,      +2.584731e-06,      +1.086598e+06,      +5.843047e-17,      +6.148347e-12\n Wrote mode 1 to disk (Paraview)\n Wrote mode 1 to disk (grid function)\n     2,      +6.109230e+00,      +2.810907e-06,      +1.086701e+06,      +6.727587e-17,      +7.079106e-12\n Wrote mode 2 to disk (Paraview)\n Wrote mode 2 to disk (grid function)\n     3,      +1.140031e+01,      +5.240650e-06,      +1.087681e+06,      +1.882828e-16,      +1.981212e-11\n Wrote mode 3 to disk (Paraview)\n Wrote mode 3 to disk (grid function)\n     4,      +1.731335e+01,      +7.974160e-06,      +1.085591e+06,      +5.557182e-15,      +5.847594e-10\n", "truncated": true}, "base_mesh/palace.stderr.txt": {"size_bytes": 0, "tail": "", "truncated": false}, "base_mesh/resource_summary.json": {"unavailable": "FileNotFoundError"}, "base_mesh/resource_samples.json": {"unavailable": "FileNotFoundError"}}, "cgroup_path": "/system.slice/hosted-compute-agent.service", "cgroup_memory": {"memory.current": {"size_bytes": 0, "tail": "15726628864\n", "truncated": false}, "memory.peak": {"size_bytes": 0, "tail": "15845789696\n", "truncated": false}, "memory.max": {"size_bytes": 0, "tail": "max\n", "truncated": false}, "memory.events": {"size_bytes": 0, "tail": "low 0\nhigh 0\nmax 0\noom 0\noom_kill 0\noom_group_kill 0\n", "truncated": false}}, "process_columns": "pid ppid rss_KiB vsz_KiB cpu_percent command_name", "largest_processes": [" 679867  679825 7568128 7958112 99.9 palace-x86_64.b", " 679870  679825 7203900 7528212 99.9 palace-x86_64.b", "   2046    2044 112628 1431512 0.3 provjobd1305015", "   2112    2090 68120 274614748 0.4 Runner.Worker", "   1154       1 64840 2127092 0.0 dockerd", "   2090    2032 57756 274345452 0.0 Runner.Listener", " 679567  679564 54160 1295176 1.6 textlayout", "    987       1 46572 295280  0.0 php-fpm8.3", "    225       1 43716 305388  0.0 multipathd", "   1063       1 42528 1960992 0.0 containerd", "   1712    1021 33696 454656  0.0 python3", "   1021       1 27520  39480  0.0 python3"]}
palace	UNKNOWN STEP	2026-09-29T18:54:38.7134415Z {"schema": "textlayout.palace-ci-observation.v1", "timestamp": "2026-09-29T18:54:38.690117+00:00", "scope": "host/process diagnostics; not numerical validation", "meminfo": {"unavailable": "OSError"}, "files": {"toolchain.json": {"size_bytes": 3922, "tail": "{\n  \"capability\": {\n    \"available\": true,\n    \"container_digest\": null,\n    \"container_engine\": null,\n    \"container_image\": null,\n    \"executable\": \"/home/runner/.cache/textlayout-palace/spack-opt/linux-x86_64_v3/palace-0.17.0-fc5grs6ugcjdbzpdpqbqsnmf6ejlq4hx/bin/palace\",\n    \"executable_sha256\": \"ad43ec030f51435f32150a5c72cb324ca03083d2ffc2f91405bbf41c6bc2240f\",\n    \"execution_kind\": \"executable\",\n    \"identified\": true,\n    \"mpi_launcher\": \"/usr/bin/mpirun\",\n    \"status\": \"AVAILABLE\",\n    \"unavailable_reason\": null,\n    \"version\": \"0.17.0\"\n  },\n  \"generated_at\": \"2026-09-29T18:43:39+00:00\",\n  \"git_commit\": \"59e8c654c1cfcc84788b488daf0482682bcda2ba\",\n  \"gmsh\": {\n    \"available\": true,\n    \"expected_version\": \"4.15.2\",\n    \"module\": \"/home/runner/work/Text-to-Layout/Text-to-Layout/.venv/lib/python3.12/site-packages/gmsh.py\",\n    \"module_sha256\": \"f4b0935cebde899750293d87a643090e5ea33c9b18d249267f507db68a0e01c3\",\n    \"version\": \"4.15.2\"\n  },\n  \"install_record\": {\n    \"build_stage\": \"/home/runner/.cache/textlayout-palace/build-stage\",\n    \"compiler_and_mpi_tail\": [\n      \"[+] /home/runner/.cache/textlayout-palace/spack-opt/linux-x86_64_v3/palace-0.17.0-fc5grs6ugcjdbzpdpqbqsnmf6ejlq4hx\",\n      \"==> Installing palace-0.17.0-fc5grs6ugcjdbzpdpqbqsnmf6ejlq4hx [63/63]\",\n      \"==> Updating view at /home/runner/.cache/textlayout-palace/environment/.spack-env/view\",\n      \"gcc (Ubuntu 13.3.0-6ubuntu2~24.04.1) 13.3.0\",\n      \"g++ (Ubuntu 13.3.0-6ubuntu2~24.04.1) 13.3.0\",\n      \"GNU Fortran (Ubuntu 13.3.0-6ubuntu2~24.04.1) 13.3.0\",\n      \"mpirun (Open MPI) 4.1.6\",\n      \"\"\n    ],\n    \"compiler_versions\": {\n      \"gcc\": \"gcc (Ubuntu 13.3.0-6ubuntu2~24.04.1) 13.3.0\",\n      \"gfortran\": \"GNU Fortran (Ubuntu 13.3.0-6ubuntu2~24.04.1) 13.3.0\",\n      \"gxx\": \"g++ (Ubuntu 13.3.0-6ubuntu2~24.04.1) 13.3.0\"\n    },\n    \"git_commit\": \"59e8c654c1cfcc84788b488daf0482682bcda2ba\",\n    \"gmsh\": {\n      \"available\": true,\n      \"expected_version\": \"4.15.2\",\n      \"module\": \"/home/runner/work/Text-to-Layout/Text-to-Layout/.venv/lib/python3.12/site-packages/gmsh.py\",\n      \"module_sha256\": \"f4b0935cebde899750293d87a643090e5ea33c9b18d249267f507db68a0e01c3\",\n      \"version\": \"4.15.2\"\n    },\n    \"gmsh_version\": \"4.15.2\",\n    \"install_tree\": \"/home/runner/.cache/textlayout-palace/spack-opt\",\n    \"installed_at\": \"2026-09-29T18:43:21.397659+00:00\",\n    \"mpi_version\": \"mpirun (Open MPI) 4.1.6\",\n    \"native_root\": \"/home/runner/.cache/textlayout-palace\",\n    \"palace_commit\": \"12d8069afb5aa9e169a17e303d735e120968e9f2\",\n    \"palace_executable\": \"/home/runner/.cache/textlayout-palace/spack-opt/linux-x86_64_v3/palace-0.17.0-fc5grs6ugcjdbzpdpqbqsnmf6ejlq4hx/bin/palace\",\n    \"palace_executable_sha256\": \"ad43ec030f51435f32150a5c72cb324ca03083d2ffc2f91405bbf41c6bc2240f\",\n    \"palace_version\": \"0.17.0\",\n    \"requested_version\": \"0.17.0\",\n    \"reused\": false,\n    \"schema\": \"textlayout.palace-install.v1\",\n    \"source_archive\": {\n      \"available\": true,\n      \"path\": \"/home/runner/work/Text-to-Layout/Text-to-Layout/.tools/external/sources/palace-12d8069afb5aa9e169a17e303d735e120968e9f2.tar.gz\",\n      \"sha256\": \"169f7fe210ea6e771a29bfe0803dd84a774b25b00d2aa3a1f33b9d97a510ff9d\",\n      \"size_bytes\": 47331791\n    },\n    \"source_archive_path\": \"/home/runner/work/Text-to-Layout/Text-to-Layout/.tools/external/sources/palace-12d8069afb5aa9e169a17e303d735e120968e9f2.tar.gz\",\n    \"source_archive_sha256\": \"169f7fe210ea6e771a29bfe0803dd84a774b25b00d2aa3a1f33b9d97a510ff9d\",\n    \"spack_commit\": \"0c2be44e4ece21eb091ad5de4c97716b7c6d4c87\",\n    \"spack_environment\": \"external_tools/palace/spack.yaml\",\n    \"spack_packages_commit\": \"a2928a3376d286ddbf07da62847d5ba5b0fa3c67\",\n    \"spack_runtime_cache\": \"/home/runner/.cache/textlayout-palace\",\n    \"spack_version\": \"1.1.0\",\n    \"status\": \"INSTALLED\",\n    \"strategy\": \"pinned_spack_wsl\"\n  },\n  \"required_palace_version\": \"0.17.0\",\n  \"schema\": \"textlayout.palace-toolchain.v1\"\n}\n", "truncated": false}, "resource_decision.json": {"size_bytes": 288, "tail": "{\n  \"accepted_processes\": 2,\n  \"available_mb\": 14806,\n  \"memory_tier\": \"unknown\",\n  \"preflight_peak_mb\": null,\n  \"rationale\": \"no peak-memory estimate available; honouring the requested count\",\n  \"requested_processes\": 2,\n  \"timestamp\": \"2026-09-29T18:43:39+00:00\",\n  \"total_mb\": 15989\n}\n", "truncated": false}, "run_manifest.json": {"unavailable": "FileNotFoundError"}, "base_mesh/mesh_metrics.json": {"size_bytes": 401, "tail": "{\n  \"element_count\": 206137,\n  \"extents\": {\n    \"lateral_margin_um\": 100.0,\n    \"lid_height_um\": 450.0,\n    \"substrate_thickness_um\": 300.0,\n    \"vacuum_height_um\": 300.0\n  },\n  \"mean_quality\": 0.7263143756565194,\n  \"mesh_scale\": 4.0,\n  \"mesh_sha256\": \"d2c7eee442ccec0b5acf7a37a98b61dd305b53bafb68f0d43dab3ba0dc2b069e\",\n  \"minimum_quality\": 0.15838171066132758,\n  \"runtime_seconds\": 7.7689208339998\n}\n", "truncated": false}, "base_mesh/palace_amr.json": {"size_bytes": 2038, "tail": "{\n  \"Boundaries\": {\n    \"PEC\": {\n      \"Attributes\": [\n        10,\n        11,\n        12,\n        30,\n        31\n      ]\n    }\n  },\n  \"Domains\": {\n    \"Materials\": [\n      {\n        \"Attributes\": [\n          1\n        ],\n        \"LossTan\": 1e-06,\n        \"Permeability\": 1.0,\n        \"Permittivity\": 11.45\n      },\n      {\n        \"Attributes\": [\n          2\n        ],\n        \"LossTan\": 1e-06,\n        \"Permeability\": 1.0,\n        \"Permittivity\": 11.45\n      },\n      {\n        \"Attributes\": [\n          3\n        ],\n        \"Permeability\": 1.0,\n        \"Permittivity\": 1.0\n      },\n      {\n        \"Attributes\": [\n          4\n        ],\n        \"Permeability\": 1.0,\n        \"Permittivity\": 1.0\n      },\n      {\n        \"Attributes\": [\n          5\n        ],\n        \"Permeability\": 1.0,\n        \"Permittivity\": 1.0\n      }\n    ],\n    \"Postprocessing\": {\n      \"Energy\": [\n        {\n          \"Attributes\": [\n            1\n          ],\n          \"Index\": 1\n        },\n        {\n          \"Attributes\": [\n            2\n          ],\n          \"Index\": 2\n        },\n        {\n          \"Attributes\": [\n            3\n          ],\n          \"Index\": 3\n        },\n        {\n          \"Attributes\": [\n            4\n          ],\n          \"Index\": 4\n        },\n        {\n          \"Attributes\": [\n            5\n          ],\n          \"Index\": 5\n        }\n      ]\n    }\n  },\n  \"Model\": {\n    \"L0\": 1e-06,\n    \"Mesh\": \"quarter_wave_base.msh\",\n    \"Refinement\": {\n      \"MaxIts\": 4,\n      \"Nonconformal\": false,\n      \"SaveAdaptIterations\": true,\n      \"SaveAdaptMesh\": true,\n      \"Tol\": 0.0001,\n      \"UpdateFraction\": 0.7\n    }\n  },\n  \"Problem\": {\n    \"Output\": \"postpro\",\n    \"OutputFormats\": {\n      \"GridFunction\": true,\n      \"Paraview\": true\n    },\n    \"Type\": \"Eigenmode\",\n    \"Verbose\": 2\n  },\n  \"Solver\": {\n    \"Device\": \"CPU\",\n    \"Eigenmode\": {\n      \"N\": 4,\n      \"Save\": 4,\n      \"Target\": 2.7,\n      \"Tol\": 1e-09\n    },\n    \"Linear\": {\n      \"MaxIts\": 1000,\n      \"Tol\": 1e-09,\n      \"Type\": \"Default\"\n    },\n    \"Order\": 1\n  }\n}\n", "truncated": false}, "base_mesh/palace.stdout.txt": {"size_bytes": 18362, "tail": ".534e-07)\n   Residual norms for GMRES solve\n   0 (restart 0) KSP residual norm 1.564640e-01\n   1 (restart 0) KSP residual norm 2.762412e-08\n   2 (restart 0) KSP residual norm 2.384405e-15\nGMRES solver converged in 2 iterations (avg. reduction factor: 1.234e-07)\n   Residual norms for GMRES solve\n   0 (restart 0) KSP residual norm 2.928574e-01\n   1 (restart 0) KSP residual norm 4.974394e-08\n   2 (restart 0) KSP residual norm 5.135107e-15\nGMRES solver converged in 2 iterations (avg. reduction factor: 1.324e-07)\n   Residual norms for GMRES solve\n   0 (restart 0) KSP residual norm 2.969997e-01\n   1 (restart 0) KSP residual norm 5.144795e-08\n   2 (restart 0) KSP residual norm 6.999328e-15\nGMRES solver converged in 2 iterations (avg. reduction factor: 1.535e-07)\n   Residual norms for GMRES solve\n   0 (restart 0) KSP residual norm 3.002090e-01\n   1 (restart 0) KSP residual norm 3.036601e-08\n   2 (restart 0) KSP residual norm 6.804588e-15\nGMRES solver converged in 2 iterations (avg. reduction factor: 1.506e-07)\n   Residual norms for GMRES solve\n   0 (restart 0) KSP residual norm 3.902644e-01\n   1 (restart 0) KSP residual norm 3.887151e-08\n   2 (restart 0) KSP residual norm 6.790453e-15\nGMRES solver converged in 2 iterations (avg. reduction factor: 1.319e-07)\n   Residual norms for GMRES solve\n   0 (restart 0) KSP residual norm 3.406004e-01\n   1 (restart 0) KSP residual norm 3.751601e-08\n   2 (restart 0) KSP residual norm 6.532816e-15\nGMRES solver converged in 2 iterations (avg. reduction factor: 1.385e-07)\n   Residual norms for GMRES solve\n   0 (restart 0) KSP residual norm 2.362821e-01\n   1 (restart 0) KSP residual norm 3.054276e-08\n   2 (restart 0) KSP residual norm 5.255484e-15\nGMRES solver converged in 2 iterations (avg. reduction factor: 1.491e-07)\n   Residual norms for GMRES solve\n   0 (restart 0) KSP residual norm 3.602671e-01\n   1 (restart 0) KSP residual norm 2.791419e-08\n   2 (restart 0) KSP residual norm 1.033499e-14\nGMRES solver converged in 2 iterations (avg. reduction factor: 1.694e-07)\n   Residual norms for GMRES solve\n   0 (restart 0) KSP residual norm 9.791528e-02\n   1 (restart 0) KSP residual norm 1.677002e-08\n   2 (restart 0) KSP residual norm 1.948846e-15\nGMRES solver converged in 2 iterations (avg. reduction factor: 1.411e-07)\n   Residual norms for GMRES solve\n   0 (restart 0) KSP residual norm 1.832125e-01\n   1 (restart 0) KSP residual norm 2.127494e-08\n   2 (restart 0) KSP residual norm 5.024997e-15\nGMRES solver converged in 2 iterations (avg. reduction factor: 1.656e-07)\n   Residual norms for GMRES solve\n   0 (restart 0) KSP residual norm 4.632115e-02\n   1 (restart 0) KSP residual norm 6.822281e-09\n   2 (restart 0) KSP residual norm 1.147969e-15\nGMRES solver converged in 2 iterations (avg. reduction factor: 1.574e-07)\n   Residual norms for GMRES solve\n   0 (restart 0) KSP residual norm 5.955412e-02\n   1 (restart 0) KSP residual norm 7.933897e-09\n   2 (restart 0) KSP residual norm 1.025996e-15\nGMRES solver converged in 2 iterations (avg. reduction factor: 1.313e-07)\n\n ARPACK EPS eigensolve converged (4 eigenpairs); iterations 1\n Total number of linear systems solved: 19\n Total number of linear solver iterations: 38\n Found 4 converged eigenvalues (first = 3.731e-01+3.434e-07i)\n\nComputing solution error estimates and performing postprocessing\n\n     m,        Re{f} (GHz),        Im{f} (GHz),                  Q,      Error (Bkwd.),       Error (Abs.)\n     1,      +5.617129e+00,      +2.584731e-06,      +1.086598e+06,      +5.843047e-17,      +6.148347e-12\n Wrote mode 1 to disk (Paraview)\n Wrote mode 1 to disk (grid function)\n     2,      +6.109230e+00,      +2.810907e-06,      +1.086701e+06,      +6.727587e-17,      +7.079106e-12\n Wrote mode 2 to disk (Paraview)\n Wrote mode 2 to disk (grid function)\n     3,      +1.140031e+01,      +5.240650e-06,      +1.087681e+06,      +1.882828e-16,      +1.981212e-11\n Wrote mode 3 to disk (Paraview)\n Wrote mode 3 to disk (grid function)\n     4,      +1.731335e+01,      +7.974160e-06,      +1.085591e+06,      +5.557182e-15,      +5.847594e-10\n Wrote mode 4 to disk (Paraview)\n", "truncated": true}, "base_mesh/palace.stderr.txt": {"size_bytes": 0, "tail": "", "truncated": false}, "base_mesh/resource_summary.json": {"unavailable": "FileNotFoundError"}, "base_mesh/resource_samples.json": {"unavailable": "FileNotFoundError"}}, "cgroup_path": "/system.slice/hosted-compute-agent.service", "cgroup_memory": {"memory.current": {"size_bytes": 0, "tail": "15715000320\n", "truncated": false}, "memory.peak": {"size_bytes": 0, "tail": "15845789696\n", "truncated": false}, "memory.max": {"size_bytes": 0, "tail": "max\n", "truncated": false}, "memory.events": {"size_bytes": 0, "tail": "low 0\nhigh 0\nmax 0\noom 0\noom_kill 0\noom_group_kill 0\n", "truncated": false}}, "process_columns": "pid ppid rss_KiB vsz_KiB cpu_percent command_name", "largest_processes": [" 679867  679825 7568128 7958112 99.9 palace-x86_64.b", " 679870  679825 7203900 7528212 99.9 palace-x86_64.b", "   2046    2044 112632 1431512 0.3 provjobd1305015", "   2112    2090 68548 274614748 0.4 Runner.Worker", "   1154       1 64760 2127092 0.0 dockerd", "   2090    2032 57796 274345452 0.0 Runner.Listener", " 679567  679564 54164 1295176 1.6 textlayout", "    987       1 45784 295280  0.0 php-fpm8.3", "    225       1 43716 305388  0.0 multipathd", "   1063       1 42496 1960992 0.0 containerd", "   1712    1021 33696 454656  0.0 python3", "   1021       1 27520  39480  0.0 python3"]}
palace	UNKNOWN STEP	2026-09-29T18:55:08.7287332Z {"schema": "textlayout.palace-ci-observation.v1", "timestamp": "2026-09-29T18:55:08.706582+00:00", "scope": "host/process diagnostics; not numerical validation", "meminfo": {"unavailable": "OSError"}, "files": {"toolchain.json": {"size_bytes": 3922, "tail": "{\n  \"capability\": {\n    \"available\": true,\n    \"container_digest\": null,\n    \"container_engine\": null,\n    \"container_image\": null,\n    \"executable\": \"/home/runner/.cache/textlayout-palace/spack-opt/linux-x86_64_v3/palace-0.17.0-fc5grs6ugcjdbzpdpqbqsnmf6ejlq4hx/bin/palace\",\n    \"executable_sha256\": \"ad43ec030f51435f32150a5c72cb324ca03083d2ffc2f91405bbf41c6bc2240f\",\n    \"execution_kind\": \"executable\",\n    \"identified\": true,\n    \"mpi_launcher\": \"/usr/bin/mpirun\",\n    \"status\": \"AVAILABLE\",\n    \"unavailable_reason\": null,\n    \"version\": \"0.17.0\"\n  },\n  \"generated_at\": \"2026-09-29T18:43:39+00:00\",\n  \"git_commit\": \"59e8c654c1cfcc84788b488daf0482682bcda2ba\",\n  \"gmsh\": {\n    \"available\": true,\n    \"expected_version\": \"4.15.2\",\n    \"module\": \"/home/runner/work/Text-to-Layout/Text-to-Layout/.venv/lib/python3.12/site-packages/gmsh.py\",\n    \"module_sha256\": \"f4b0935cebde899750293d87a643090e5ea33c9b18d249267f507db68a0e01c3\",\n    \"version\": \"4.15.2\"\n  },\n  \"install_record\": {\n    \"build_stage\": \"/home/runner/.cache/textlayout-palace/build-stage\",\n    \"compiler_and_mpi_tail\": [\n      \"[+] /home/runner/.cache/textlayout-palace/spack-opt/linux-x86_64_v3/palace-0.17.0-fc5grs6ugcjdbzpdpqbqsnmf6ejlq4hx\",\n      \"==> Installing palace-0.17.0-fc5grs6ugcjdbzpdpqbqsnmf6ejlq4hx [63/63]\",\n      \"==> Updating view at /home/runner/.cache/textlayout-palace/environment/.spack-env/view\",\n      \"gcc (Ubuntu 13.3.0-6ubuntu2~24.04.1) 13.3.0\",\n      \"g++ (Ubuntu 13.3.0-6ubuntu2~24.04.1) 13.3.0\",\n      \"GNU Fortran (Ubuntu 13.3.0-6ubuntu2~24.04.1) 13.3.0\",\n      \"mpirun (Open MPI) 4.1.6\",\n      \"\"\n    ],\n    \"compiler_versions\": {\n      \"gcc\": \"gcc (Ubuntu 13.3.0-6ubuntu2~24.04.1) 13.3.0\",\n      \"gfortran\": \"GNU Fortran (Ubuntu 13.3.0-6ubuntu2~24.04.1) 13.3.0\",\n      \"gxx\": \"g++ (Ubuntu 13.3.0-6ubuntu2~24.04.1) 13.3.0\"\n    },\n    \"git_commit\": \"59e8c654c1cfcc84788b488daf0482682bcda2ba\",\n    \"gmsh\": {\n      \"available\": true,\n      \"expected_version\": \"4.15.2\",\n      \"module\": \"/home/runner/work/Text-to-Layout/Text-to-Layout/.venv/lib/python3.12/site-packages/gmsh.py\",\n      \"module_sha256\": \"f4b0935cebde899750293d87a643090e5ea33c9b18d249267f507db68a0e01c3\",\n      \"version\": \"4.15.2\"\n    },\n    \"gmsh_version\": \"4.15.2\",\n    \"install_tree\": \"/home/runner/.cache/textlayout-palace/spack-opt\",\n    \"installed_at\": \"2026-09-29T18:43:21.397659+00:00\",\n    \"mpi_version\": \"mpirun (Open MPI) 4.1.6\",\n    \"native_root\": \"/home/runner/.cache/textlayout-palace\",\n    \"palace_commit\": \"12d8069afb5aa9e169a17e303d735e120968e9f2\",\n    \"palace_executable\": \"/home/runner/.cache/textlayout-palace/spack-opt/linux-x86_64_v3/palace-0.17.0-fc5grs6ugcjdbzpdpqbqsnmf6ejlq4hx/bin/palace\",\n    \"palace_executable_sha256\": \"ad43ec030f51435f32150a5c72cb324ca03083d2ffc2f91405bbf41c6bc2240f\",\n    \"palace_version\": \"0.17.0\",\n    \"requested_version\": \"0.17.0\",\n    \"reused\": false,\n    \"schema\": \"textlayout.palace-install.v1\",\n    \"source_archive\": {\n      \"available\": true,\n      \"path\": \"/home/runner/work/Text-to-Layout/Text-to-Layout/.tools/external/sources/palace-12d8069afb5aa9e169a17e303d735e120968e9f2.tar.gz\",\n      \"sha256\": \"169f7fe210ea6e771a29bfe0803dd84a774b25b00d2aa3a1f33b9d97a510ff9d\",\n      \"size_bytes\": 47331791\n    },\n    \"source_archive_path\": \"/home/runner/work/Text-to-Layout/Text-to-Layout/.tools/external/sources/palace-12d8069afb5aa9e169a17e303d735e120968e9f2.tar.gz\",\n    \"source_archive_sha256\": \"169f7fe210ea6e771a29bfe0803dd84a774b25b00d2aa3a1f33b9d97a510ff9d\",\n    \"spack_commit\": \"0c2be44e4ece21eb091ad5de4c97716b7c6d4c87\",\n    \"spack_environment\": \"external_tools/palace/spack.yaml\",\n    \"spack_packages_commit\": \"a2928a3376d286ddbf07da62847d5ba5b0fa3c67\",\n    \"spack_runtime_cache\": \"/home/runner/.cache/textlayout-palace\",\n    \"spack_version\": \"1.1.0\",\n    \"status\": \"INSTALLED\",\n    \"strategy\": \"pinned_spack_wsl\"\n  },\n  \"required_palace_version\": \"0.17.0\",\n  \"schema\": \"textlayout.palace-toolchain.v1\"\n}\n", "truncated": false}, "resource_decision.json": {"size_bytes": 288, "tail": "{\n  \"accepted_processes\": 2,\n  \"available_mb\": 14806,\n  \"memory_tier\": \"unknown\",\n  \"preflight_peak_mb\": null,\n  \"rationale\": \"no peak-memory estimate available; honouring the requested count\",\n  \"requested_processes\": 2,\n  \"timestamp\": \"2026-09-29T18:43:39+00:00\",\n  \"total_mb\": 15989\n}\n", "truncated": false}, "run_manifest.json": {"unavailable": "FileNotFoundError"}, "base_mesh/mesh_metrics.json": {"size_bytes": 401, "tail": "{\n  \"element_count\": 206137,\n  \"extents\": {\n    \"lateral_margin_um\": 100.0,\n    \"lid_height_um\": 450.0,\n    \"substrate_thickness_um\": 300.0,\n    \"vacuum_height_um\": 300.0\n  },\n  \"mean_quality\": 0.7263143756565194,\n  \"mesh_scale\": 4.0,\n  \"mesh_sha256\": \"d2c7eee442ccec0b5acf7a37a98b61dd305b53bafb68f0d43dab3ba0dc2b069e\",\n  \"minimum_quality\": 0.15838171066132758,\n  \"runtime_seconds\": 7.7689208339998\n}\n", "truncated": false}, "base_mesh/palace_amr.json": {"size_bytes": 2038, "tail": "{\n  \"Boundaries\": {\n    \"PEC\": {\n      \"Attributes\": [\n        10,\n        11,\n        12,\n        30,\n        31\n      ]\n    }\n  },\n  \"Domains\": {\n    \"Materials\": [\n      {\n        \"Attributes\": [\n          1\n        ],\n        \"LossTan\": 1e-06,\n        \"Permeability\": 1.0,\n        \"Permittivity\": 11.45\n      },\n      {\n        \"Attributes\": [\n          2\n        ],\n        \"LossTan\": 1e-06,\n        \"Permeability\": 1.0,\n        \"Permittivity\": 11.45\n      },\n      {\n        \"Attributes\": [\n          3\n        ],\n        \"Permeability\": 1.0,\n        \"Permittivity\": 1.0\n      },\n      {\n        \"Attributes\": [\n          4\n        ],\n        \"Permeability\": 1.0,\n        \"Permittivity\": 1.0\n      },\n      {\n        \"Attributes\": [\n          5\n        ],\n        \"Permeability\": 1.0,\n        \"Permittivity\": 1.0\n      }\n    ],\n    \"Postprocessing\": {\n      \"Energy\": [\n        {\n          \"Attributes\": [\n            1\n          ],\n          \"Index\": 1\n        },\n        {\n          \"Attributes\": [\n            2\n          ],\n          \"Index\": 2\n        },\n        {\n          \"Attributes\": [\n            3\n          ],\n          \"Index\": 3\n        },\n        {\n          \"Attributes\": [\n            4\n          ],\n          \"Index\": 4\n        },\n        {\n          \"Attributes\": [\n            5\n          ],\n          \"Index\": 5\n        }\n      ]\n    }\n  },\n  \"Model\": {\n    \"L0\": 1e-06,\n    \"Mesh\": \"quarter_wave_base.msh\",\n    \"Refinement\": {\n      \"MaxIts\": 4,\n      \"Nonconformal\": false,\n      \"SaveAdaptIterations\": true,\n      \"SaveAdaptMesh\": true,\n      \"Tol\": 0.0001,\n      \"UpdateFraction\": 0.7\n    }\n  },\n  \"Problem\": {\n    \"Output\": \"postpro\",\n    \"OutputFormats\": {\n      \"GridFunction\": true,\n      \"Paraview\": true\n    },\n    \"Type\": \"Eigenmode\",\n    \"Verbose\": 2\n  },\n  \"Solver\": {\n    \"Device\": \"CPU\",\n    \"Eigenmode\": {\n      \"N\": 4,\n      \"Save\": 4,\n      \"Target\": 2.7,\n      \"Tol\": 1e-09\n    },\n    \"Linear\": {\n      \"MaxIts\": 1000,\n      \"Tol\": 1e-09,\n      \"Type\": \"Default\"\n    },\n    \"Order\": 1\n  }\n}\n", "truncated": false}, "base_mesh/palace.stdout.txt": {"size_bytes": 21471, "tail": "r of linear systems solved: 19\n Total number of linear solver iterations: 38\n Found 4 converged eigenvalues (first = 3.731e-01+3.434e-07i)\n\nComputing solution error estimates and performing postprocessing\n\n     m,        Re{f} (GHz),        Im{f} (GHz),                  Q,      Error (Bkwd.),       Error (Abs.)\n     1,      +5.617129e+00,      +2.584731e-06,      +1.086598e+06,      +5.843047e-17,      +6.148347e-12\n Wrote mode 1 to disk (Paraview)\n Wrote mode 1 to disk (grid function)\n     2,      +6.109230e+00,      +2.810907e-06,      +1.086701e+06,      +6.727587e-17,      +7.079106e-12\n Wrote mode 2 to disk (Paraview)\n Wrote mode 2 to disk (grid function)\n     3,      +1.140031e+01,      +5.240650e-06,      +1.087681e+06,      +1.882828e-16,      +1.981212e-11\n Wrote mode 3 to disk (Paraview)\n Wrote mode 3 to disk (grid function)\n     4,      +1.731335e+01,      +7.974160e-06,      +1.085591e+06,      +5.557182e-15,      +5.847594e-10\n Wrote mode 4 to disk (Paraview)\n Wrote mode 4 to disk (grid function)\n\nCumulative timing statistics:\n\nElapsed Time Report (s)           Min.        Max.        Avg.\n==============================================================\nInitialization                   0.552       2.928       1.740\n  Mesh Preprocessing             1.587       3.963       2.775\nOperator Construction           55.209      55.238      55.224\nLinear Solve                    34.697      34.708      34.702\n  Setup                          7.540       7.547       7.543\n  Preconditioner                88.247      88.264      88.256\nEigenvalue Solve                15.981      16.035      16.008\nDiv.-Free Projection            89.399      89.452      89.425\nEstimation                       2.564       2.792       2.678\n  Construction                  49.729      49.736      49.732\n  Solve                         73.042      73.129      73.085\nAdaptation                       3.598       3.625       3.611\n  Rebalancing                    1.822       1.822       1.822\nPostprocessing                  20.782      20.919      20.851\n  Paraview                     151.116     151.119     151.118\n  Grid function                 79.028      79.029      79.028\nDisk IO                          1.232       1.235       1.233\n--------------------------------------------------------------\nTotal                          678.854     678.854     678.854\n\nPeak Memory                   Per-Node       Total   Total HWM\n==============================================================\nInitialization                    4.1M        4.1M        4.1M\n  Mesh Preprocessing            152.4M      152.4M      156.5M\nOperator Construction           297.2M      297.2M      453.8M\nLinear Solve                      0.0K        0.0K      453.8M\n  Setup                           1.5G        1.5G        1.9G\n  Preconditioner                 10.5G       10.5G       12.5G\nEigenvalue Solve                 62.0M       62.0M       12.5G\nDiv.-Free Projection            199.9M      199.9M       12.7G\nEstimation                      697.2M      697.2M       13.4G\n  Construction                    0.0K        0.0K       13.4G\n  Solve                         477.1M      477.1M       13.9G\nAdaptation                        0.0K        0.0K       13.9G\n  Rebalancing                     0.0K        0.0K       13.9G\nPostprocessing                  109.0M      109.0M       14.0G\n  Paraview                       95.3M       95.3M       14.1G\n  Grid function                   0.0K        0.0K       14.1G\nDisk IO                          68.5M       68.5M       14.1G\n--------------------------------------------------------------\nTotal                            14.1G       14.1G       14.1G\nEstimated peak per-rank memory usage is: Min. 6.9G, Max. 7.3G, Avg. 7.1G, Total 14.2G\nEstimated peak per-node memory usage is: Min. 14.2G, Max. 14.2G, Avg. 14.2G, Total 14.2G\n\nAdaptive mesh refinement (AMR) iteration 2:\n Indicator norm = 3.846e-01, global unknowns = 924336\n Max. iterations = 4, tol. = 1.000e-04\n Marked 127539/759141 elements for refinement (70.00% of the error, \u03b8 = 0.70)\n", "truncated": true}, "base_mesh/palace.stderr.txt": {"size_bytes": 0, "tail": "", "truncated": false}, "base_mesh/resource_summary.json": {"unavailable": "FileNotFoundError"}, "base_mesh/resource_samples.json": {"unavailable": "FileNotFoundError"}}, "cgroup_path": "/system.slice/hosted-compute-agent.service", "cgroup_memory": {"memory.current": {"size_bytes": 0, "tail": "8080338944\n", "truncated": false}, "memory.peak": {"size_bytes": 0, "tail": "15845789696\n", "truncated": false}, "memory.max": {"size_bytes": 0, "tail": "max\n", "truncated": false}, "memory.events": {"size_bytes": 0, "tail": "low 0\nhigh 0\nmax 0\noom 0\noom_kill 0\noom_group_kill 0\n", "truncated": false}}, "process_columns": "pid ppid rss_KiB vsz_KiB cpu_percent command_name", "largest_processes": [" 679867  679825 3676648 4043236 99.9 palace-x86_64.b", " 679870  679825 3563680 3885628 99.9 palace-x86_64.b", "   2046    2044 112688 1431512 0.3 provjobd1305015", "   2112    2090 68932 274614748 0.4 Runner.Worker", "   1154       1 64772 2127092 0.0 dockerd", "   2090    2032 57796 274345452 0.0 Runner.Listener", " 679567  679564 54172 1295176 1.5 textlayout", "    987       1 45784 295280  0.0 php-fpm8.3", "    225       1 43716 305388  0.0 multipathd", "   1063       1 42496 1960992 0.0 containerd", "   1712    1021 33704 454656  0.0 python3", "   1021       1 27520  39480  0.0 python3"]}
palace	UNKNOWN STEP	2026-09-29T18:55:38.7425328Z {"schema": "textlayout.palace-ci-observation.v1", "timestamp": "2026-09-29T18:55:38.722038+00:00", "scope": "host/process diagnostics; not numerical validation", "meminfo": {"unavailable": "OSError"}, "files": {"toolchain.json": {"size_bytes": 3922, "tail": "{\n  \"capability\": {\n    \"available\": true,\n    \"container_digest\": null,\n    \"container_engine\": null,\n    \"container_image\": null,\n    \"executable\": \"/home/runner/.cache/textlayout-palace/spack-opt/linux-x86_64_v3/palace-0.17.0-fc5grs6ugcjdbzpdpqbqsnmf6ejlq4hx/bin/palace\",\n    \"executable_sha256\": \"ad43ec030f51435f32150a5c72cb324ca03083d2ffc2f91405bbf41c6bc2240f\",\n    \"execution_kind\": \"executable\",\n    \"identified\": true,\n    \"mpi_launcher\": \"/usr/bin/mpirun\",\n    \"status\": \"AVAILABLE\",\n    \"unavailable_reason\": null,\n    \"version\": \"0.17.0\"\n  },\n  \"generated_at\": \"2026-09-29T18:43:39+00:00\",\n  \"git_commit\": \"59e8c654c1cfcc84788b488daf0482682bcda2ba\",\n  \"gmsh\": {\n    \"available\": true,\n    \"expected_version\": \"4.15.2\",\n    \"module\": \"/home/runner/work/Text-to-Layout/Text-to-Layout/.venv/lib/python3.12/site-packages/gmsh.py\",\n    \"module_sha256\": \"f4b0935cebde899750293d87a643090e5ea33c9b18d249267f507db68a0e01c3\",\n    \"version\": \"4.15.2\"\n  },\n  \"install_record\": {\n    \"build_stage\": \"/home/runner/.cache/textlayout-palace/build-stage\",\n    \"compiler_and_mpi_tail\": [\n      \"[+] /home/runner/.cache/textlayout-palace/spack-opt/linux-x86_64_v3/palace-0.17.0-fc5grs6ugcjdbzpdpqbqsnmf6ejlq4hx\",\n      \"==> Installing palace-0.17.0-fc5grs6ugcjdbzpdpqbqsnmf6ejlq4hx [63/63]\",\n      \"==> Updating view at /home/runner/.cache/textlayout-palace/environment/.spack-env/view\",\n      \"gcc (Ubuntu 13.3.0-6ubuntu2~24.04.1) 13.3.0\",\n      \"g++ (Ubuntu 13.3.0-6ubuntu2~24.04.1) 13.3.0\",\n      \"GNU Fortran (Ubuntu 13.3.0-6ubuntu2~24.04.1) 13.3.0\",\n      \"mpirun (Open MPI) 4.1.6\",\n      \"\"\n    ],\n    \"compiler_versions\": {\n      \"gcc\": \"gcc (Ubuntu 13.3.0-6ubuntu2~24.04.1) 13.3.0\",\n      \"gfortran\": \"GNU Fortran (Ubuntu 13.3.0-6ubuntu2~24.04.1) 13.3.0\",\n      \"gxx\": \"g++ (Ubuntu 13.3.0-6ubuntu2~24.04.1) 13.3.0\"\n    },\n    \"git_commit\": \"59e8c654c1cfcc84788b488daf0482682bcda2ba\",\n    \"gmsh\": {\n      \"available\": true,\n      \"expected_version\": \"4.15.2\",\n      \"module\": \"/home/runner/work/Text-to-Layout/Text-to-Layout/.venv/lib/python3.12/site-packages/gmsh.py\",\n      \"module_sha256\": \"f4b0935cebde899750293d87a643090e5ea33c9b18d249267f507db68a0e01c3\",\n      \"version\": \"4.15.2\"\n    },\n    \"gmsh_version\": \"4.15.2\",\n    \"install_tree\": \"/home/runner/.cache/textlayout-palace/spack-opt\",\n    \"installed_at\": \"2026-09-29T18:43:21.397659+00:00\",\n    \"mpi_version\": \"mpirun (Open MPI) 4.1.6\",\n    \"native_root\": \"/home/runner/.cache/textlayout-palace\",\n    \"palace_commit\": \"12d8069afb5aa9e169a17e303d735e120968e9f2\",\n    \"palace_executable\": \"/home/runner/.cache/textlayout-palace/spack-opt/linux-x86_64_v3/palace-0.17.0-fc5grs6ugcjdbzpdpqbqsnmf6ejlq4hx/bin/palace\",\n    \"palace_executable_sha256\": \"ad43ec030f51435f32150a5c72cb324ca03083d2ffc2f91405bbf41c6bc2240f\",\n    \"palace_version\": \"0.17.0\",\n    \"requested_version\": \"0.17.0\",\n    \"reused\": false,\n    \"schema\": \"textlayout.palace-install.v1\",\n    \"source_archive\": {\n      \"available\": true,\n      \"path\": \"/home/runner/work/Text-to-Layout/Text-to-Layout/.tools/external/sources/palace-12d8069afb5aa9e169a17e303d735e120968e9f2.tar.gz\",\n      \"sha256\": \"169f7fe210ea6e771a29bfe0803dd84a774b25b00d2aa3a1f33b9d97a510ff9d\",\n      \"size_bytes\": 47331791\n    },\n    \"source_archive_path\": \"/home/runner/work/Text-to-Layout/Text-to-Layout/.tools/external/sources/palace-12d8069afb5aa9e169a17e303d735e120968e9f2.tar.gz\",\n    \"source_archive_sha256\": \"169f7fe210ea6e771a29bfe0803dd84a774b25b00d2aa3a1f33b9d97a510ff9d\",\n    \"spack_commit\": \"0c2be44e4ece21eb091ad5de4c97716b7c6d4c87\",\n    \"spack_environment\": \"external_tools/palace/spack.yaml\",\n    \"spack_packages_commit\": \"a2928a3376d286ddbf07da62847d5ba5b0fa3c67\",\n    \"spack_runtime_cache\": \"/home/runner/.cache/textlayout-palace\",\n    \"spack_version\": \"1.1.0\",\n    \"status\": \"INSTALLED\",\n    \"strategy\": \"pinned_spack_wsl\"\n  },\n  \"required_palace_version\": \"0.17.0\",\n  \"schema\": \"textlayout.palace-toolchain.v1\"\n}\n", "truncated": false}, "resource_decision.json": {"size_bytes": 288, "tail": "{\n  \"accepted_processes\": 2,\n  \"available_mb\": 14806,\n  \"memory_tier\": \"unknown\",\n  \"preflight_peak_mb\": null,\n  \"rationale\": \"no peak-memory estimate available; honouring the requested count\",\n  \"requested_processes\": 2,\n  \"timestamp\": \"2026-09-29T18:43:39+00:00\",\n  \"total_mb\": 15989\n}\n", "truncated": false}, "run_manifest.json": {"unavailable": "FileNotFoundError"}, "base_mesh/mesh_metrics.json": {"size_bytes": 401, "tail": "{\n  \"element_count\": 206137,\n  \"extents\": {\n    \"lateral_margin_um\": 100.0,\n    \"lid_height_um\": 450.0,\n    \"substrate_thickness_um\": 300.0,\n    \"vacuum_height_um\": 300.0\n  },\n  \"mean_quality\": 0.7263143756565194,\n  \"mesh_scale\": 4.0,\n  \"mesh_sha256\": \"d2c7eee442ccec0b5acf7a37a98b61dd305b53bafb68f0d43dab3ba0dc2b069e\",\n  \"minimum_quality\": 0.15838171066132758,\n  \"runtime_seconds\": 7.7689208339998\n}\n", "truncated": false}, "base_mesh/palace_amr.json": {"size_bytes": 2038, "tail": "{\n  \"Boundaries\": {\n    \"PEC\": {\n      \"Attributes\": [\n        10,\n        11,\n        12,\n        30,\n        31\n      ]\n    }\n  },\n  \"Domains\": {\n    \"Materials\": [\n      {\n        \"Attributes\": [\n          1\n        ],\n        \"LossTan\": 1e-06,\n        \"Permeability\": 1.0,\n        \"Permittivity\": 11.45\n      },\n      {\n        \"Attributes\": [\n          2\n        ],\n        \"LossTan\": 1e-06,\n        \"Permeability\": 1.0,\n        \"Permittivity\": 11.45\n      },\n      {\n        \"Attributes\": [\n          3\n        ],\n        \"Permeability\": 1.0,\n        \"Permittivity\": 1.0\n      },\n      {\n        \"Attributes\": [\n          4\n        ],\n        \"Permeability\": 1.0,\n        \"Permittivity\": 1.0\n      },\n      {\n        \"Attributes\": [\n          5\n        ],\n        \"Permeability\": 1.0,\n        \"Permittivity\": 1.0\n      }\n    ],\n    \"Postprocessing\": {\n      \"Energy\": [\n        {\n          \"Attributes\": [\n            1\n          ],\n          \"Index\": 1\n        },\n        {\n          \"Attributes\": [\n            2\n          ],\n          \"Index\": 2\n        },\n        {\n          \"Attributes\": [\n            3\n          ],\n          \"Index\": 3\n        },\n        {\n          \"Attributes\": [\n            4\n          ],\n          \"Index\": 4\n        },\n        {\n          \"Attributes\": [\n            5\n          ],\n          \"Index\": 5\n        }\n      ]\n    }\n  },\n  \"Model\": {\n    \"L0\": 1e-06,\n    \"Mesh\": \"quarter_wave_base.msh\",\n    \"Refinement\": {\n      \"MaxIts\": 4,\n      \"Nonconformal\": false,\n      \"SaveAdaptIterations\": true,\n      \"SaveAdaptMesh\": true,\n      \"Tol\": 0.0001,\n      \"UpdateFraction\": 0.7\n    }\n  },\n  \"Problem\": {\n    \"Output\": \"postpro\",\n    \"OutputFormats\": {\n      \"GridFunction\": true,\n      \"Paraview\": true\n    },\n    \"Type\": \"Eigenmode\",\n    \"Verbose\": 2\n  },\n  \"Solver\": {\n    \"Device\": \"CPU\",\n    \"Eigenmode\": {\n      \"N\": 4,\n      \"Save\": 4,\n      \"Target\": 2.7,\n      \"Tol\": 1e-09\n    },\n    \"Linear\": {\n      \"MaxIts\": 1000,\n      \"Tol\": 1e-09,\n      \"Type\": \"Default\"\n    },\n    \"Order\": 1\n  }\n}\n", "truncated": false}, "base_mesh/palace.stdout.txt": {"size_bytes": 21558, "tail": "onverged eigenvalues (first = 3.731e-01+3.434e-07i)\n\nComputing solution error estimates and performing postprocessing\n\n     m,        Re{f} (GHz),        Im{f} (GHz),                  Q,      Error (Bkwd.),       Error (Abs.)\n     1,      +5.617129e+00,      +2.584731e-06,      +1.086598e+06,      +5.843047e-17,      +6.148347e-12\n Wrote mode 1 to disk (Paraview)\n Wrote mode 1 to disk (grid function)\n     2,      +6.109230e+00,      +2.810907e-06,      +1.086701e+06,      +6.727587e-17,      +7.079106e-12\n Wrote mode 2 to disk (Paraview)\n Wrote mode 2 to disk (grid function)\n     3,      +1.140031e+01,      +5.240650e-06,      +1.087681e+06,      +1.882828e-16,      +1.981212e-11\n Wrote mode 3 to disk (Paraview)\n Wrote mode 3 to disk (grid function)\n     4,      +1.731335e+01,      +7.974160e-06,      +1.085591e+06,      +5.557182e-15,      +5.847594e-10\n Wrote mode 4 to disk (Paraview)\n Wrote mode 4 to disk (grid function)\n\nCumulative timing statistics:\n\nElapsed Time Report (s)           Min.        Max.        Avg.\n==============================================================\nInitialization                   0.552       2.928       1.740\n  Mesh Preprocessing             1.587       3.963       2.775\nOperator Construction           55.209      55.238      55.224\nLinear Solve                    34.697      34.708      34.702\n  Setup                          7.540       7.547       7.543\n  Preconditioner                88.247      88.264      88.256\nEigenvalue Solve                15.981      16.035      16.008\nDiv.-Free Projection            89.399      89.452      89.425\nEstimation                       2.564       2.792       2.678\n  Construction                  49.729      49.736      49.732\n  Solve                         73.042      73.129      73.085\nAdaptation                       3.598       3.625       3.611\n  Rebalancing                    1.822       1.822       1.822\nPostprocessing                  20.782      20.919      20.851\n  Paraview                     151.116     151.119     151.118\n  Grid function                 79.028      79.029      79.028\nDisk IO                          1.232       1.235       1.233\n--------------------------------------------------------------\nTotal                          678.854     678.854     678.854\n\nPeak Memory                   Per-Node       Total   Total HWM\n==============================================================\nInitialization                    4.1M        4.1M        4.1M\n  Mesh Preprocessing            152.4M      152.4M      156.5M\nOperator Construction           297.2M      297.2M      453.8M\nLinear Solve                      0.0K        0.0K      453.8M\n  Setup                           1.5G        1.5G        1.9G\n  Preconditioner                 10.5G       10.5G       12.5G\nEigenvalue Solve                 62.0M       62.0M       12.5G\nDiv.-Free Projection            199.9M      199.9M       12.7G\nEstimation                      697.2M      697.2M       13.4G\n  Construction                    0.0K        0.0K       13.4G\n  Solve                         477.1M      477.1M       13.9G\nAdaptation                        0.0K        0.0K       13.9G\n  Rebalancing                     0.0K        0.0K       13.9G\nPostprocessing                  109.0M      109.0M       14.0G\n  Paraview                       95.3M       95.3M       14.1G\n  Grid function                   0.0K        0.0K       14.1G\nDisk IO                          68.5M       68.5M       14.1G\n--------------------------------------------------------------\nTotal                            14.1G       14.1G       14.1G\nEstimated peak per-rank memory usage is: Min. 6.9G, Max. 7.3G, Avg. 7.1G, Total 14.2G\nEstimated peak per-node memory usage is: Min. 14.2G, Max. 14.2G, Avg. 14.2G, Total 14.2G\n\nAdaptive mesh refinement (AMR) iteration 2:\n Indicator norm = 3.846e-01, global unknowns = 924336\n Max. iterations = 4, tol. = 1.000e-04\n Marked 127539/759141 elements for refinement (70.00% of the error, \u03b8 = 0.70)\n Conforming mesh refinement added 2607704 elements (initial = 759141, final = 3366845)\n", "truncated": true}, "base_mesh/palace.stderr.txt": {"size_bytes": 0, "tail": "", "truncated": false}, "base_mesh/resource_summary.json": {"unavailable": "FileNotFoundError"}, "base_mesh/resource_samples.json": {"unavailable": "FileNotFoundError"}}, "cgroup_path": "/system.slice/hosted-compute-agent.service", "cgroup_memory": {"memory.current": {"size_bytes": 0, "tail": "8115183616\n", "truncated": false}, "memory.peak": {"size_bytes": 0, "tail": "15845789696\n", "truncated": false}, "memory.max": {"size_bytes": 0, "tail": "max\n", "truncated": false}, "memory.events": {"size_bytes": 0, "tail": "low 0\nhigh 0\nmax 0\noom 0\noom_kill 0\noom_group_kill 0\n", "truncated": false}}, "process_columns": "pid ppid rss_KiB vsz_KiB cpu_percent command_name", "largest_processes": [" 679867  679825 3706776 4043236 99.9 palace-x86_64.b", " 679870  679825 3563868 3885628 99.9 palace-x86_64.b", "   2046    2044 112688 1431512 0.3 provjobd1305015", "   2112    2090 72376 274614764 0.4 Runner.Worker", "   1154       1 64772 2127092 0.0 dockerd", "   2090    2032 57872 274345452 0.0 Runner.Listener", " 679567  679564 54176 1295176 1.4 textlayout", "    987       1 45784 295280  0.0 php-fpm8.3", "    225       1 43716 305388  0.0 multipathd", "   1063       1 42496 1960992 0.0 containerd", "   1712    1021 33704 454656  0.0 python3", "   1021       1 27520  39480  0.0 python3"]}
palace	UNKNOWN STEP	2026-09-29T18:56:08.7627788Z {"schema": "textlayout.palace-ci-observation.v1", "timestamp": "2026-09-29T18:56:08.737177+00:00", "scope": "host/process diagnostics; not numerical validation", "meminfo": {"unavailable": "OSError"}, "files": {"toolchain.json": {"size_bytes": 3922, "tail": "{\n  \"capability\": {\n    \"available\": true,\n    \"container_digest\": null,\n    \"container_engine\": null,\n    \"container_image\": null,\n    \"executable\": \"/home/runner/.cache/textlayout-palace/spack-opt/linux-x86_64_v3/palace-0.17.0-fc5grs6ugcjdbzpdpqbqsnmf6ejlq4hx/bin/palace\",\n    \"executable_sha256\": \"ad43ec030f51435f32150a5c72cb324ca03083d2ffc2f91405bbf41c6bc2240f\",\n    \"execution_kind\": \"executable\",\n    \"identified\": true,\n    \"mpi_launcher\": \"/usr/bin/mpirun\",\n    \"status\": \"AVAILABLE\",\n    \"unavailable_reason\": null,\n    \"version\": \"0.17.0\"\n  },\n  \"generated_at\": \"2026-09-29T18:43:39+00:00\",\n  \"git_commit\": \"59e8c654c1cfcc84788b488daf0482682bcda2ba\",\n  \"gmsh\": {\n    \"available\": true,\n    \"expected_version\": \"4.15.2\",\n    \"module\": \"/home/runner/work/Text-to-Layout/Text-to-Layout/.venv/lib/python3.12/site-packages/gmsh.py\",\n    \"module_sha256\": \"f4b0935cebde899750293d87a643090e5ea33c9b18d249267f507db68a0e01c3\",\n    \"version\": \"4.15.2\"\n  },\n  \"install_record\": {\n    \"build_stage\": \"/home/runner/.cache/textlayout-palace/build-stage\",\n    \"compiler_and_mpi_tail\": [\n      \"[+] /home/runner/.cache/textlayout-palace/spack-opt/linux-x86_64_v3/palace-0.17.0-fc5grs6ugcjdbzpdpqbqsnmf6ejlq4hx\",\n      \"==> Installing palace-0.17.0-fc5grs6ugcjdbzpdpqbqsnmf6ejlq4hx [63/63]\",\n      \"==> Updating view at /home/runner/.cache/textlayout-palace/environment/.spack-env/view\",\n      \"gcc (Ubuntu 13.3.0-6ubuntu2~24.04.1) 13.3.0\",\n      \"g++ (Ubuntu 13.3.0-6ubuntu2~24.04.1) 13.3.0\",\n      \"GNU Fortran (Ubuntu 13.3.0-6ubuntu2~24.04.1) 13.3.0\",\n      \"mpirun (Open MPI) 4.1.6\",\n      \"\"\n    ],\n    \"compiler_versions\": {\n      \"gcc\": \"gcc (Ubuntu 13.3.0-6ubuntu2~24.04.1) 13.3.0\",\n      \"gfortran\": \"GNU Fortran (Ubuntu 13.3.0-6ubuntu2~24.04.1) 13.3.0\",\n      \"gxx\": \"g++ (Ubuntu 13.3.0-6ubuntu2~24.04.1) 13.3.0\"\n    },\n    \"git_commit\": \"59e8c654c1cfcc84788b488daf0482682bcda2ba\",\n    \"gmsh\": {\n      \"available\": true,\n      \"expected_version\": \"4.15.2\",\n      \"module\": \"/home/runner/work/Text-to-Layout/Text-to-Layout/.venv/lib/python3.12/site-packages/gmsh.py\",\n      \"module_sha256\": \"f4b0935cebde899750293d87a643090e5ea33c9b18d249267f507db68a0e01c3\",\n      \"version\": \"4.15.2\"\n    },\n    \"gmsh_version\": \"4.15.2\",\n    \"install_tree\": \"/home/runner/.cache/textlayout-palace/spack-opt\",\n    \"installed_at\": \"2026-09-29T18:43:21.397659+00:00\",\n    \"mpi_version\": \"mpirun (Open MPI) 4.1.6\",\n    \"native_root\": \"/home/runner/.cache/textlayout-palace\",\n    \"palace_commit\": \"12d8069afb5aa9e169a17e303d735e120968e9f2\",\n    \"palace_executable\": \"/home/runner/.cache/textlayout-palace/spack-opt/linux-x86_64_v3/palace-0.17.0-fc5grs6ugcjdbzpdpqbqsnmf6ejlq4hx/bin/palace\",\n    \"palace_executable_sha256\": \"ad43ec030f51435f32150a5c72cb324ca03083d2ffc2f91405bbf41c6bc2240f\",\n    \"palace_version\": \"0.17.0\",\n    \"requested_version\": \"0.17.0\",\n    \"reused\": false,\n    \"schema\": \"textlayout.palace-install.v1\",\n    \"source_archive\": {\n      \"available\": true,\n      \"path\": \"/home/runner/work/Text-to-Layout/Text-to-Layout/.tools/external/sources/palace-12d8069afb5aa9e169a17e303d735e120968e9f2.tar.gz\",\n      \"sha256\": \"169f7fe210ea6e771a29bfe0803dd84a774b25b00d2aa3a1f33b9d97a510ff9d\",\n      \"size_bytes\": 47331791\n    },\n    \"source_archive_path\": \"/home/runner/work/Text-to-Layout/Text-to-Layout/.tools/external/sources/palace-12d8069afb5aa9e169a17e303d735e120968e9f2.tar.gz\",\n    \"source_archive_sha256\": \"169f7fe210ea6e771a29bfe0803dd84a774b25b00d2aa3a1f33b9d97a510ff9d\",\n    \"spack_commit\": \"0c2be44e4ece21eb091ad5de4c97716b7c6d4c87\",\n    \"spack_environment\": \"external_tools/palace/spack.yaml\",\n    \"spack_packages_commit\": \"a2928a3376d286ddbf07da62847d5ba5b0fa3c67\",\n    \"spack_runtime_cache\": \"/home/runner/.cache/textlayout-palace\",\n    \"spack_version\": \"1.1.0\",\n    \"status\": \"INSTALLED\",\n    \"strategy\": \"pinned_spack_wsl\"\n  },\n  \"required_palace_version\": \"0.17.0\",\n  \"schema\": \"textlayout.palace-toolchain.v1\"\n}\n", "truncated": false}, "resource_decision.json": {"size_bytes": 288, "tail": "{\n  \"accepted_processes\": 2,\n  \"available_mb\": 14806,\n  \"memory_tier\": \"unknown\",\n  \"preflight_peak_mb\": null,\n  \"rationale\": \"no peak-memory estimate available; honouring the requested count\",\n  \"requested_processes\": 2,\n  \"timestamp\": \"2026-09-29T18:43:39+00:00\",\n  \"total_mb\": 15989\n}\n", "truncated": false}, "run_manifest.json": {"unavailable": "FileNotFoundError"}, "base_mesh/mesh_metrics.json": {"size_bytes": 401, "tail": "{\n  \"element_count\": 206137,\n  \"extents\": {\n    \"lateral_margin_um\": 100.0,\n    \"lid_height_um\": 450.0,\n    \"substrate_thickness_um\": 300.0,\n    \"vacuum_height_um\": 300.0\n  },\n  \"mean_quality\": 0.7263143756565194,\n  \"mesh_scale\": 4.0,\n  \"mesh_sha256\": \"d2c7eee442ccec0b5acf7a37a98b61dd305b53bafb68f0d43dab3ba0dc2b069e\",\n  \"minimum_quality\": 0.15838171066132758,\n  \"runtime_seconds\": 7.7689208339998\n}\n", "truncated": false}, "base_mesh/palace_amr.json": {"size_bytes": 2038, "tail": "{\n  \"Boundaries\": {\n    \"PEC\": {\n      \"Attributes\": [\n        10,\n        11,\n        12,\n        30,\n        31\n      ]\n    }\n  },\n  \"Domains\": {\n    \"Materials\": [\n      {\n        \"Attributes\": [\n          1\n        ],\n        \"LossTan\": 1e-06,\n        \"Permeability\": 1.0,\n        \"Permittivity\": 11.45\n      },\n      {\n        \"Attributes\": [\n          2\n        ],\n        \"LossTan\": 1e-06,\n        \"Permeability\": 1.0,\n        \"Permittivity\": 11.45\n      },\n      {\n        \"Attributes\": [\n          3\n        ],\n        \"Permeability\": 1.0,\n        \"Permittivity\": 1.0\n      },\n      {\n        \"Attributes\": [\n          4\n        ],\n        \"Permeability\": 1.0,\n        \"Permittivity\": 1.0\n      },\n      {\n        \"Attributes\": [\n          5\n        ],\n        \"Permeability\": 1.0,\n        \"Permittivity\": 1.0\n      }\n    ],\n    \"Postprocessing\": {\n      \"Energy\": [\n        {\n          \"Attributes\": [\n            1\n          ],\n          \"Index\": 1\n        },\n        {\n          \"Attributes\": [\n            2\n          ],\n          \"Index\": 2\n        },\n        {\n          \"Attributes\": [\n            3\n          ],\n          \"Index\": 3\n        },\n        {\n          \"Attributes\": [\n            4\n          ],\n          \"Index\": 4\n        },\n        {\n          \"Attributes\": [\n            5\n          ],\n          \"Index\": 5\n        }\n      ]\n    }\n  },\n  \"Model\": {\n    \"L0\": 1e-06,\n    \"Mesh\": \"quarter_wave_base.msh\",\n    \"Refinement\": {\n      \"MaxIts\": 4,\n      \"Nonconformal\": false,\n      \"SaveAdaptIterations\": true,\n      \"SaveAdaptMesh\": true,\n      \"Tol\": 0.0001,\n      \"UpdateFraction\": 0.7\n    }\n  },\n  \"Problem\": {\n    \"Output\": \"postpro\",\n    \"OutputFormats\": {\n      \"GridFunction\": true,\n      \"Paraview\": true\n    },\n    \"Type\": \"Eigenmode\",\n    \"Verbose\": 2\n  },\n  \"Solver\": {\n    \"Device\": \"CPU\",\n    \"Eigenmode\": {\n      \"N\": 4,\n      \"Save\": 4,\n      \"Target\": 2.7,\n      \"Tol\": 1e-09\n    },\n    \"Linear\": {\n      \"MaxIts\": 1000,\n      \"Tol\": 1e-09,\n      \"Type\": \"Default\"\n    },\n    \"Order\": 1\n  }\n}\n", "truncated": false}, "base_mesh/palace.stdout.txt": {"size_bytes": 21558, "tail": "onverged eigenvalues (first = 3.731e-01+3.434e-07i)\n\nComputing solution error estimates and performing postprocessing\n\n     m,        Re{f} (GHz),        Im{f} (GHz),                  Q,      Error (Bkwd.),       Error (Abs.)\n     1,      +5.617129e+00,      +2.584731e-06,      +1.086598e+06,      +5.843047e-17,      +6.148347e-12\n Wrote mode 1 to disk (Paraview)\n Wrote mode 1 to disk (grid function)\n     2,      +6.109230e+00,      +2.810907e-06,      +1.086701e+06,      +6.727587e-17,      +7.079106e-12\n Wrote mode 2 to disk (Paraview)\n Wrote mode 2 to disk (grid function)\n     3,      +1.140031e+01,      +5.240650e-06,      +1.087681e+06,      +1.882828e-16,      +1.981212e-11\n Wrote mode 3 to disk (Paraview)\n Wrote mode 3 to disk (grid function)\n     4,      +1.731335e+01,      +7.974160e-06,      +1.085591e+06,      +5.557182e-15,      +5.847594e-10\n Wrote mode 4 to disk (Paraview)\n Wrote mode 4 to disk (grid function)\n\nCumulative timing statistics:\n\nElapsed Time Report (s)           Min.        Max.        Avg.\n==============================================================\nInitialization                   0.552       2.928       1.740\n  Mesh Preprocessing             1.587       3.963       2.775\nOperator Construction           55.209      55.238      55.224\nLinear Solve                    34.697      34.708      34.702\n  Setup                          7.540       7.547       7.543\n  Preconditioner                88.247      88.264      88.256\nEigenvalue Solve                15.981      16.035      16.008\nDiv.-Free Projection            89.399      89.452      89.425\nEstimation                       2.564       2.792       2.678\n  Construction                  49.729      49.736      49.732\n  Solve                         73.042      73.129      73.085\nAdaptation                       3.598       3.625       3.611\n  Rebalancing                    1.822       1.822       1.822\nPostprocessing                  20.782      20.919      20.851\n  Paraview                     151.116     151.119     151.118\n  Grid function                 79.028      79.029      79.028\nDisk IO                          1.232       1.235       1.233\n--------------------------------------------------------------\nTotal                          678.854     678.854     678.854\n\nPeak Memory                   Per-Node       Total   Total HWM\n==============================================================\nInitialization                    4.1M        4.1M        4.1M\n  Mesh Preprocessing            152.4M      152.4M      156.5M\nOperator Construction           297.2M      297.2M      453.8M\nLinear Solve                      0.0K        0.0K      453.8M\n  Setup                           1.5G        1.5G        1.9G\n  Preconditioner                 10.5G       10.5G       12.5G\nEigenvalue Solve                 62.0M       62.0M       12.5G\nDiv.-Free Projection            199.9M      199.9M       12.7G\nEstimation                      697.2M      697.2M       13.4G\n  Construction                    0.0K        0.0K       13.4G\n  Solve                         477.1M      477.1M       13.9G\nAdaptation                        0.0K        0.0K       13.9G\n  Rebalancing                     0.0K        0.0K       13.9G\nPostprocessing                  109.0M      109.0M       14.0G\n  Paraview                       95.3M       95.3M       14.1G\n  Grid function                   0.0K        0.0K       14.1G\nDisk IO                          68.5M       68.5M       14.1G\n--------------------------------------------------------------\nTotal                            14.1G       14.1G       14.1G\nEstimated peak per-rank memory usage is: Min. 6.9G, Max. 7.3G, Avg. 7.1G, Total 14.2G\nEstimated peak per-node memory usage is: Min. 14.2G, Max. 14.2G, Avg. 14.2G, Total 14.2G\n\nAdaptive mesh refinement (AMR) iteration 2:\n Indicator norm = 3.846e-01, global unknowns = 924336\n Max. iterations = 4, tol. = 1.000e-04\n Marked 127539/759141 elements for refinement (70.00% of the error, \u03b8 = 0.70)\n Conforming mesh refinement added 2607704 elements (initial = 759141, final = 3366845)\n", "truncated": true}, "base_mesh/palace.stderr.txt": {"size_bytes": 0, "tail": "", "truncated": false}, "base_mesh/resource_summary.json": {"unavailable": "FileNotFoundError"}, "base_mesh/resource_samples.json": {"unavailable": "FileNotFoundError"}}, "cgroup_path": "/system.slice/hosted-compute-agent.service", "cgroup_memory": {"memory.current": {"size_bytes": 0, "tail": "8282718208\n", "truncated": false}, "memory.peak": {"size_bytes": 0, "tail": "15845789696\n", "truncated": false}, "memory.max": {"size_bytes": 0, "tail": "max\n", "truncated": false}, "memory.events": {"size_bytes": 0, "tail": "low 0\nhigh 0\nmax 0\noom 0\noom_kill 0\noom_group_kill 0\n", "truncated": false}}, "process_columns": "pid ppid rss_KiB vsz_KiB cpu_percent command_name", "largest_processes": [" 679867  679825 3706940 4043236 99.9 palace-x86_64.b", " 679870  679825 3563972 3885628 99.9 palace-x86_64.b", "   2046    2044 112688 1431512 0.3 provjobd1305015", "   2112    2090 72388 274614748 0.4 Runner.Worker", "   1154       1 64772 2127092 0.0 dockerd", "   2090    2032 57872 274345452 0.0 Runner.Listener", " 679567  679564 54184 1295176 1.4 textlayout", "    987       1 45784 295280  0.0 php-fpm8.3", "    225       1 43716 305388  0.0 multipathd", "   1063       1 42496 1960992 0.0 containerd", "   1712    1021 33704 454656  0.0 python3", "   1021       1 27520  39480  0.0 python3"]}
palace	UNKNOWN STEP	2026-09-29T18:56:38.7780348Z {"schema": "textlayout.palace-ci-observation.v1", "timestamp": "2026-09-29T18:56:38.756174+00:00", "scope": "host/process diagnostics; not numerical validation", "meminfo": {"unavailable": "OSError"}, "files": {"toolchain.json": {"size_bytes": 3922, "tail": "{\n  \"capability\": {\n    \"available\": true,\n    \"container_digest\": null,\n    \"container_engine\": null,\n    \"container_image\": null,\n    \"executable\": \"/home/runner/.cache/textlayout-palace/spack-opt/linux-x86_64_v3/palace-0.17.0-fc5grs6ugcjdbzpdpqbqsnmf6ejlq4hx/bin/palace\",\n    \"executable_sha256\": \"ad43ec030f51435f32150a5c72cb324ca03083d2ffc2f91405bbf41c6bc2240f\",\n    \"execution_kind\": \"executable\",\n    \"identified\": true,\n    \"mpi_launcher\": \"/usr/bin/mpirun\",\n    \"status\": \"AVAILABLE\",\n    \"unavailable_reason\": null,\n    \"version\": \"0.17.0\"\n  },\n  \"generated_at\": \"2026-09-29T18:43:39+00:00\",\n  \"git_commit\": \"59e8c654c1cfcc84788b488daf0482682bcda2ba\",\n  \"gmsh\": {\n    \"available\": true,\n    \"expected_version\": \"4.15.2\",\n    \"module\": \"/home/runner/work/Text-to-Layout/Text-to-Layout/.venv/lib/python3.12/site-packages/gmsh.py\",\n    \"module_sha256\": \"f4b0935cebde899750293d87a643090e5ea33c9b18d249267f507db68a0e01c3\",\n    \"version\": \"4.15.2\"\n  },\n  \"install_record\": {\n    \"build_stage\": \"/home/runner/.cache/textlayout-palace/build-stage\",\n    \"compiler_and_mpi_tail\": [\n      \"[+] /home/runner/.cache/textlayout-palace/spack-opt/linux-x86_64_v3/palace-0.17.0-fc5grs6ugcjdbzpdpqbqsnmf6ejlq4hx\",\n      \"==> Installing palace-0.17.0-fc5grs6ugcjdbzpdpqbqsnmf6ejlq4hx [63/63]\",\n      \"==> Updating view at /home/runner/.cache/textlayout-palace/environment/.spack-env/view\",\n      \"gcc (Ubuntu 13.3.0-6ubuntu2~24.04.1) 13.3.0\",\n      \"g++ (Ubuntu 13.3.0-6ubuntu2~24.04.1) 13.3.0\",\n      \"GNU Fortran (Ubuntu 13.3.0-6ubuntu2~24.04.1) 13.3.0\",\n      \"mpirun (Open MPI) 4.1.6\",\n      \"\"\n    ],\n    \"compiler_versions\": {\n      \"gcc\": \"gcc (Ubuntu 13.3.0-6ubuntu2~24.04.1) 13.3.0\",\n      \"gfortran\": \"GNU Fortran (Ubuntu 13.3.0-6ubuntu2~24.04.1) 13.3.0\",\n      \"gxx\": \"g++ (Ubuntu 13.3.0-6ubuntu2~24.04.1) 13.3.0\"\n    },\n    \"git_commit\": \"59e8c654c1cfcc84788b488daf0482682bcda2ba\",\n    \"gmsh\": {\n      \"available\": true,\n      \"expected_version\": \"4.15.2\",\n      \"module\": \"/home/runner/work/Text-to-Layout/Text-to-Layout/.venv/lib/python3.12/site-packages/gmsh.py\",\n      \"module_sha256\": \"f4b0935cebde899750293d87a643090e5ea33c9b18d249267f507db68a0e01c3\",\n      \"version\": \"4.15.2\"\n    },\n    \"gmsh_version\": \"4.15.2\",\n    \"install_tree\": \"/home/runner/.cache/textlayout-palace/spack-opt\",\n    \"installed_at\": \"2026-09-29T18:43:21.397659+00:00\",\n    \"mpi_version\": \"mpirun (Open MPI) 4.1.6\",\n    \"native_root\": \"/home/runner/.cache/textlayout-palace\",\n    \"palace_commit\": \"12d8069afb5aa9e169a17e303d735e120968e9f2\",\n    \"palace_executable\": \"/home/runner/.cache/textlayout-palace/spack-opt/linux-x86_64_v3/palace-0.17.0-fc5grs6ugcjdbzpdpqbqsnmf6ejlq4hx/bin/palace\",\n    \"palace_executable_sha256\": \"ad43ec030f51435f32150a5c72cb324ca03083d2ffc2f91405bbf41c6bc2240f\",\n    \"palace_version\": \"0.17.0\",\n    \"requested_version\": \"0.17.0\",\n    \"reused\": false,\n    \"schema\": \"textlayout.palace-install.v1\",\n    \"source_archive\": {\n      \"available\": true,\n      \"path\": \"/home/runner/work/Text-to-Layout/Text-to-Layout/.tools/external/sources/palace-12d8069afb5aa9e169a17e303d735e120968e9f2.tar.gz\",\n      \"sha256\": \"169f7fe210ea6e771a29bfe0803dd84a774b25b00d2aa3a1f33b9d97a510ff9d\",\n      \"size_bytes\": 47331791\n    },\n    \"source_archive_path\": \"/home/runner/work/Text-to-Layout/Text-to-Layout/.tools/external/sources/palace-12d8069afb5aa9e169a17e303d735e120968e9f2.tar.gz\",\n    \"source_archive_sha256\": \"169f7fe210ea6e771a29bfe0803dd84a774b25b00d2aa3a1f33b9d97a510ff9d\",\n    \"spack_commit\": \"0c2be44e4ece21eb091ad5de4c97716b7c6d4c87\",\n    \"spack_environment\": \"external_tools/palace/spack.yaml\",\n    \"spack_packages_commit\": \"a2928a3376d286ddbf07da62847d5ba5b0fa3c67\",\n    \"spack_runtime_cache\": \"/home/runner/.cache/textlayout-palace\",\n    \"spack_version\": \"1.1.0\",\n    \"status\": \"INSTALLED\",\n    \"strategy\": \"pinned_spack_wsl\"\n  },\n  \"required_palace_version\": \"0.17.0\",\n  \"schema\": \"textlayout.palace-toolchain.v1\"\n}\n", "truncated": false}, "resource_decision.json": {"size_bytes": 288, "tail": "{\n  \"accepted_processes\": 2,\n  \"available_mb\": 14806,\n  \"memory_tier\": \"unknown\",\n  \"preflight_peak_mb\": null,\n  \"rationale\": \"no peak-memory estimate available; honouring the requested count\",\n  \"requested_processes\": 2,\n  \"timestamp\": \"2026-09-29T18:43:39+00:00\",\n  \"total_mb\": 15989\n}\n", "truncated": false}, "run_manifest.json": {"unavailable": "FileNotFoundError"}, "base_mesh/mesh_metrics.json": {"size_bytes": 401, "tail": "{\n  \"element_count\": 206137,\n  \"extents\": {\n    \"lateral_margin_um\": 100.0,\n    \"lid_height_um\": 450.0,\n    \"substrate_thickness_um\": 300.0,\n    \"vacuum_height_um\": 300.0\n  },\n  \"mean_quality\": 0.7263143756565194,\n  \"mesh_scale\": 4.0,\n  \"mesh_sha256\": \"d2c7eee442ccec0b5acf7a37a98b61dd305b53bafb68f0d43dab3ba0dc2b069e\",\n  \"minimum_quality\": 0.15838171066132758,\n  \"runtime_seconds\": 7.7689208339998\n}\n", "truncated": false}, "base_mesh/palace_amr.json": {"size_bytes": 2038, "tail": "{\n  \"Boundaries\": {\n    \"PEC\": {\n      \"Attributes\": [\n        10,\n        11,\n        12,\n        30,\n        31\n      ]\n    }\n  },\n  \"Domains\": {\n    \"Materials\": [\n      {\n        \"Attributes\": [\n          1\n        ],\n        \"LossTan\": 1e-06,\n        \"Permeability\": 1.0,\n        \"Permittivity\": 11.45\n      },\n      {\n        \"Attributes\": [\n          2\n        ],\n        \"LossTan\": 1e-06,\n        \"Permeability\": 1.0,\n        \"Permittivity\": 11.45\n      },\n      {\n        \"Attributes\": [\n          3\n        ],\n        \"Permeability\": 1.0,\n        \"Permittivity\": 1.0\n      },\n      {\n        \"Attributes\": [\n          4\n        ],\n        \"Permeability\": 1.0,\n        \"Permittivity\": 1.0\n      },\n      {\n        \"Attributes\": [\n          5\n        ],\n        \"Permeability\": 1.0,\n        \"Permittivity\": 1.0\n      }\n    ],\n    \"Postprocessing\": {\n      \"Energy\": [\n        {\n          \"Attributes\": [\n            1\n          ],\n          \"Index\": 1\n        },\n        {\n          \"Attributes\": [\n            2\n          ],\n          \"Index\": 2\n        },\n        {\n          \"Attributes\": [\n            3\n          ],\n          \"Index\": 3\n        },\n        {\n          \"Attributes\": [\n            4\n          ],\n          \"Index\": 4\n        },\n        {\n          \"Attributes\": [\n            5\n          ],\n          \"Index\": 5\n        }\n      ]\n    }\n  },\n  \"Model\": {\n    \"L0\": 1e-06,\n    \"Mesh\": \"quarter_wave_base.msh\",\n    \"Refinement\": {\n      \"MaxIts\": 4,\n      \"Nonconformal\": false,\n      \"SaveAdaptIterations\": true,\n      \"SaveAdaptMesh\": true,\n      \"Tol\": 0.0001,\n      \"UpdateFraction\": 0.7\n    }\n  },\n  \"Problem\": {\n    \"Output\": \"postpro\",\n    \"OutputFormats\": {\n      \"GridFunction\": true,\n      \"Paraview\": true\n    },\n    \"Type\": \"Eigenmode\",\n    \"Verbose\": 2\n  },\n  \"Solver\": {\n    \"Device\": \"CPU\",\n    \"Eigenmode\": {\n      \"N\": 4,\n      \"Save\": 4,\n      \"Target\": 2.7,\n      \"Tol\": 1e-09\n    },\n    \"Linear\": {\n      \"MaxIts\": 1000,\n      \"Tol\": 1e-09,\n      \"Type\": \"Default\"\n    },\n    \"Order\": 1\n  }\n}\n", "truncated": false}, "base_mesh/palace.stdout.txt": {"size_bytes": 21558, "tail": "onverged eigenvalues (first = 3.731e-01+3.434e-07i)\n\nComputing solution error estimates and performing postprocessing\n\n     m,        Re{f} (GHz),        Im{f} (GHz),                  Q,      Error (Bkwd.),       Error (Abs.)\n     1,      +5.617129e+00,      +2.584731e-06,      +1.086598e+06,      +5.843047e-17,      +6.148347e-12\n Wrote mode 1 to disk (Paraview)\n Wrote mode 1 to disk (grid function)\n     2,      +6.109230e+00,      +2.810907e-06,      +1.086701e+06,      +6.727587e-17,      +7.079106e-12\n Wrote mode 2 to disk (Paraview)\n Wrote mode 2 to disk (grid function)\n     3,      +1.140031e+01,      +5.240650e-06,      +1.087681e+06,      +1.882828e-16,      +1.981212e-11\n Wrote mode 3 to disk (Paraview)\n Wrote mode 3 to disk (grid function)\n     4,      +1.731335e+01,      +7.974160e-06,      +1.085591e+06,      +5.557182e-15,      +5.847594e-10\n Wrote mode 4 to disk (Paraview)\n Wrote mode 4 to disk (grid function)\n\nCumulative timing statistics:\n\nElapsed Time Report (s)           Min.        Max.        Avg.\n==============================================================\nInitialization                   0.552       2.928       1.740\n  Mesh Preprocessing             1.587       3.963       2.775\nOperator Construction           55.209      55.238      55.224\nLinear Solve                    34.697      34.708      34.702\n  Setup                          7.540       7.547       7.543\n  Preconditioner                88.247      88.264      88.256\nEigenvalue Solve                15.981      16.035      16.008\nDiv.-Free Projection            89.399      89.452      89.425\nEstimation                       2.564       2.792       2.678\n  Construction                  49.729      49.736      49.732\n  Solve                         73.042      73.129      73.085\nAdaptation                       3.598       3.625       3.611\n  Rebalancing                    1.822       1.822       1.822\nPostprocessing                  20.782      20.919      20.851\n  Paraview                     151.116     151.119     151.118\n  Grid function                 79.028      79.029      79.028\nDisk IO                          1.232       1.235       1.233\n--------------------------------------------------------------\nTotal                          678.854     678.854     678.854\n\nPeak Memory                   Per-Node       Total   Total HWM\n==============================================================\nInitialization                    4.1M        4.1M        4.1M\n  Mesh Preprocessing            152.4M      152.4M      156.5M\nOperator Construction           297.2M      297.2M      453.8M\nLinear Solve                      0.0K        0.0K      453.8M\n  Setup                           1.5G        1.5G        1.9G\n  Preconditioner                 10.5G       10.5G       12.5G\nEigenvalue Solve                 62.0M       62.0M       12.5G\nDiv.-Free Projection            199.9M      199.9M       12.7G\nEstimation                      697.2M      697.2M       13.4G\n  Construction                    0.0K        0.0K       13.4G\n  Solve                         477.1M      477.1M       13.9G\nAdaptation                        0.0K        0.0K       13.9G\n  Rebalancing                     0.0K        0.0K       13.9G\nPostprocessing                  109.0M      109.0M       14.0G\n  Paraview                       95.3M       95.3M       14.1G\n  Grid function                   0.0K        0.0K       14.1G\nDisk IO                          68.5M       68.5M       14.1G\n--------------------------------------------------------------\nTotal                            14.1G       14.1G       14.1G\nEstimated peak per-rank memory usage is: Min. 6.9G, Max. 7.3G, Avg. 7.1G, Total 14.2G\nEstimated peak per-node memory usage is: Min. 14.2G, Max. 14.2G, Avg. 14.2G, Total 14.2G\n\nAdaptive mesh refinement (AMR) iteration 2:\n Indicator norm = 3.846e-01, global unknowns = 924336\n Max. iterations = 4, tol. = 1.000e-04\n Marked 127539/759141 elements for refinement (70.00% of the error, \u03b8 = 0.70)\n Conforming mesh refinement added 2607704 elements (initial = 759141, final = 3366845)\n", "truncated": true}, "base_mesh/palace.stderr.txt": {"size_bytes": 0, "tail": "", "truncated": false}, "base_mesh/resource_summary.json": {"unavailable": "FileNotFoundError"}, "base_mesh/resource_samples.json": {"unavailable": "FileNotFoundError"}}, "cgroup_path": "/system.slice/hosted-compute-agent.service", "cgroup_memory": {"memory.current": {"size_bytes": 0, "tail": "8307281920\n", "truncated": false}, "memory.peak": {"size_bytes": 0, "tail": "15845789696\n", "truncated": false}, "memory.max": {"size_bytes": 0, "tail": "max\n", "truncated": false}, "memory.events": {"size_bytes": 0, "tail": "low 0\nhigh 0\nmax 0\noom 0\noom_kill 0\noom_group_kill 0\n", "truncated": false}}, "process_columns": "pid ppid rss_KiB vsz_KiB cpu_percent command_name", "largest_processes": [" 679867  679825 3720280 4043236 99.9 palace-x86_64.b", " 679870  679825 3563972 3885628 99.9 palace-x86_64.b", "   2046    2044 112692 1431512 0.3 provjobd1305015", "   2112    2090 72388 274614748 0.4 Runner.Worker", "   2090    2032 69808 274345468 0.0 Runner.Listener", "   1154       1 64772 2127092 0.0 dockerd", " 679567  679564 54188 1295176 1.4 textlayout", "    987       1 45784 295280  0.0 php-fpm8.3", "    225       1 43716 305388  0.0 multipathd", "   1063       1 42496 1960992 0.0 containerd", "   1712    1021 33704 454656  0.0 python3", "   1021       1 27520  39480  0.0 python3"]}
palace	UNKNOWN STEP	2026-09-29T18:57:08.7909979Z {"schema": "textlayout.palace-ci-observation.v1", "timestamp": "2026-09-29T18:57:08.771638+00:00", "scope": "host/process diagnostics; not numerical validation", "meminfo": {"unavailable": "OSError"}, "files": {"toolchain.json": {"size_bytes": 3922, "tail": "{\n  \"capability\": {\n    \"available\": true,\n    \"container_digest\": null,\n    \"container_engine\": null,\n    \"container_image\": null,\n    \"executable\": \"/home/runner/.cache/textlayout-palace/spack-opt/linux-x86_64_v3/palace-0.17.0-fc5grs6ugcjdbzpdpqbqsnmf6ejlq4hx/bin/palace\",\n    \"executable_sha256\": \"ad43ec030f51435f32150a5c72cb324ca03083d2ffc2f91405bbf41c6bc2240f\",\n    \"execution_kind\": \"executable\",\n    \"identified\": true,\n    \"mpi_launcher\": \"/usr/bin/mpirun\",\n    \"status\": \"AVAILABLE\",\n    \"unavailable_reason\": null,\n    \"version\": \"0.17.0\"\n  },\n  \"generated_at\": \"2026-09-29T18:43:39+00:00\",\n  \"git_commit\": \"59e8c654c1cfcc84788b488daf0482682bcda2ba\",\n  \"gmsh\": {\n    \"available\": true,\n    \"expected_version\": \"4.15.2\",\n    \"module\": \"/home/runner/work/Text-to-Layout/Text-to-Layout/.venv/lib/python3.12/site-packages/gmsh.py\",\n    \"module_sha256\": \"f4b0935cebde899750293d87a643090e5ea33c9b18d249267f507db68a0e01c3\",\n    \"version\": \"4.15.2\"\n  },\n  \"install_record\": {\n    \"build_stage\": \"/home/runner/.cache/textlayout-palace/build-stage\",\n    \"compiler_and_mpi_tail\": [\n      \"[+] /home/runner/.cache/textlayout-palace/spack-opt/linux-x86_64_v3/palace-0.17.0-fc5grs6ugcjdbzpdpqbqsnmf6ejlq4hx\",\n      \"==> Installing palace-0.17.0-fc5grs6ugcjdbzpdpqbqsnmf6ejlq4hx [63/63]\",\n      \"==> Updating view at /home/runner/.cache/textlayout-palace/environment/.spack-env/view\",\n      \"gcc (Ubuntu 13.3.0-6ubuntu2~24.04.1) 13.3.0\",\n      \"g++ (Ubuntu 13.3.0-6ubuntu2~24.04.1) 13.3.0\",\n      \"GNU Fortran (Ubuntu 13.3.0-6ubuntu2~24.04.1) 13.3.0\",\n      \"mpirun (Open MPI) 4.1.6\",\n      \"\"\n    ],\n    \"compiler_versions\": {\n      \"gcc\": \"gcc (Ubuntu 13.3.0-6ubuntu2~24.04.1) 13.3.0\",\n      \"gfortran\": \"GNU Fortran (Ubuntu 13.3.0-6ubuntu2~24.04.1) 13.3.0\",\n      \"gxx\": \"g++ (Ubuntu 13.3.0-6ubuntu2~24.04.1) 13.3.0\"\n    },\n    \"git_commit\": \"59e8c654c1cfcc84788b488daf0482682bcda2ba\",\n    \"gmsh\": {\n      \"available\": true,\n      \"expected_version\": \"4.15.2\",\n      \"module\": \"/home/runner/work/Text-to-Layout/Text-to-Layout/.venv/lib/python3.12/site-packages/gmsh.py\",\n      \"module_sha256\": \"f4b0935cebde899750293d87a643090e5ea33c9b18d249267f507db68a0e01c3\",\n      \"version\": \"4.15.2\"\n    },\n    \"gmsh_version\": \"4.15.2\",\n    \"install_tree\": \"/home/runner/.cache/textlayout-palace/spack-opt\",\n    \"installed_at\": \"2026-09-29T18:43:21.397659+00:00\",\n    \"mpi_version\": \"mpirun (Open MPI) 4.1.6\",\n    \"native_root\": \"/home/runner/.cache/textlayout-palace\",\n    \"palace_commit\": \"12d8069afb5aa9e169a17e303d735e120968e9f2\",\n    \"palace_executable\": \"/home/runner/.cache/textlayout-palace/spack-opt/linux-x86_64_v3/palace-0.17.0-fc5grs6ugcjdbzpdpqbqsnmf6ejlq4hx/bin/palace\",\n    \"palace_executable_sha256\": \"ad43ec030f51435f32150a5c72cb324ca03083d2ffc2f91405bbf41c6bc2240f\",\n    \"palace_version\": \"0.17.0\",\n    \"requested_version\": \"0.17.0\",\n    \"reused\": false,\n    \"schema\": \"textlayout.palace-install.v1\",\n    \"source_archive\": {\n      \"available\": true,\n      \"path\": \"/home/runner/work/Text-to-Layout/Text-to-Layout/.tools/external/sources/palace-12d8069afb5aa9e169a17e303d735e120968e9f2.tar.gz\",\n      \"sha256\": \"169f7fe210ea6e771a29bfe0803dd84a774b25b00d2aa3a1f33b9d97a510ff9d\",\n      \"size_bytes\": 47331791\n    },\n    \"source_archive_path\": \"/home/runner/work/Text-to-Layout/Text-to-Layout/.tools/external/sources/palace-12d8069afb5aa9e169a17e303d735e120968e9f2.tar.gz\",\n    \"source_archive_sha256\": \"169f7fe210ea6e771a29bfe0803dd84a774b25b00d2aa3a1f33b9d97a510ff9d\",\n    \"spack_commit\": \"0c2be44e4ece21eb091ad5de4c97716b7c6d4c87\",\n    \"spack_environment\": \"external_tools/palace/spack.yaml\",\n    \"spack_packages_commit\": \"a2928a3376d286ddbf07da62847d5ba5b0fa3c67\",\n    \"spack_runtime_cache\": \"/home/runner/.cache/textlayout-palace\",\n    \"spack_version\": \"1.1.0\",\n    \"status\": \"INSTALLED\",\n    \"strategy\": \"pinned_spack_wsl\"\n  },\n  \"required_palace_version\": \"0.17.0\",\n  \"schema\": \"textlayout.palace-toolchain.v1\"\n}\n", "truncated": false}, "resource_decision.json": {"size_bytes": 288, "tail": "{\n  \"accepted_processes\": 2,\n  \"available_mb\": 14806,\n  \"memory_tier\": \"unknown\",\n  \"preflight_peak_mb\": null,\n  \"rationale\": \"no peak-memory estimate available; honouring the requested count\",\n  \"requested_processes\": 2,\n  \"timestamp\": \"2026-09-29T18:43:39+00:00\",\n  \"total_mb\": 15989\n}\n", "truncated": false}, "run_manifest.json": {"unavailable": "FileNotFoundError"}, "base_mesh/mesh_metrics.json": {"size_bytes": 401, "tail": "{\n  \"element_count\": 206137,\n  \"extents\": {\n    \"lateral_margin_um\": 100.0,\n    \"lid_height_um\": 450.0,\n    \"substrate_thickness_um\": 300.0,\n    \"vacuum_height_um\": 300.0\n  },\n  \"mean_quality\": 0.7263143756565194,\n  \"mesh_scale\": 4.0,\n  \"mesh_sha256\": \"d2c7eee442ccec0b5acf7a37a98b61dd305b53bafb68f0d43dab3ba0dc2b069e\",\n  \"minimum_quality\": 0.15838171066132758,\n  \"runtime_seconds\": 7.7689208339998\n}\n", "truncated": false}, "base_mesh/palace_amr.json": {"size_bytes": 2038, "tail": "{\n  \"Boundaries\": {\n    \"PEC\": {\n      \"Attributes\": [\n        10,\n        11,\n        12,\n        30,\n        31\n      ]\n    }\n  },\n  \"Domains\": {\n    \"Materials\": [\n      {\n        \"Attributes\": [\n          1\n        ],\n        \"LossTan\": 1e-06,\n        \"Permeability\": 1.0,\n        \"Permittivity\": 11.45\n      },\n      {\n        \"Attributes\": [\n          2\n        ],\n        \"LossTan\": 1e-06,\n        \"Permeability\": 1.0,\n        \"Permittivity\": 11.45\n      },\n      {\n        \"Attributes\": [\n          3\n        ],\n        \"Permeability\": 1.0,\n        \"Permittivity\": 1.0\n      },\n      {\n        \"Attributes\": [\n          4\n        ],\n        \"Permeability\": 1.0,\n        \"Permittivity\": 1.0\n      },\n      {\n        \"Attributes\": [\n          5\n        ],\n        \"Permeability\": 1.0,\n        \"Permittivity\": 1.0\n      }\n    ],\n    \"Postprocessing\": {\n      \"Energy\": [\n        {\n          \"Attributes\": [\n            1\n          ],\n          \"Index\": 1\n        },\n        {\n          \"Attributes\": [\n            2\n          ],\n          \"Index\": 2\n        },\n        {\n          \"Attributes\": [\n            3\n          ],\n          \"Index\": 3\n        },\n        {\n          \"Attributes\": [\n            4\n          ],\n          \"Index\": 4\n        },\n        {\n          \"Attributes\": [\n            5\n          ],\n          \"Index\": 5\n        }\n      ]\n    }\n  },\n  \"Model\": {\n    \"L0\": 1e-06,\n    \"Mesh\": \"quarter_wave_base.msh\",\n    \"Refinement\": {\n      \"MaxIts\": 4,\n      \"Nonconformal\": false,\n      \"SaveAdaptIterations\": true,\n      \"SaveAdaptMesh\": true,\n      \"Tol\": 0.0001,\n      \"UpdateFraction\": 0.7\n    }\n  },\n  \"Problem\": {\n    \"Output\": \"postpro\",\n    \"OutputFormats\": {\n      \"GridFunction\": true,\n      \"Paraview\": true\n    },\n    \"Type\": \"Eigenmode\",\n    \"Verbose\": 2\n  },\n  \"Solver\": {\n    \"Device\": \"CPU\",\n    \"Eigenmode\": {\n      \"N\": 4,\n      \"Save\": 4,\n      \"Target\": 2.7,\n      \"Tol\": 1e-09\n    },\n    \"Linear\": {\n      \"MaxIts\": 1000,\n      \"Tol\": 1e-09,\n      \"Type\": \"Default\"\n    },\n    \"Order\": 1\n  }\n}\n", "truncated": false}, "base_mesh/palace.stdout.txt": {"size_bytes": 21558, "tail": "onverged eigenvalues (first = 3.731e-01+3.434e-07i)\n\nComputing solution error estimates and performing postprocessing\n\n     m,        Re{f} (GHz),        Im{f} (GHz),                  Q,      Error (Bkwd.),       Error (Abs.)\n     1,      +5.617129e+00,      +2.584731e-06,      +1.086598e+06,      +5.843047e-17,      +6.148347e-12\n Wrote mode 1 to disk (Paraview)\n Wrote mode 1 to disk (grid function)\n     2,      +6.109230e+00,      +2.810907e-06,      +1.086701e+06,      +6.727587e-17,      +7.079106e-12\n Wrote mode 2 to disk (Paraview)\n Wrote mode 2 to disk (grid function)\n     3,      +1.140031e+01,      +5.240650e-06,      +1.087681e+06,      +1.882828e-16,      +1.981212e-11\n Wrote mode 3 to disk (Paraview)\n Wrote mode 3 to disk (grid function)\n     4,      +1.731335e+01,      +7.974160e-06,      +1.085591e+06,      +5.557182e-15,      +5.847594e-10\n Wrote mode 4 to disk (Paraview)\n Wrote mode 4 to disk (grid function)\n\nCumulative timing statistics:\n\nElapsed Time Report (s)           Min.        Max.        Avg.\n==============================================================\nInitialization                   0.552       2.928       1.740\n  Mesh Preprocessing             1.587       3.963       2.775\nOperator Construction           55.209      55.238      55.224\nLinear Solve                    34.697      34.708      34.702\n  Setup                          7.540       7.547       7.543\n  Preconditioner                88.247      88.264      88.256\nEigenvalue Solve                15.981      16.035      16.008\nDiv.-Free Projection            89.399      89.452      89.425\nEstimation                       2.564       2.792       2.678\n  Construction                  49.729      49.736      49.732\n  Solve                         73.042      73.129      73.085\nAdaptation                       3.598       3.625       3.611\n  Rebalancing                    1.822       1.822       1.822\nPostprocessing                  20.782      20.919      20.851\n  Paraview                     151.116     151.119     151.118\n  Grid function                 79.028      79.029      79.028\nDisk IO                          1.232       1.235       1.233\n--------------------------------------------------------------\nTotal                          678.854     678.854     678.854\n\nPeak Memory                   Per-Node       Total   Total HWM\n==============================================================\nInitialization                    4.1M        4.1M        4.1M\n  Mesh Preprocessing            152.4M      152.4M      156.5M\nOperator Construction           297.2M      297.2M      453.8M\nLinear Solve                      0.0K        0.0K      453.8M\n  Setup                           1.5G        1.5G        1.9G\n  Preconditioner                 10.5G       10.5G       12.5G\nEigenvalue Solve                 62.0M       62.0M       12.5G\nDiv.-Free Projection            199.9M      199.9M       12.7G\nEstimation                      697.2M      697.2M       13.4G\n  Construction                    0.0K        0.0K       13.4G\n  Solve                         477.1M      477.1M       13.9G\nAdaptation                        0.0K        0.0K       13.9G\n  Rebalancing                     0.0K        0.0K       13.9G\nPostprocessing                  109.0M      109.0M       14.0G\n  Paraview                       95.3M       95.3M       14.1G\n  Grid function                   0.0K        0.0K       14.1G\nDisk IO                          68.5M       68.5M       14.1G\n--------------------------------------------------------------\nTotal                            14.1G       14.1G       14.1G\nEstimated peak per-rank memory usage is: Min. 6.9G, Max. 7.3G, Avg. 7.1G, Total 14.2G\nEstimated peak per-node memory usage is: Min. 14.2G, Max. 14.2G, Avg. 14.2G, Total 14.2G\n\nAdaptive mesh refinement (AMR) iteration 2:\n Indicator norm = 3.846e-01, global unknowns = 924336\n Max. iterations = 4, tol. = 1.000e-04\n Marked 127539/759141 elements for refinement (70.00% of the error, \u03b8 = 0.70)\n Conforming mesh refinement added 2607704 elements (initial = 759141, final = 3366845)\n", "truncated": true}, "base_mesh/palace.stderr.txt": {"size_bytes": 0, "tail": "", "truncated": false}, "base_mesh/resource_summary.json": {"unavailable": "FileNotFoundError"}, "base_mesh/resource_samples.json": {"unavailable": "FileNotFoundError"}}, "cgroup_path": "/system.slice/hosted-compute-agent.service", "cgroup_memory": {"memory.current": {"size_bytes": 0, "tail": "8300085248\n", "truncated": false}, "memory.peak": {"size_bytes": 0, "tail": "15845789696\n", "truncated": false}, "memory.max": {"size_bytes": 0, "tail": "max\n", "truncated": false}, "memory.events": {"size_bytes": 0, "tail": "low 0\nhigh 0\nmax 0\noom 0\noom_kill 0\noom_group_kill 0\n", "truncated": false}}, "process_columns": "pid ppid rss_KiB vsz_KiB cpu_percent command_name", "largest_processes": [" 679867  679825 3720392 4043236 99.9 palace-x86_64.b", " 679870  679825 3564084 3885628 99.9 palace-x86_64.b", "   2046    2044 112692 1431512 0.3 provjobd1305015", "   2112    2090 72388 274614748 0.4 Runner.Worker", "   2090    2032 69816 274345436 0.0 Runner.Listener", "   1154       1 64772 2127092 0.0 dockerd", " 679567  679564 54196 1295176 1.3 textlayout", "    987       1 45784 295280  0.0 php-fpm8.3", "    225       1 43716 305388  0.0 multipathd", "   1063       1 42496 1960992 0.0 containerd", "   1712    1021 33704 454656  0.0 python3", "   1021       1 27520  39480  0.0 python3"]}
palace	UNKNOWN STEP	2026-09-29T18:57:38.8075772Z {"schema": "textlayout.palace-ci-observation.v1", "timestamp": "2026-09-29T18:57:38.785863+00:00", "scope": "host/process diagnostics; not numerical validation", "meminfo": {"unavailable": "OSError"}, "files": {"toolchain.json": {"size_bytes": 3922, "tail": "{\n  \"capability\": {\n    \"available\": true,\n    \"container_digest\": null,\n    \"container_engine\": null,\n    \"container_image\": null,\n    \"executable\": \"/home/runner/.cache/textlayout-palace/spack-opt/linux-x86_64_v3/palace-0.17.0-fc5grs6ugcjdbzpdpqbqsnmf6ejlq4hx/bin/palace\",\n    \"executable_sha256\": \"ad43ec030f51435f32150a5c72cb324ca03083d2ffc2f91405bbf41c6bc2240f\",\n    \"execution_kind\": \"executable\",\n    \"identified\": true,\n    \"mpi_launcher\": \"/usr/bin/mpirun\",\n    \"status\": \"AVAILABLE\",\n    \"unavailable_reason\": null,\n    \"version\": \"0.17.0\"\n  },\n  \"generated_at\": \"2026-09-29T18:43:39+00:00\",\n  \"git_commit\": \"59e8c654c1cfcc84788b488daf0482682bcda2ba\",\n  \"gmsh\": {\n    \"available\": true,\n    \"expected_version\": \"4.15.2\",\n    \"module\": \"/home/runner/work/Text-to-Layout/Text-to-Layout/.venv/lib/python3.12/site-packages/gmsh.py\",\n    \"module_sha256\": \"f4b0935cebde899750293d87a643090e5ea33c9b18d249267f507db68a0e01c3\",\n    \"version\": \"4.15.2\"\n  },\n  \"install_record\": {\n    \"build_stage\": \"/home/runner/.cache/textlayout-palace/build-stage\",\n    \"compiler_and_mpi_tail\": [\n      \"[+] /home/runner/.cache/textlayout-palace/spack-opt/linux-x86_64_v3/palace-0.17.0-fc5grs6ugcjdbzpdpqbqsnmf6ejlq4hx\",\n      \"==> Installing palace-0.17.0-fc5grs6ugcjdbzpdpqbqsnmf6ejlq4hx [63/63]\",\n      \"==> Updating view at /home/runner/.cache/textlayout-palace/environment/.spack-env/view\",\n      \"gcc (Ubuntu 13.3.0-6ubuntu2~24.04.1) 13.3.0\",\n      \"g++ (Ubuntu 13.3.0-6ubuntu2~24.04.1) 13.3.0\",\n      \"GNU Fortran (Ubuntu 13.3.0-6ubuntu2~24.04.1) 13.3.0\",\n      \"mpirun (Open MPI) 4.1.6\",\n      \"\"\n    ],\n    \"compiler_versions\": {\n      \"gcc\": \"gcc (Ubuntu 13.3.0-6ubuntu2~24.04.1) 13.3.0\",\n      \"gfortran\": \"GNU Fortran (Ubuntu 13.3.0-6ubuntu2~24.04.1) 13.3.0\",\n      \"gxx\": \"g++ (Ubuntu 13.3.0-6ubuntu2~24.04.1) 13.3.0\"\n    },\n    \"git_commit\": \"59e8c654c1cfcc84788b488daf0482682bcda2ba\",\n    \"gmsh\": {\n      \"available\": true,\n      \"expected_version\": \"4.15.2\",\n      \"module\": \"/home/runner/work/Text-to-Layout/Text-to-Layout/.venv/lib/python3.12/site-packages/gmsh.py\",\n      \"module_sha256\": \"f4b0935cebde899750293d87a643090e5ea33c9b18d249267f507db68a0e01c3\",\n      \"version\": \"4.15.2\"\n    },\n    \"gmsh_version\": \"4.15.2\",\n    \"install_tree\": \"/home/runner/.cache/textlayout-palace/spack-opt\",\n    \"installed_at\": \"2026-09-29T18:43:21.397659+00:00\",\n    \"mpi_version\": \"mpirun (Open MPI) 4.1.6\",\n    \"native_root\": \"/home/runner/.cache/textlayout-palace\",\n    \"palace_commit\": \"12d8069afb5aa9e169a17e303d735e120968e9f2\",\n    \"palace_executable\": \"/home/runner/.cache/textlayout-palace/spack-opt/linux-x86_64_v3/palace-0.17.0-fc5grs6ugcjdbzpdpqbqsnmf6ejlq4hx/bin/palace\",\n    \"palace_executable_sha256\": \"ad43ec030f51435f32150a5c72cb324ca03083d2ffc2f91405bbf41c6bc2240f\",\n    \"palace_version\": \"0.17.0\",\n    \"requested_version\": \"0.17.0\",\n    \"reused\": false,\n    \"schema\": \"textlayout.palace-install.v1\",\n    \"source_archive\": {\n      \"available\": true,\n      \"path\": \"/home/runner/work/Text-to-Layout/Text-to-Layout/.tools/external/sources/palace-12d8069afb5aa9e169a17e303d735e120968e9f2.tar.gz\",\n      \"sha256\": \"169f7fe210ea6e771a29bfe0803dd84a774b25b00d2aa3a1f33b9d97a510ff9d\",\n      \"size_bytes\": 47331791\n    },\n    \"source_archive_path\": \"/home/runner/work/Text-to-Layout/Text-to-Layout/.tools/external/sources/palace-12d8069afb5aa9e169a17e303d735e120968e9f2.tar.gz\",\n    \"source_archive_sha256\": \"169f7fe210ea6e771a29bfe0803dd84a774b25b00d2aa3a1f33b9d97a510ff9d\",\n    \"spack_commit\": \"0c2be44e4ece21eb091ad5de4c97716b7c6d4c87\",\n    \"spack_environment\": \"external_tools/palace/spack.yaml\",\n    \"spack_packages_commit\": \"a2928a3376d286ddbf07da62847d5ba5b0fa3c67\",\n    \"spack_runtime_cache\": \"/home/runner/.cache/textlayout-palace\",\n    \"spack_version\": \"1.1.0\",\n    \"status\": \"INSTALLED\",\n    \"strategy\": \"pinned_spack_wsl\"\n  },\n  \"required_palace_version\": \"0.17.0\",\n  \"schema\": \"textlayout.palace-toolchain.v1\"\n}\n", "truncated": false}, "resource_decision.json": {"size_bytes": 288, "tail": "{\n  \"accepted_processes\": 2,\n  \"available_mb\": 14806,\n  \"memory_tier\": \"unknown\",\n  \"preflight_peak_mb\": null,\n  \"rationale\": \"no peak-memory estimate available; honouring the requested count\",\n  \"requested_processes\": 2,\n  \"timestamp\": \"2026-09-29T18:43:39+00:00\",\n  \"total_mb\": 15989\n}\n", "truncated": false}, "run_manifest.json": {"unavailable": "FileNotFoundError"}, "base_mesh/mesh_metrics.json": {"size_bytes": 401, "tail": "{\n  \"element_count\": 206137,\n  \"extents\": {\n    \"lateral_margin_um\": 100.0,\n    \"lid_height_um\": 450.0,\n    \"substrate_thickness_um\": 300.0,\n    \"vacuum_height_um\": 300.0\n  },\n  \"mean_quality\": 0.7263143756565194,\n  \"mesh_scale\": 4.0,\n  \"mesh_sha256\": \"d2c7eee442ccec0b5acf7a37a98b61dd305b53bafb68f0d43dab3ba0dc2b069e\",\n  \"minimum_quality\": 0.15838171066132758,\n  \"runtime_seconds\": 7.7689208339998\n}\n", "truncated": false}, "base_mesh/palace_amr.json": {"size_bytes": 2038, "tail": "{\n  \"Boundaries\": {\n    \"PEC\": {\n      \"Attributes\": [\n        10,\n        11,\n        12,\n        30,\n        31\n      ]\n    }\n  },\n  \"Domains\": {\n    \"Materials\": [\n      {\n        \"Attributes\": [\n          1\n        ],\n        \"LossTan\": 1e-06,\n        \"Permeability\": 1.0,\n        \"Permittivity\": 11.45\n      },\n      {\n        \"Attributes\": [\n          2\n        ],\n        \"LossTan\": 1e-06,\n        \"Permeability\": 1.0,\n        \"Permittivity\": 11.45\n      },\n      {\n        \"Attributes\": [\n          3\n        ],\n        \"Permeability\": 1.0,\n        \"Permittivity\": 1.0\n      },\n      {\n        \"Attributes\": [\n          4\n        ],\n        \"Permeability\": 1.0,\n        \"Permittivity\": 1.0\n      },\n      {\n        \"Attributes\": [\n          5\n        ],\n        \"Permeability\": 1.0,\n        \"Permittivity\": 1.0\n      }\n    ],\n    \"Postprocessing\": {\n      \"Energy\": [\n        {\n          \"Attributes\": [\n            1\n          ],\n          \"Index\": 1\n        },\n        {\n          \"Attributes\": [\n            2\n          ],\n          \"Index\": 2\n        },\n        {\n          \"Attributes\": [\n            3\n          ],\n          \"Index\": 3\n        },\n        {\n          \"Attributes\": [\n            4\n          ],\n          \"Index\": 4\n        },\n        {\n          \"Attributes\": [\n            5\n          ],\n          \"Index\": 5\n        }\n      ]\n    }\n  },\n  \"Model\": {\n    \"L0\": 1e-06,\n    \"Mesh\": \"quarter_wave_base.msh\",\n    \"Refinement\": {\n      \"MaxIts\": 4,\n      \"Nonconformal\": false,\n      \"SaveAdaptIterations\": true,\n      \"SaveAdaptMesh\": true,\n      \"Tol\": 0.0001,\n      \"UpdateFraction\": 0.7\n    }\n  },\n  \"Problem\": {\n    \"Output\": \"postpro\",\n    \"OutputFormats\": {\n      \"GridFunction\": true,\n      \"Paraview\": true\n    },\n    \"Type\": \"Eigenmode\",\n    \"Verbose\": 2\n  },\n  \"Solver\": {\n    \"Device\": \"CPU\",\n    \"Eigenmode\": {\n      \"N\": 4,\n      \"Save\": 4,\n      \"Target\": 2.7,\n      \"Tol\": 1e-09\n    },\n    \"Linear\": {\n      \"MaxIts\": 1000,\n      \"Tol\": 1e-09,\n      \"Type\": \"Default\"\n    },\n    \"Order\": 1\n  }\n}\n", "truncated": false}, "base_mesh/palace.stdout.txt": {"size_bytes": 22476, "tail": "isk (grid function)\n\nCumulative timing statistics:\n\nElapsed Time Report (s)           Min.        Max.        Avg.\n==============================================================\nInitialization                   0.552       2.928       1.740\n  Mesh Preprocessing             1.587       3.963       2.775\nOperator Construction           55.209      55.238      55.224\nLinear Solve                    34.697      34.708      34.702\n  Setup                          7.540       7.547       7.543\n  Preconditioner                88.247      88.264      88.256\nEigenvalue Solve                15.981      16.035      16.008\nDiv.-Free Projection            89.399      89.452      89.425\nEstimation                       2.564       2.792       2.678\n  Construction                  49.729      49.736      49.732\n  Solve                         73.042      73.129      73.085\nAdaptation                       3.598       3.625       3.611\n  Rebalancing                    1.822       1.822       1.822\nPostprocessing                  20.782      20.919      20.851\n  Paraview                     151.116     151.119     151.118\n  Grid function                 79.028      79.029      79.028\nDisk IO                          1.232       1.235       1.233\n--------------------------------------------------------------\nTotal                          678.854     678.854     678.854\n\nPeak Memory                   Per-Node       Total   Total HWM\n==============================================================\nInitialization                    4.1M        4.1M        4.1M\n  Mesh Preprocessing            152.4M      152.4M      156.5M\nOperator Construction           297.2M      297.2M      453.8M\nLinear Solve                      0.0K        0.0K      453.8M\n  Setup                           1.5G        1.5G        1.9G\n  Preconditioner                 10.5G       10.5G       12.5G\nEigenvalue Solve                 62.0M       62.0M       12.5G\nDiv.-Free Projection            199.9M      199.9M       12.7G\nEstimation                      697.2M      697.2M       13.4G\n  Construction                    0.0K        0.0K       13.4G\n  Solve                         477.1M      477.1M       13.9G\nAdaptation                        0.0K        0.0K       13.9G\n  Rebalancing                     0.0K        0.0K       13.9G\nPostprocessing                  109.0M      109.0M       14.0G\n  Paraview                       95.3M       95.3M       14.1G\n  Grid function                   0.0K        0.0K       14.1G\nDisk IO                          68.5M       68.5M       14.1G\n--------------------------------------------------------------\nTotal                            14.1G       14.1G       14.1G\nEstimated peak per-rank memory usage is: Min. 6.9G, Max. 7.3G, Avg. 7.1G, Total 14.2G\nEstimated peak per-node memory usage is: Min. 14.2G, Max. 14.2G, Avg. 14.2G, Total 14.2G\n\nAdaptive mesh refinement (AMR) iteration 2:\n Indicator norm = 3.846e-01, global unknowns = 924336\n Max. iterations = 4, tol. = 1.000e-04\n Marked 127539/759141 elements for refinement (70.00% of the error, \u03b8 = 0.70)\n Conforming mesh refinement added 2607704 elements (initial = 759141, final = 3366845)\n Rebalanced mesh: Ratio 1.161 exceeded max. allowed value 1.100 (new ratio = 1.000)\n\nParallel Mesh Stats:\n\n                minimum     average     maximum       total\n vertices        304927      306126      307326      612253\n edges          2019354     2022337     2025320     4044674\n faces          3397808     3399633     3401458     6799266\n elements       1683380     1683422     1683465     3366845\n neighbors            1           1           1\n\n            minimum     maximum\n h      0.000163591   0.0319171\n kappa      1.04077     28.0205\n\nProceeding with solve/estimate iteration 3...\n\nConfiguring Dirichlet PEC BC at attributes:\n 10-12, 30-31\n\nAssembling system matrices, number of global unknowns:\n H1 (p = 1): 612253, ND (p = 1): 4044674, RT (p = 1): 6799266\n Operator assembly level: Partial\n Mesh geometries:\n  Tetrahedron: P = 6, Q = 4 (quadrature order = 2)\n\nConfiguring ARPACK eigenvalue solver:\n", "truncated": true}, "base_mesh/palace.stderr.txt": {"size_bytes": 0, "tail": "", "truncated": false}, "base_mesh/resource_summary.json": {"unavailable": "FileNotFoundError"}, "base_mesh/resource_samples.json": {"unavailable": "FileNotFoundError"}}, "cgroup_path": "/system.slice/hosted-compute-agent.service", "cgroup_memory": {"memory.current": {"size_bytes": 0, "tail": "8915062784\n", "truncated": false}, "memory.peak": {"size_bytes": 0, "tail": "15845789696\n", "truncated": false}, "memory.max": {"size_bytes": 0, "tail": "max\n", "truncated": false}, "memory.events": {"size_bytes": 0, "tail": "low 0\nhigh 0\nmax 0\noom 0\noom_kill 0\noom_group_kill 0\n", "truncated": false}}, "process_columns": "pid ppid rss_KiB vsz_KiB cpu_percent command_name", "largest_processes": [" 679867  679825 4308860 4621932 99.9 palace-x86_64.b", " 679870  679825 3577160 3885628 99.9 palace-x86_64.b", "   2046    2044 112700 1431512 0.3 provjobd1305015", "   2112    2090 72388 274614764 0.4 Runner.Worker", "   2090    2032 70592 274345436 0.0 Runner.Listener", "   1154       1 64772 2127092 0.0 dockerd", " 679567  679564 54204 1295176 1.3 textlayout", "    987       1 45784 295280  0.0 php-fpm8.3", "    225       1 43716 305388  0.0 multipathd", "   1063       1 42496 1960992 0.0 containerd", "   1712    1021 33704 454656  0.0 python3", "   1021       1 27520  39480  0.0 python3"]}
palace	UNKNOWN STEP	2026-09-29T18:58:08.8225414Z {"schema": "textlayout.palace-ci-observation.v1", "timestamp": "2026-09-29T18:58:08.801331+00:00", "scope": "host/process diagnostics; not numerical validation", "meminfo": {"unavailable": "OSError"}, "files": {"toolchain.json": {"size_bytes": 3922, "tail": "{\n  \"capability\": {\n    \"available\": true,\n    \"container_digest\": null,\n    \"container_engine\": null,\n    \"container_image\": null,\n    \"executable\": \"/home/runner/.cache/textlayout-palace/spack-opt/linux-x86_64_v3/palace-0.17.0-fc5grs6ugcjdbzpdpqbqsnmf6ejlq4hx/bin/palace\",\n    \"executable_sha256\": \"ad43ec030f51435f32150a5c72cb324ca03083d2ffc2f91405bbf41c6bc2240f\",\n    \"execution_kind\": \"executable\",\n    \"identified\": true,\n    \"mpi_launcher\": \"/usr/bin/mpirun\",\n    \"status\": \"AVAILABLE\",\n    \"unavailable_reason\": null,\n    \"version\": \"0.17.0\"\n  },\n  \"generated_at\": \"2026-09-29T18:43:39+00:00\",\n  \"git_commit\": \"59e8c654c1cfcc84788b488daf0482682bcda2ba\",\n  \"gmsh\": {\n    \"available\": true,\n    \"expected_version\": \"4.15.2\",\n    \"module\": \"/home/runner/work/Text-to-Layout/Text-to-Layout/.venv/lib/python3.12/site-packages/gmsh.py\",\n    \"module_sha256\": \"f4b0935cebde899750293d87a643090e5ea33c9b18d249267f507db68a0e01c3\",\n    \"version\": \"4.15.2\"\n  },\n  \"install_record\": {\n    \"build_stage\": \"/home/runner/.cache/textlayout-palace/build-stage\",\n    \"compiler_and_mpi_tail\": [\n      \"[+] /home/runner/.cache/textlayout-palace/spack-opt/linux-x86_64_v3/palace-0.17.0-fc5grs6ugcjdbzpdpqbqsnmf6ejlq4hx\",\n      \"==> Installing palace-0.17.0-fc5grs6ugcjdbzpdpqbqsnmf6ejlq4hx [63/63]\",\n      \"==> Updating view at /home/runner/.cache/textlayout-palace/environment/.spack-env/view\",\n      \"gcc (Ubuntu 13.3.0-6ubuntu2~24.04.1) 13.3.0\",\n      \"g++ (Ubuntu 13.3.0-6ubuntu2~24.04.1) 13.3.0\",\n      \"GNU Fortran (Ubuntu 13.3.0-6ubuntu2~24.04.1) 13.3.0\",\n      \"mpirun (Open MPI) 4.1.6\",\n      \"\"\n    ],\n    \"compiler_versions\": {\n      \"gcc\": \"gcc (Ubuntu 13.3.0-6ubuntu2~24.04.1) 13.3.0\",\n      \"gfortran\": \"GNU Fortran (Ubuntu 13.3.0-6ubuntu2~24.04.1) 13.3.0\",\n      \"gxx\": \"g++ (Ubuntu 13.3.0-6ubuntu2~24.04.1) 13.3.0\"\n    },\n    \"git_commit\": \"59e8c654c1cfcc84788b488daf0482682bcda2ba\",\n    \"gmsh\": {\n      \"available\": true,\n      \"expected_version\": \"4.15.2\",\n      \"module\": \"/home/runner/work/Text-to-Layout/Text-to-Layout/.venv/lib/python3.12/site-packages/gmsh.py\",\n      \"module_sha256\": \"f4b0935cebde899750293d87a643090e5ea33c9b18d249267f507db68a0e01c3\",\n      \"version\": \"4.15.2\"\n    },\n    \"gmsh_version\": \"4.15.2\",\n    \"install_tree\": \"/home/runner/.cache/textlayout-palace/spack-opt\",\n    \"installed_at\": \"2026-09-29T18:43:21.397659+00:00\",\n    \"mpi_version\": \"mpirun (Open MPI) 4.1.6\",\n    \"native_root\": \"/home/runner/.cache/textlayout-palace\",\n    \"palace_commit\": \"12d8069afb5aa9e169a17e303d735e120968e9f2\",\n    \"palace_executable\": \"/home/runner/.cache/textlayout-palace/spack-opt/linux-x86_64_v3/palace-0.17.0-fc5grs6ugcjdbzpdpqbqsnmf6ejlq4hx/bin/palace\",\n    \"palace_executable_sha256\": \"ad43ec030f51435f32150a5c72cb324ca03083d2ffc2f91405bbf41c6bc2240f\",\n    \"palace_version\": \"0.17.0\",\n    \"requested_version\": \"0.17.0\",\n    \"reused\": false,\n    \"schema\": \"textlayout.palace-install.v1\",\n    \"source_archive\": {\n      \"available\": true,\n      \"path\": \"/home/runner/work/Text-to-Layout/Text-to-Layout/.tools/external/sources/palace-12d8069afb5aa9e169a17e303d735e120968e9f2.tar.gz\",\n      \"sha256\": \"169f7fe210ea6e771a29bfe0803dd84a774b25b00d2aa3a1f33b9d97a510ff9d\",\n      \"size_bytes\": 47331791\n    },\n    \"source_archive_path\": \"/home/runner/work/Text-to-Layout/Text-to-Layout/.tools/external/sources/palace-12d8069afb5aa9e169a17e303d735e120968e9f2.tar.gz\",\n    \"source_archive_sha256\": \"169f7fe210ea6e771a29bfe0803dd84a774b25b00d2aa3a1f33b9d97a510ff9d\",\n    \"spack_commit\": \"0c2be44e4ece21eb091ad5de4c97716b7c6d4c87\",\n    \"spack_environment\": \"external_tools/palace/spack.yaml\",\n    \"spack_packages_commit\": \"a2928a3376d286ddbf07da62847d5ba5b0fa3c67\",\n    \"spack_runtime_cache\": \"/home/runner/.cache/textlayout-palace\",\n    \"spack_version\": \"1.1.0\",\n    \"status\": \"INSTALLED\",\n    \"strategy\": \"pinned_spack_wsl\"\n  },\n  \"required_palace_version\": \"0.17.0\",\n  \"schema\": \"textlayout.palace-toolchain.v1\"\n}\n", "truncated": false}, "resource_decision.json": {"size_bytes": 288, "tail": "{\n  \"accepted_processes\": 2,\n  \"available_mb\": 14806,\n  \"memory_tier\": \"unknown\",\n  \"preflight_peak_mb\": null,\n  \"rationale\": \"no peak-memory estimate available; honouring the requested count\",\n  \"requested_processes\": 2,\n  \"timestamp\": \"2026-09-29T18:43:39+00:00\",\n  \"total_mb\": 15989\n}\n", "truncated": false}, "run_manifest.json": {"unavailable": "FileNotFoundError"}, "base_mesh/mesh_metrics.json": {"size_bytes": 401, "tail": "{\n  \"element_count\": 206137,\n  \"extents\": {\n    \"lateral_margin_um\": 100.0,\n    \"lid_height_um\": 450.0,\n    \"substrate_thickness_um\": 300.0,\n    \"vacuum_height_um\": 300.0\n  },\n  \"mean_quality\": 0.7263143756565194,\n  \"mesh_scale\": 4.0,\n  \"mesh_sha256\": \"d2c7eee442ccec0b5acf7a37a98b61dd305b53bafb68f0d43dab3ba0dc2b069e\",\n  \"minimum_quality\": 0.15838171066132758,\n  \"runtime_seconds\": 7.7689208339998\n}\n", "truncated": false}, "base_mesh/palace_amr.json": {"size_bytes": 2038, "tail": "{\n  \"Boundaries\": {\n    \"PEC\": {\n      \"Attributes\": [\n        10,\n        11,\n        12,\n        30,\n        31\n      ]\n    }\n  },\n  \"Domains\": {\n    \"Materials\": [\n      {\n        \"Attributes\": [\n          1\n        ],\n        \"LossTan\": 1e-06,\n        \"Permeability\": 1.0,\n        \"Permittivity\": 11.45\n      },\n      {\n        \"Attributes\": [\n          2\n        ],\n        \"LossTan\": 1e-06,\n        \"Permeability\": 1.0,\n        \"Permittivity\": 11.45\n      },\n      {\n        \"Attributes\": [\n          3\n        ],\n        \"Permeability\": 1.0,\n        \"Permittivity\": 1.0\n      },\n      {\n        \"Attributes\": [\n          4\n        ],\n        \"Permeability\": 1.0,\n        \"Permittivity\": 1.0\n      },\n      {\n        \"Attributes\": [\n          5\n        ],\n        \"Permeability\": 1.0,\n        \"Permittivity\": 1.0\n      }\n    ],\n    \"Postprocessing\": {\n      \"Energy\": [\n        {\n          \"Attributes\": [\n            1\n          ],\n          \"Index\": 1\n        },\n        {\n          \"Attributes\": [\n            2\n          ],\n          \"Index\": 2\n        },\n        {\n          \"Attributes\": [\n            3\n          ],\n          \"Index\": 3\n        },\n        {\n          \"Attributes\": [\n            4\n          ],\n          \"Index\": 4\n        },\n        {\n          \"Attributes\": [\n            5\n          ],\n          \"Index\": 5\n        }\n      ]\n    }\n  },\n  \"Model\": {\n    \"L0\": 1e-06,\n    \"Mesh\": \"quarter_wave_base.msh\",\n    \"Refinement\": {\n      \"MaxIts\": 4,\n      \"Nonconformal\": false,\n      \"SaveAdaptIterations\": true,\n      \"SaveAdaptMesh\": true,\n      \"Tol\": 0.0001,\n      \"UpdateFraction\": 0.7\n    }\n  },\n  \"Problem\": {\n    \"Output\": \"postpro\",\n    \"OutputFormats\": {\n      \"GridFunction\": true,\n      \"Paraview\": true\n    },\n    \"Type\": \"Eigenmode\",\n    \"Verbose\": 2\n  },\n  \"Solver\": {\n    \"Device\": \"CPU\",\n    \"Eigenmode\": {\n      \"N\": 4,\n      \"Save\": 4,\n      \"Target\": 2.7,\n      \"Tol\": 1e-09\n    },\n    \"Linear\": {\n      \"MaxIts\": 1000,\n      \"Tol\": 1e-09,\n      \"Type\": \"Default\"\n    },\n    \"Order\": 1\n  }\n}\n", "truncated": false}, "base_mesh/palace.stdout.txt": {"size_bytes": 22476, "tail": "isk (grid function)\n\nCumulative timing statistics:\n\nElapsed Time Report (s)           Min.        Max.        Avg.\n==============================================================\nInitialization                   0.552       2.928       1.740\n  Mesh Preprocessing             1.587       3.963       2.775\nOperator Construction           55.209      55.238      55.224\nLinear Solve                    34.697      34.708      34.702\n  Setup                          7.540       7.547       7.543\n  Preconditioner                88.247      88.264      88.256\nEigenvalue Solve                15.981      16.035      16.008\nDiv.-Free Projection            89.399      89.452      89.425\nEstimation                       2.564       2.792       2.678\n  Construction                  49.729      49.736      49.732\n  Solve                         73.042      73.129      73.085\nAdaptation                       3.598       3.625       3.611\n  Rebalancing                    1.822       1.822       1.822\nPostprocessing                  20.782      20.919      20.851\n  Paraview                     151.116     151.119     151.118\n  Grid function                 79.028      79.029      79.028\nDisk IO                          1.232       1.235       1.233\n--------------------------------------------------------------\nTotal                          678.854     678.854     678.854\n\nPeak Memory                   Per-Node       Total   Total HWM\n==============================================================\nInitialization                    4.1M        4.1M        4.1M\n  Mesh Preprocessing            152.4M      152.4M      156.5M\nOperator Construction           297.2M      297.2M      453.8M\nLinear Solve                      0.0K        0.0K      453.8M\n  Setup                           1.5G        1.5G        1.9G\n  Preconditioner                 10.5G       10.5G       12.5G\nEigenvalue Solve                 62.0M       62.0M       12.5G\nDiv.-Free Projection            199.9M      199.9M       12.7G\nEstimation                      697.2M      697.2M       13.4G\n  Construction                    0.0K        0.0K       13.4G\n  Solve                         477.1M      477.1M       13.9G\nAdaptation                        0.0K        0.0K       13.9G\n  Rebalancing                     0.0K        0.0K       13.9G\nPostprocessing                  109.0M      109.0M       14.0G\n  Paraview                       95.3M       95.3M       14.1G\n  Grid function                   0.0K        0.0K       14.1G\nDisk IO                          68.5M       68.5M       14.1G\n--------------------------------------------------------------\nTotal                            14.1G       14.1G       14.1G\nEstimated peak per-rank memory usage is: Min. 6.9G, Max. 7.3G, Avg. 7.1G, Total 14.2G\nEstimated peak per-node memory usage is: Min. 14.2G, Max. 14.2G, Avg. 14.2G, Total 14.2G\n\nAdaptive mesh refinement (AMR) iteration 2:\n Indicator norm = 3.846e-01, global unknowns = 924336\n Max. iterations = 4, tol. = 1.000e-04\n Marked 127539/759141 elements for refinement (70.00% of the error, \u03b8 = 0.70)\n Conforming mesh refinement added 2607704 elements (initial = 759141, final = 3366845)\n Rebalanced mesh: Ratio 1.161 exceeded max. allowed value 1.100 (new ratio = 1.000)\n\nParallel Mesh Stats:\n\n                minimum     average     maximum       total\n vertices        304927      306126      307326      612253\n edges          2019354     2022337     2025320     4044674\n faces          3397808     3399633     3401458     6799266\n elements       1683380     1683422     1683465     3366845\n neighbors            1           1           1\n\n            minimum     maximum\n h      0.000163591   0.0319171\n kappa      1.04077     28.0205\n\nProceeding with solve/estimate iteration 3...\n\nConfiguring Dirichlet PEC BC at attributes:\n 10-12, 30-31\n\nAssembling system matrices, number of global unknowns:\n H1 (p = 1): 612253, ND (p = 1): 4044674, RT (p = 1): 6799266\n Operator assembly level: Partial\n Mesh geometries:\n  Tetrahedron: P = 6, Q = 4 (quadrature order = 2)\n\nConfiguring ARPACK eigenvalue solver:\n", "truncated": true}, "base_mesh/palace.stderr.txt": {"size_bytes": 0, "tail": "", "truncated": false}, "base_mesh/resource_summary.json": {"unavailable": "FileNotFoundError"}, "base_mesh/resource_samples.json": {"unavailable": "FileNotFoundError"}}, "cgroup_path": "/system.slice/hosted-compute-agent.service", "cgroup_memory": {"memory.current": {"size_bytes": 0, "tail": "8915357696\n", "truncated": false}, "memory.peak": {"size_bytes": 0, "tail": "15845789696\n", "truncated": false}, "memory.max": {"size_bytes": 0, "tail": "max\n", "truncated": false}, "memory.events": {"size_bytes": 0, "tail": "low 0\nhigh 0\nmax 0\noom 0\noom_kill 0\noom_group_kill 0\n", "truncated": false}}, "process_columns": "pid ppid rss_KiB vsz_KiB cpu_percent command_name", "largest_processes": [" 679867  679825 4308860 4621932 99.9 palace-x86_64.b", " 679870  679825 3577160 3885628 99.9 palace-x86_64.b", "   2046    2044 112792 1431512 0.3 provjobd1305015", "   2112    2090 72388 274614748 0.4 Runner.Worker", "   2090    2032 70668 274345436 0.0 Runner.Listener", "   1154       1 64772 2127092 0.0 dockerd", " 679567  679564 54208 1295176 1.2 textlayout", "    987       1 45784 295280  0.0 php-fpm8.3", "    225       1 43716 305388  0.0 multipathd", "   1063       1 42496 1960992 0.0 containerd", "   1712    1021 33704 454656  0.0 python3", "   1021       1 27520  39480  0.0 python3"]}
palace	UNKNOWN STEP	2026-09-29T18:58:38.8383049Z {"schema": "textlayout.palace-ci-observation.v1", "timestamp": "2026-09-29T18:58:38.816486+00:00", "scope": "host/process diagnostics; not numerical validation", "meminfo": {"unavailable": "OSError"}, "files": {"toolchain.json": {"size_bytes": 3922, "tail": "{\n  \"capability\": {\n    \"available\": true,\n    \"container_digest\": null,\n    \"container_engine\": null,\n    \"container_image\": null,\n    \"executable\": \"/home/runner/.cache/textlayout-palace/spack-opt/linux-x86_64_v3/palace-0.17.0-fc5grs6ugcjdbzpdpqbqsnmf6ejlq4hx/bin/palace\",\n    \"executable_sha256\": \"ad43ec030f51435f32150a5c72cb324ca03083d2ffc2f91405bbf41c6bc2240f\",\n    \"execution_kind\": \"executable\",\n    \"identified\": true,\n    \"mpi_launcher\": \"/usr/bin/mpirun\",\n    \"status\": \"AVAILABLE\",\n    \"unavailable_reason\": null,\n    \"version\": \"0.17.0\"\n  },\n  \"generated_at\": \"2026-09-29T18:43:39+00:00\",\n  \"git_commit\": \"59e8c654c1cfcc84788b488daf0482682bcda2ba\",\n  \"gmsh\": {\n    \"available\": true,\n    \"expected_version\": \"4.15.2\",\n    \"module\": \"/home/runner/work/Text-to-Layout/Text-to-Layout/.venv/lib/python3.12/site-packages/gmsh.py\",\n    \"module_sha256\": \"f4b0935cebde899750293d87a643090e5ea33c9b18d249267f507db68a0e01c3\",\n    \"version\": \"4.15.2\"\n  },\n  \"install_record\": {\n    \"build_stage\": \"/home/runner/.cache/textlayout-palace/build-stage\",\n    \"compiler_and_mpi_tail\": [\n      \"[+] /home/runner/.cache/textlayout-palace/spack-opt/linux-x86_64_v3/palace-0.17.0-fc5grs6ugcjdbzpdpqbqsnmf6ejlq4hx\",\n      \"==> Installing palace-0.17.0-fc5grs6ugcjdbzpdpqbqsnmf6ejlq4hx [63/63]\",\n      \"==> Updating view at /home/runner/.cache/textlayout-palace/environment/.spack-env/view\",\n      \"gcc (Ubuntu 13.3.0-6ubuntu2~24.04.1) 13.3.0\",\n      \"g++ (Ubuntu 13.3.0-6ubuntu2~24.04.1) 13.3.0\",\n      \"GNU Fortran (Ubuntu 13.3.0-6ubuntu2~24.04.1) 13.3.0\",\n      \"mpirun (Open MPI) 4.1.6\",\n      \"\"\n    ],\n    \"compiler_versions\": {\n      \"gcc\": \"gcc (Ubuntu 13.3.0-6ubuntu2~24.04.1) 13.3.0\",\n      \"gfortran\": \"GNU Fortran (Ubuntu 13.3.0-6ubuntu2~24.04.1) 13.3.0\",\n      \"gxx\": \"g++ (Ubuntu 13.3.0-6ubuntu2~24.04.1) 13.3.0\"\n    },\n    \"git_commit\": \"59e8c654c1cfcc84788b488daf0482682bcda2ba\",\n    \"gmsh\": {\n      \"available\": true,\n      \"expected_version\": \"4.15.2\",\n      \"module\": \"/home/runner/work/Text-to-Layout/Text-to-Layout/.venv/lib/python3.12/site-packages/gmsh.py\",\n      \"module_sha256\": \"f4b0935cebde899750293d87a643090e5ea33c9b18d249267f507db68a0e01c3\",\n      \"version\": \"4.15.2\"\n    },\n    \"gmsh_version\": \"4.15.2\",\n    \"install_tree\": \"/home/runner/.cache/textlayout-palace/spack-opt\",\n    \"installed_at\": \"2026-09-29T18:43:21.397659+00:00\",\n    \"mpi_version\": \"mpirun (Open MPI) 4.1.6\",\n    \"native_root\": \"/home/runner/.cache/textlayout-palace\",\n    \"palace_commit\": \"12d8069afb5aa9e169a17e303d735e120968e9f2\",\n    \"palace_executable\": \"/home/runner/.cache/textlayout-palace/spack-opt/linux-x86_64_v3/palace-0.17.0-fc5grs6ugcjdbzpdpqbqsnmf6ejlq4hx/bin/palace\",\n    \"palace_executable_sha256\": \"ad43ec030f51435f32150a5c72cb324ca03083d2ffc2f91405bbf41c6bc2240f\",\n    \"palace_version\": \"0.17.0\",\n    \"requested_version\": \"0.17.0\",\n    \"reused\": false,\n    \"schema\": \"textlayout.palace-install.v1\",\n    \"source_archive\": {\n      \"available\": true,\n      \"path\": \"/home/runner/work/Text-to-Layout/Text-to-Layout/.tools/external/sources/palace-12d8069afb5aa9e169a17e303d735e120968e9f2.tar.gz\",\n      \"sha256\": \"169f7fe210ea6e771a29bfe0803dd84a774b25b00d2aa3a1f33b9d97a510ff9d\",\n      \"size_bytes\": 47331791\n    },\n    \"source_archive_path\": \"/home/runner/work/Text-to-Layout/Text-to-Layout/.tools/external/sources/palace-12d8069afb5aa9e169a17e303d735e120968e9f2.tar.gz\",\n    \"source_archive_sha256\": \"169f7fe210ea6e771a29bfe0803dd84a774b25b00d2aa3a1f33b9d97a510ff9d\",\n    \"spack_commit\": \"0c2be44e4ece21eb091ad5de4c97716b7c6d4c87\",\n    \"spack_environment\": \"external_tools/palace/spack.yaml\",\n    \"spack_packages_commit\": \"a2928a3376d286ddbf07da62847d5ba5b0fa3c67\",\n    \"spack_runtime_cache\": \"/home/runner/.cache/textlayout-palace\",\n    \"spack_version\": \"1.1.0\",\n    \"status\": \"INSTALLED\",\n    \"strategy\": \"pinned_spack_wsl\"\n  },\n  \"required_palace_version\": \"0.17.0\",\n  \"schema\": \"textlayout.palace-toolchain.v1\"\n}\n", "truncated": false}, "resource_decision.json": {"size_bytes": 288, "tail": "{\n  \"accepted_processes\": 2,\n  \"available_mb\": 14806,\n  \"memory_tier\": \"unknown\",\n  \"preflight_peak_mb\": null,\n  \"rationale\": \"no peak-memory estimate available; honouring the requested count\",\n  \"requested_processes\": 2,\n  \"timestamp\": \"2026-09-29T18:43:39+00:00\",\n  \"total_mb\": 15989\n}\n", "truncated": false}, "run_manifest.json": {"unavailable": "FileNotFoundError"}, "base_mesh/mesh_metrics.json": {"size_bytes": 401, "tail": "{\n  \"element_count\": 206137,\n  \"extents\": {\n    \"lateral_margin_um\": 100.0,\n    \"lid_height_um\": 450.0,\n    \"substrate_thickness_um\": 300.0,\n    \"vacuum_height_um\": 300.0\n  },\n  \"mean_quality\": 0.7263143756565194,\n  \"mesh_scale\": 4.0,\n  \"mesh_sha256\": \"d2c7eee442ccec0b5acf7a37a98b61dd305b53bafb68f0d43dab3ba0dc2b069e\",\n  \"minimum_quality\": 0.15838171066132758,\n  \"runtime_seconds\": 7.7689208339998\n}\n", "truncated": false}, "base_mesh/palace_amr.json": {"size_bytes": 2038, "tail": "{\n  \"Boundaries\": {\n    \"PEC\": {\n      \"Attributes\": [\n        10,\n        11,\n        12,\n        30,\n        31\n      ]\n    }\n  },\n  \"Domains\": {\n    \"Materials\": [\n      {\n        \"Attributes\": [\n          1\n        ],\n        \"LossTan\": 1e-06,\n        \"Permeability\": 1.0,\n        \"Permittivity\": 11.45\n      },\n      {\n        \"Attributes\": [\n          2\n        ],\n        \"LossTan\": 1e-06,\n        \"Permeability\": 1.0,\n        \"Permittivity\": 11.45\n      },\n      {\n        \"Attributes\": [\n          3\n        ],\n        \"Permeability\": 1.0,\n        \"Permittivity\": 1.0\n      },\n      {\n        \"Attributes\": [\n          4\n        ],\n        \"Permeability\": 1.0,\n        \"Permittivity\": 1.0\n      },\n      {\n        \"Attributes\": [\n          5\n        ],\n        \"Permeability\": 1.0,\n        \"Permittivity\": 1.0\n      }\n    ],\n    \"Postprocessing\": {\n      \"Energy\": [\n        {\n          \"Attributes\": [\n            1\n          ],\n          \"Index\": 1\n        },\n        {\n          \"Attributes\": [\n            2\n          ],\n          \"Index\": 2\n        },\n        {\n          \"Attributes\": [\n            3\n          ],\n          \"Index\": 3\n        },\n        {\n          \"Attributes\": [\n            4\n          ],\n          \"Index\": 4\n        },\n        {\n          \"Attributes\": [\n            5\n          ],\n          \"Index\": 5\n        }\n      ]\n    }\n  },\n  \"Model\": {\n    \"L0\": 1e-06,\n    \"Mesh\": \"quarter_wave_base.msh\",\n    \"Refinement\": {\n      \"MaxIts\": 4,\n      \"Nonconformal\": false,\n      \"SaveAdaptIterations\": true,\n      \"SaveAdaptMesh\": true,\n      \"Tol\": 0.0001,\n      \"UpdateFraction\": 0.7\n    }\n  },\n  \"Problem\": {\n    \"Output\": \"postpro\",\n    \"OutputFormats\": {\n      \"GridFunction\": true,\n      \"Paraview\": true\n    },\n    \"Type\": \"Eigenmode\",\n    \"Verbose\": 2\n  },\n  \"Solver\": {\n    \"Device\": \"CPU\",\n    \"Eigenmode\": {\n      \"N\": 4,\n      \"Save\": 4,\n      \"Target\": 2.7,\n      \"Tol\": 1e-09\n    },\n    \"Linear\": {\n      \"MaxIts\": 1000,\n      \"Tol\": 1e-09,\n      \"Type\": \"Default\"\n    },\n    \"Order\": 1\n  }\n}\n", "truncated": false}, "base_mesh/palace.stdout.txt": {"size_bytes": 22476, "tail": "isk (grid function)\n\nCumulative timing statistics:\n\nElapsed Time Report (s)           Min.        Max.        Avg.\n==============================================================\nInitialization                   0.552       2.928       1.740\n  Mesh Preprocessing             1.587       3.963       2.775\nOperator Construction           55.209      55.238      55.224\nLinear Solve                    34.697      34.708      34.702\n  Setup                          7.540       7.547       7.543\n  Preconditioner                88.247      88.264      88.256\nEigenvalue Solve                15.981      16.035      16.008\nDiv.-Free Projection            89.399      89.452      89.425\nEstimation                       2.564       2.792       2.678\n  Construction                  49.729      49.736      49.732\n  Solve                         73.042      73.129      73.085\nAdaptation                       3.598       3.625       3.611\n  Rebalancing                    1.822       1.822       1.822\nPostprocessing                  20.782      20.919      20.851\n  Paraview                     151.116     151.119     151.118\n  Grid function                 79.028      79.029      79.028\nDisk IO                          1.232       1.235       1.233\n--------------------------------------------------------------\nTotal                          678.854     678.854     678.854\n\nPeak Memory                   Per-Node       Total   Total HWM\n==============================================================\nInitialization                    4.1M        4.1M        4.1M\n  Mesh Preprocessing            152.4M      152.4M      156.5M\nOperator Construction           297.2M      297.2M      453.8M\nLinear Solve                      0.0K        0.0K      453.8M\n  Setup                           1.5G        1.5G        1.9G\n  Preconditioner                 10.5G       10.5G       12.5G\nEigenvalue Solve                 62.0M       62.0M       12.5G\nDiv.-Free Projection            199.9M      199.9M       12.7G\nEstimation                      697.2M      697.2M       13.4G\n  Construction                    0.0K        0.0K       13.4G\n  Solve                         477.1M      477.1M       13.9G\nAdaptation                        0.0K        0.0K       13.9G\n  Rebalancing                     0.0K        0.0K       13.9G\nPostprocessing                  109.0M      109.0M       14.0G\n  Paraview                       95.3M       95.3M       14.1G\n  Grid function                   0.0K        0.0K       14.1G\nDisk IO                          68.5M       68.5M       14.1G\n--------------------------------------------------------------\nTotal                            14.1G       14.1G       14.1G\nEstimated peak per-rank memory usage is: Min. 6.9G, Max. 7.3G, Avg. 7.1G, Total 14.2G\nEstimated peak per-node memory usage is: Min. 14.2G, Max. 14.2G, Avg. 14.2G, Total 14.2G\n\nAdaptive mesh refinement (AMR) iteration 2:\n Indicator norm = 3.846e-01, global unknowns = 924336\n Max. iterations = 4, tol. = 1.000e-04\n Marked 127539/759141 elements for refinement (70.00% of the error, \u03b8 = 0.70)\n Conforming mesh refinement added 2607704 elements (initial = 759141, final = 3366845)\n Rebalanced mesh: Ratio 1.161 exceeded max. allowed value 1.100 (new ratio = 1.000)\n\nParallel Mesh Stats:\n\n                minimum     average     maximum       total\n vertices        304927      306126      307326      612253\n edges          2019354     2022337     2025320     4044674\n faces          3397808     3399633     3401458     6799266\n elements       1683380     1683422     1683465     3366845\n neighbors            1           1           1\n\n            minimum     maximum\n h      0.000163591   0.0319171\n kappa      1.04077     28.0205\n\nProceeding with solve/estimate iteration 3...\n\nConfiguring Dirichlet PEC BC at attributes:\n 10-12, 30-31\n\nAssembling system matrices, number of global unknowns:\n H1 (p = 1): 612253, ND (p = 1): 4044674, RT (p = 1): 6799266\n Operator assembly level: Partial\n Mesh geometries:\n  Tetrahedron: P = 6, Q = 4 (quadrature order = 2)\n\nConfiguring ARPACK eigenvalue solver:\n", "truncated": true}, "base_mesh/palace.stderr.txt": {"size_bytes": 0, "tail": "", "truncated": false}, "base_mesh/resource_summary.json": {"unavailable": "FileNotFoundError"}, "base_mesh/resource_samples.json": {"unavailable": "FileNotFoundError"}}, "cgroup_path": "/system.slice/hosted-compute-agent.service", "cgroup_memory": {"memory.current": {"size_bytes": 0, "tail": "8915394560\n", "truncated": false}, "memory.peak": {"size_bytes": 0, "tail": "15845789696\n", "truncated": false}, "memory.max": {"size_bytes": 0, "tail": "max\n", "truncated": false}, "memory.events": {"size_bytes": 0, "tail": "low 0\nhigh 0\nmax 0\noom 0\noom_kill 0\noom_group_kill 0\n", "truncated": false}}, "process_columns": "pid ppid rss_KiB vsz_KiB cpu_percent command_name", "largest_processes": [" 679867  679825 4308860 4621932 99.9 palace-x86_64.b", " 679870  679825 3577160 3885628 99.9 palace-x86_64.b", "   2046    2044 112792 1431512 0.3 provjobd1305015", "   2112    2090 72396 274614748 0.4 Runner.Worker", "   2090    2032 70668 274345436 0.0 Runner.Listener", "   1154       1 64772 2127092 0.0 dockerd", " 679567  679564 54216 1295176 1.2 textlayout", "    987       1 45784 295280  0.0 php-fpm8.3", "    225       1 43716 305388  0.0 multipathd", "   1063       1 42496 1960992 0.0 containerd", "   1712    1021 33704 454656  0.0 python3", "   1021       1 27520  39480  0.0 python3"]}
palace	UNKNOWN STEP	2026-09-29T18:59:08.8534195Z {"schema": "textlayout.palace-ci-observation.v1", "timestamp": "2026-09-29T18:59:08.832035+00:00", "scope": "host/process diagnostics; not numerical validation", "meminfo": {"unavailable": "OSError"}, "files": {"toolchain.json": {"size_bytes": 3922, "tail": "{\n  \"capability\": {\n    \"available\": true,\n    \"container_digest\": null,\n    \"container_engine\": null,\n    \"container_image\": null,\n    \"executable\": \"/home/runner/.cache/textlayout-palace/spack-opt/linux-x86_64_v3/palace-0.17.0-fc5grs6ugcjdbzpdpqbqsnmf6ejlq4hx/bin/palace\",\n    \"executable_sha256\": \"ad43ec030f51435f32150a5c72cb324ca03083d2ffc2f91405bbf41c6bc2240f\",\n    \"execution_kind\": \"executable\",\n    \"identified\": true,\n    \"mpi_launcher\": \"/usr/bin/mpirun\",\n    \"status\": \"AVAILABLE\",\n    \"unavailable_reason\": null,\n    \"version\": \"0.17.0\"\n  },\n  \"generated_at\": \"2026-09-29T18:43:39+00:00\",\n  \"git_commit\": \"59e8c654c1cfcc84788b488daf0482682bcda2ba\",\n  \"gmsh\": {\n    \"available\": true,\n    \"expected_version\": \"4.15.2\",\n    \"module\": \"/home/runner/work/Text-to-Layout/Text-to-Layout/.venv/lib/python3.12/site-packages/gmsh.py\",\n    \"module_sha256\": \"f4b0935cebde899750293d87a643090e5ea33c9b18d249267f507db68a0e01c3\",\n    \"version\": \"4.15.2\"\n  },\n  \"install_record\": {\n    \"build_stage\": \"/home/runner/.cache/textlayout-palace/build-stage\",\n    \"compiler_and_mpi_tail\": [\n      \"[+] /home/runner/.cache/textlayout-palace/spack-opt/linux-x86_64_v3/palace-0.17.0-fc5grs6ugcjdbzpdpqbqsnmf6ejlq4hx\",\n      \"==> Installing palace-0.17.0-fc5grs6ugcjdbzpdpqbqsnmf6ejlq4hx [63/63]\",\n      \"==> Updating view at /home/runner/.cache/textlayout-palace/environment/.spack-env/view\",\n      \"gcc (Ubuntu 13.3.0-6ubuntu2~24.04.1) 13.3.0\",\n      \"g++ (Ubuntu 13.3.0-6ubuntu2~24.04.1) 13.3.0\",\n      \"GNU Fortran (Ubuntu 13.3.0-6ubuntu2~24.04.1) 13.3.0\",\n      \"mpirun (Open MPI) 4.1.6\",\n      \"\"\n    ],\n    \"compiler_versions\": {\n      \"gcc\": \"gcc (Ubuntu 13.3.0-6ubuntu2~24.04.1) 13.3.0\",\n      \"gfortran\": \"GNU Fortran (Ubuntu 13.3.0-6ubuntu2~24.04.1) 13.3.0\",\n      \"gxx\": \"g++ (Ubuntu 13.3.0-6ubuntu2~24.04.1) 13.3.0\"\n    },\n    \"git_commit\": \"59e8c654c1cfcc84788b488daf0482682bcda2ba\",\n    \"gmsh\": {\n      \"available\": true,\n      \"expected_version\": \"4.15.2\",\n      \"module\": \"/home/runner/work/Text-to-Layout/Text-to-Layout/.venv/lib/python3.12/site-packages/gmsh.py\",\n      \"module_sha256\": \"f4b0935cebde899750293d87a643090e5ea33c9b18d249267f507db68a0e01c3\",\n      \"version\": \"4.15.2\"\n    },\n    \"gmsh_version\": \"4.15.2\",\n    \"install_tree\": \"/home/runner/.cache/textlayout-palace/spack-opt\",\n    \"installed_at\": \"2026-09-29T18:43:21.397659+00:00\",\n    \"mpi_version\": \"mpirun (Open MPI) 4.1.6\",\n    \"native_root\": \"/home/runner/.cache/textlayout-palace\",\n    \"palace_commit\": \"12d8069afb5aa9e169a17e303d735e120968e9f2\",\n    \"palace_executable\": \"/home/runner/.cache/textlayout-palace/spack-opt/linux-x86_64_v3/palace-0.17.0-fc5grs6ugcjdbzpdpqbqsnmf6ejlq4hx/bin/palace\",\n    \"palace_executable_sha256\": \"ad43ec030f51435f32150a5c72cb324ca03083d2ffc2f91405bbf41c6bc2240f\",\n    \"palace_version\": \"0.17.0\",\n    \"requested_version\": \"0.17.0\",\n    \"reused\": false,\n    \"schema\": \"textlayout.palace-install.v1\",\n    \"source_archive\": {\n      \"available\": true,\n      \"path\": \"/home/runner/work/Text-to-Layout/Text-to-Layout/.tools/external/sources/palace-12d8069afb5aa9e169a17e303d735e120968e9f2.tar.gz\",\n      \"sha256\": \"169f7fe210ea6e771a29bfe0803dd84a774b25b00d2aa3a1f33b9d97a510ff9d\",\n      \"size_bytes\": 47331791\n    },\n    \"source_archive_path\": \"/home/runner/work/Text-to-Layout/Text-to-Layout/.tools/external/sources/palace-12d8069afb5aa9e169a17e303d735e120968e9f2.tar.gz\",\n    \"source_archive_sha256\": \"169f7fe210ea6e771a29bfe0803dd84a774b25b00d2aa3a1f33b9d97a510ff9d\",\n    \"spack_commit\": \"0c2be44e4ece21eb091ad5de4c97716b7c6d4c87\",\n    \"spack_environment\": \"external_tools/palace/spack.yaml\",\n    \"spack_packages_commit\": \"a2928a3376d286ddbf07da62847d5ba5b0fa3c67\",\n    \"spack_runtime_cache\": \"/home/runner/.cache/textlayout-palace\",\n    \"spack_version\": \"1.1.0\",\n    \"status\": \"INSTALLED\",\n    \"strategy\": \"pinned_spack_wsl\"\n  },\n  \"required_palace_version\": \"0.17.0\",\n  \"schema\": \"textlayout.palace-toolchain.v1\"\n}\n", "truncated": false}, "resource_decision.json": {"size_bytes": 288, "tail": "{\n  \"accepted_processes\": 2,\n  \"available_mb\": 14806,\n  \"memory_tier\": \"unknown\",\n  \"preflight_peak_mb\": null,\n  \"rationale\": \"no peak-memory estimate available; honouring the requested count\",\n  \"requested_processes\": 2,\n  \"timestamp\": \"2026-09-29T18:43:39+00:00\",\n  \"total_mb\": 15989\n}\n", "truncated": false}, "run_manifest.json": {"unavailable": "FileNotFoundError"}, "base_mesh/mesh_metrics.json": {"size_bytes": 401, "tail": "{\n  \"element_count\": 206137,\n  \"extents\": {\n    \"lateral_margin_um\": 100.0,\n    \"lid_height_um\": 450.0,\n    \"substrate_thickness_um\": 300.0,\n    \"vacuum_height_um\": 300.0\n  },\n  \"mean_quality\": 0.7263143756565194,\n  \"mesh_scale\": 4.0,\n  \"mesh_sha256\": \"d2c7eee442ccec0b5acf7a37a98b61dd305b53bafb68f0d43dab3ba0dc2b069e\",\n  \"minimum_quality\": 0.15838171066132758,\n  \"runtime_seconds\": 7.7689208339998\n}\n", "truncated": false}, "base_mesh/palace_amr.json": {"size_bytes": 2038, "tail": "{\n  \"Boundaries\": {\n    \"PEC\": {\n      \"Attributes\": [\n        10,\n        11,\n        12,\n        30,\n        31\n      ]\n    }\n  },\n  \"Domains\": {\n    \"Materials\": [\n      {\n        \"Attributes\": [\n          1\n        ],\n        \"LossTan\": 1e-06,\n        \"Permeability\": 1.0,\n        \"Permittivity\": 11.45\n      },\n      {\n        \"Attributes\": [\n          2\n        ],\n        \"LossTan\": 1e-06,\n        \"Permeability\": 1.0,\n        \"Permittivity\": 11.45\n      },\n      {\n        \"Attributes\": [\n          3\n        ],\n        \"Permeability\": 1.0,\n        \"Permittivity\": 1.0\n      },\n      {\n        \"Attributes\": [\n          4\n        ],\n        \"Permeability\": 1.0,\n        \"Permittivity\": 1.0\n      },\n      {\n        \"Attributes\": [\n          5\n        ],\n        \"Permeability\": 1.0,\n        \"Permittivity\": 1.0\n      }\n    ],\n    \"Postprocessing\": {\n      \"Energy\": [\n        {\n          \"Attributes\": [\n            1\n          ],\n          \"Index\": 1\n        },\n        {\n          \"Attributes\": [\n            2\n          ],\n          \"Index\": 2\n        },\n        {\n          \"Attributes\": [\n            3\n          ],\n          \"Index\": 3\n        },\n        {\n          \"Attributes\": [\n            4\n          ],\n          \"Index\": 4\n        },\n        {\n          \"Attributes\": [\n            5\n          ],\n          \"Index\": 5\n        }\n      ]\n    }\n  },\n  \"Model\": {\n    \"L0\": 1e-06,\n    \"Mesh\": \"quarter_wave_base.msh\",\n    \"Refinement\": {\n      \"MaxIts\": 4,\n      \"Nonconformal\": false,\n      \"SaveAdaptIterations\": true,\n      \"SaveAdaptMesh\": true,\n      \"Tol\": 0.0001,\n      \"UpdateFraction\": 0.7\n    }\n  },\n  \"Problem\": {\n    \"Output\": \"postpro\",\n    \"OutputFormats\": {\n      \"GridFunction\": true,\n      \"Paraview\": true\n    },\n    \"Type\": \"Eigenmode\",\n    \"Verbose\": 2\n  },\n  \"Solver\": {\n    \"Device\": \"CPU\",\n    \"Eigenmode\": {\n      \"N\": 4,\n      \"Save\": 4,\n      \"Target\": 2.7,\n      \"Tol\": 1e-09\n    },\n    \"Linear\": {\n      \"MaxIts\": 1000,\n      \"Tol\": 1e-09,\n      \"Type\": \"Default\"\n    },\n    \"Order\": 1\n  }\n}\n", "truncated": false}, "base_mesh/palace.stdout.txt": {"size_bytes": 22476, "tail": "isk (grid function)\n\nCumulative timing statistics:\n\nElapsed Time Report (s)           Min.        Max.        Avg.\n==============================================================\nInitialization                   0.552       2.928       1.740\n  Mesh Preprocessing             1.587       3.963       2.775\nOperator Construction           55.209      55.238      55.224\nLinear Solve                    34.697      34.708      34.702\n  Setup                          7.540       7.547       7.543\n  Preconditioner                88.247      88.264      88.256\nEigenvalue Solve                15.981      16.035      16.008\nDiv.-Free Projection            89.399      89.452      89.425\nEstimation                       2.564       2.792       2.678\n  Construction                  49.729      49.736      49.732\n  Solve                         73.042      73.129      73.085\nAdaptation                       3.598       3.625       3.611\n  Rebalancing                    1.822       1.822       1.822\nPostprocessing                  20.782      20.919      20.851\n  Paraview                     151.116     151.119     151.118\n  Grid function                 79.028      79.029      79.028\nDisk IO                          1.232       1.235       1.233\n--------------------------------------------------------------\nTotal                          678.854     678.854     678.854\n\nPeak Memory                   Per-Node       Total   Total HWM\n==============================================================\nInitialization                    4.1M        4.1M        4.1M\n  Mesh Preprocessing            152.4M      152.4M      156.5M\nOperator Construction           297.2M      297.2M      453.8M\nLinear Solve                      0.0K        0.0K      453.8M\n  Setup                           1.5G        1.5G        1.9G\n  Preconditioner                 10.5G       10.5G       12.5G\nEigenvalue Solve                 62.0M       62.0M       12.5G\nDiv.-Free Projection            199.9M      199.9M       12.7G\nEstimation                      697.2M      697.2M       13.4G\n  Construction                    0.0K        0.0K       13.4G\n  Solve                         477.1M      477.1M       13.9G\nAdaptation                        0.0K        0.0K       13.9G\n  Rebalancing                     0.0K        0.0K       13.9G\nPostprocessing                  109.0M      109.0M       14.0G\n  Paraview                       95.3M       95.3M       14.1G\n  Grid function                   0.0K        0.0K       14.1G\nDisk IO                          68.5M       68.5M       14.1G\n--------------------------------------------------------------\nTotal                            14.1G       14.1G       14.1G\nEstimated peak per-rank memory usage is: Min. 6.9G, Max. 7.3G, Avg. 7.1G, Total 14.2G\nEstimated peak per-node memory usage is: Min. 14.2G, Max. 14.2G, Avg. 14.2G, Total 14.2G\n\nAdaptive mesh refinement (AMR) iteration 2:\n Indicator norm = 3.846e-01, global unknowns = 924336\n Max. iterations = 4, tol. = 1.000e-04\n Marked 127539/759141 elements for refinement (70.00% of the error, \u03b8 = 0.70)\n Conforming mesh refinement added 2607704 elements (initial = 759141, final = 3366845)\n Rebalanced mesh: Ratio 1.161 exceeded max. allowed value 1.100 (new ratio = 1.000)\n\nParallel Mesh Stats:\n\n                minimum     average     maximum       total\n vertices        304927      306126      307326      612253\n edges          2019354     2022337     2025320     4044674\n faces          3397808     3399633     3401458     6799266\n elements       1683380     1683422     1683465     3366845\n neighbors            1           1           1\n\n            minimum     maximum\n h      0.000163591   0.0319171\n kappa      1.04077     28.0205\n\nProceeding with solve/estimate iteration 3...\n\nConfiguring Dirichlet PEC BC at attributes:\n 10-12, 30-31\n\nAssembling system matrices, number of global unknowns:\n H1 (p = 1): 612253, ND (p = 1): 4044674, RT (p = 1): 6799266\n Operator assembly level: Partial\n Mesh geometries:\n  Tetrahedron: P = 6, Q = 4 (quadrature order = 2)\n\nConfiguring ARPACK eigenvalue solver:\n", "truncated": true}, "base_mesh/palace.stderr.txt": {"size_bytes": 0, "tail": "", "truncated": false}, "base_mesh/resource_summary.json": {"unavailable": "FileNotFoundError"}, "base_mesh/resource_samples.json": {"unavailable": "FileNotFoundError"}}, "cgroup_path": "/system.slice/hosted-compute-agent.service", "cgroup_memory": {"memory.current": {"size_bytes": 0, "tail": "11290599424\n", "truncated": false}, "memory.peak": {"size_bytes": 0, "tail": "15845789696\n", "truncated": false}, "memory.max": {"size_bytes": 0, "tail": "max\n", "truncated": false}, "memory.events": {"size_bytes": 0, "tail": "low 0\nhigh 0\nmax 0\noom 0\noom_kill 0\noom_group_kill 0\n", "truncated": false}}, "process_columns": "pid ppid rss_KiB vsz_KiB cpu_percent command_name", "largest_processes": [" 679867  679825 5466252 5779324 99.9 palace-x86_64.b", " 679870  679825 4734488 5042956 99.9 palace-x86_64.b", "   2046    2044 112792 1431512 0.3 provjobd1305015", "   2112    2090 72396 274614748 0.4 Runner.Worker", "   2090    2032 70668 274345436 0.0 Runner.Listener", "   1154       1 64772 2127092 0.0 dockerd", " 679567  679564 54224 1295176 1.2 textlayout", "    987       1 45784 295280  0.0 php-fpm8.3", "    225       1 43716 305388  0.0 multipathd", "   1063       1 42496 1960992 0.0 containerd", "   1712    1021 33704 454656  0.0 python3", "   1021       1 27520  39480  0.0 python3"]}
palace	UNKNOWN STEP	2026-09-29T18:59:38.8685471Z {"schema": "textlayout.palace-ci-observation.v1", "timestamp": "2026-09-29T18:59:38.847296+00:00", "scope": "host/process diagnostics; not numerical validation", "meminfo": {"unavailable": "OSError"}, "files": {"toolchain.json": {"size_bytes": 3922, "tail": "{\n  \"capability\": {\n    \"available\": true,\n    \"container_digest\": null,\n    \"container_engine\": null,\n    \"container_image\": null,\n    \"executable\": \"/home/runner/.cache/textlayout-palace/spack-opt/linux-x86_64_v3/palace-0.17.0-fc5grs6ugcjdbzpdpqbqsnmf6ejlq4hx/bin/palace\",\n    \"executable_sha256\": \"ad43ec030f51435f32150a5c72cb324ca03083d2ffc2f91405bbf41c6bc2240f\",\n    \"execution_kind\": \"executable\",\n    \"identified\": true,\n    \"mpi_launcher\": \"/usr/bin/mpirun\",\n    \"status\": \"AVAILABLE\",\n    \"unavailable_reason\": null,\n    \"version\": \"0.17.0\"\n  },\n  \"generated_at\": \"2026-09-29T18:43:39+00:00\",\n  \"git_commit\": \"59e8c654c1cfcc84788b488daf0482682bcda2ba\",\n  \"gmsh\": {\n    \"available\": true,\n    \"expected_version\": \"4.15.2\",\n    \"module\": \"/home/runner/work/Text-to-Layout/Text-to-Layout/.venv/lib/python3.12/site-packages/gmsh.py\",\n    \"module_sha256\": \"f4b0935cebde899750293d87a643090e5ea33c9b18d249267f507db68a0e01c3\",\n    \"version\": \"4.15.2\"\n  },\n  \"install_record\": {\n    \"build_stage\": \"/home/runner/.cache/textlayout-palace/build-stage\",\n    \"compiler_and_mpi_tail\": [\n      \"[+] /home/runner/.cache/textlayout-palace/spack-opt/linux-x86_64_v3/palace-0.17.0-fc5grs6ugcjdbzpdpqbqsnmf6ejlq4hx\",\n      \"==> Installing palace-0.17.0-fc5grs6ugcjdbzpdpqbqsnmf6ejlq4hx [63/63]\",\n      \"==> Updating view at /home/runner/.cache/textlayout-palace/environment/.spack-env/view\",\n      \"gcc (Ubuntu 13.3.0-6ubuntu2~24.04.1) 13.3.0\",\n      \"g++ (Ubuntu 13.3.0-6ubuntu2~24.04.1) 13.3.0\",\n      \"GNU Fortran (Ubuntu 13.3.0-6ubuntu2~24.04.1) 13.3.0\",\n      \"mpirun (Open MPI) 4.1.6\",\n      \"\"\n    ],\n    \"compiler_versions\": {\n      \"gcc\": \"gcc (Ubuntu 13.3.0-6ubuntu2~24.04.1) 13.3.0\",\n      \"gfortran\": \"GNU Fortran (Ubuntu 13.3.0-6ubuntu2~24.04.1) 13.3.0\",\n      \"gxx\": \"g++ (Ubuntu 13.3.0-6ubuntu2~24.04.1) 13.3.0\"\n    },\n    \"git_commit\": \"59e8c654c1cfcc84788b488daf0482682bcda2ba\",\n    \"gmsh\": {\n      \"available\": true,\n      \"expected_version\": \"4.15.2\",\n      \"module\": \"/home/runner/work/Text-to-Layout/Text-to-Layout/.venv/lib/python3.12/site-packages/gmsh.py\",\n      \"module_sha256\": \"f4b0935cebde899750293d87a643090e5ea33c9b18d249267f507db68a0e01c3\",\n      \"version\": \"4.15.2\"\n    },\n    \"gmsh_version\": \"4.15.2\",\n    \"install_tree\": \"/home/runner/.cache/textlayout-palace/spack-opt\",\n    \"installed_at\": \"2026-09-29T18:43:21.397659+00:00\",\n    \"mpi_version\": \"mpirun (Open MPI) 4.1.6\",\n    \"native_root\": \"/home/runner/.cache/textlayout-palace\",\n    \"palace_commit\": \"12d8069afb5aa9e169a17e303d735e120968e9f2\",\n    \"palace_executable\": \"/home/runner/.cache/textlayout-palace/spack-opt/linux-x86_64_v3/palace-0.17.0-fc5grs6ugcjdbzpdpqbqsnmf6ejlq4hx/bin/palace\",\n    \"palace_executable_sha256\": \"ad43ec030f51435f32150a5c72cb324ca03083d2ffc2f91405bbf41c6bc2240f\",\n    \"palace_version\": \"0.17.0\",\n    \"requested_version\": \"0.17.0\",\n    \"reused\": false,\n    \"schema\": \"textlayout.palace-install.v1\",\n    \"source_archive\": {\n      \"available\": true,\n      \"path\": \"/home/runner/work/Text-to-Layout/Text-to-Layout/.tools/external/sources/palace-12d8069afb5aa9e169a17e303d735e120968e9f2.tar.gz\",\n      \"sha256\": \"169f7fe210ea6e771a29bfe0803dd84a774b25b00d2aa3a1f33b9d97a510ff9d\",\n      \"size_bytes\": 47331791\n    },\n    \"source_archive_path\": \"/home/runner/work/Text-to-Layout/Text-to-Layout/.tools/external/sources/palace-12d8069afb5aa9e169a17e303d735e120968e9f2.tar.gz\",\n    \"source_archive_sha256\": \"169f7fe210ea6e771a29bfe0803dd84a774b25b00d2aa3a1f33b9d97a510ff9d\",\n    \"spack_commit\": \"0c2be44e4ece21eb091ad5de4c97716b7c6d4c87\",\n    \"spack_environment\": \"external_tools/palace/spack.yaml\",\n    \"spack_packages_commit\": \"a2928a3376d286ddbf07da62847d5ba5b0fa3c67\",\n    \"spack_runtime_cache\": \"/home/runner/.cache/textlayout-palace\",\n    \"spack_version\": \"1.1.0\",\n    \"status\": \"INSTALLED\",\n    \"strategy\": \"pinned_spack_wsl\"\n  },\n  \"required_palace_version\": \"0.17.0\",\n  \"schema\": \"textlayout.palace-toolchain.v1\"\n}\n", "truncated": false}, "resource_decision.json": {"size_bytes": 288, "tail": "{\n  \"accepted_processes\": 2,\n  \"available_mb\": 14806,\n  \"memory_tier\": \"unknown\",\n  \"preflight_peak_mb\": null,\n  \"rationale\": \"no peak-memory estimate available; honouring the requested count\",\n  \"requested_processes\": 2,\n  \"timestamp\": \"2026-09-29T18:43:39+00:00\",\n  \"total_mb\": 15989\n}\n", "truncated": false}, "run_manifest.json": {"unavailable": "FileNotFoundError"}, "base_mesh/mesh_metrics.json": {"size_bytes": 401, "tail": "{\n  \"element_count\": 206137,\n  \"extents\": {\n    \"lateral_margin_um\": 100.0,\n    \"lid_height_um\": 450.0,\n    \"substrate_thickness_um\": 300.0,\n    \"vacuum_height_um\": 300.0\n  },\n  \"mean_quality\": 0.7263143756565194,\n  \"mesh_scale\": 4.0,\n  \"mesh_sha256\": \"d2c7eee442ccec0b5acf7a37a98b61dd305b53bafb68f0d43dab3ba0dc2b069e\",\n  \"minimum_quality\": 0.15838171066132758,\n  \"runtime_seconds\": 7.7689208339998\n}\n", "truncated": false}, "base_mesh/palace_amr.json": {"size_bytes": 2038, "tail": "{\n  \"Boundaries\": {\n    \"PEC\": {\n      \"Attributes\": [\n        10,\n        11,\n        12,\n        30,\n        31\n      ]\n    }\n  },\n  \"Domains\": {\n    \"Materials\": [\n      {\n        \"Attributes\": [\n          1\n        ],\n        \"LossTan\": 1e-06,\n        \"Permeability\": 1.0,\n        \"Permittivity\": 11.45\n      },\n      {\n        \"Attributes\": [\n          2\n        ],\n        \"LossTan\": 1e-06,\n        \"Permeability\": 1.0,\n        \"Permittivity\": 11.45\n      },\n      {\n        \"Attributes\": [\n          3\n        ],\n        \"Permeability\": 1.0,\n        \"Permittivity\": 1.0\n      },\n      {\n        \"Attributes\": [\n          4\n        ],\n        \"Permeability\": 1.0,\n        \"Permittivity\": 1.0\n      },\n      {\n        \"Attributes\": [\n          5\n        ],\n        \"Permeability\": 1.0,\n        \"Permittivity\": 1.0\n      }\n    ],\n    \"Postprocessing\": {\n      \"Energy\": [\n        {\n          \"Attributes\": [\n            1\n          ],\n          \"Index\": 1\n        },\n        {\n          \"Attributes\": [\n            2\n          ],\n          \"Index\": 2\n        },\n        {\n          \"Attributes\": [\n            3\n          ],\n          \"Index\": 3\n        },\n        {\n          \"Attributes\": [\n            4\n          ],\n          \"Index\": 4\n        },\n        {\n          \"Attributes\": [\n            5\n          ],\n          \"Index\": 5\n        }\n      ]\n    }\n  },\n  \"Model\": {\n    \"L0\": 1e-06,\n    \"Mesh\": \"quarter_wave_base.msh\",\n    \"Refinement\": {\n      \"MaxIts\": 4,\n      \"Nonconformal\": false,\n      \"SaveAdaptIterations\": true,\n      \"SaveAdaptMesh\": true,\n      \"Tol\": 0.0001,\n      \"UpdateFraction\": 0.7\n    }\n  },\n  \"Problem\": {\n    \"Output\": \"postpro\",\n    \"OutputFormats\": {\n      \"GridFunction\": true,\n      \"Paraview\": true\n    },\n    \"Type\": \"Eigenmode\",\n    \"Verbose\": 2\n  },\n  \"Solver\": {\n    \"Device\": \"CPU\",\n    \"Eigenmode\": {\n      \"N\": 4,\n      \"Save\": 4,\n      \"Target\": 2.7,\n      \"Tol\": 1e-09\n    },\n    \"Linear\": {\n      \"MaxIts\": 1000,\n      \"Tol\": 1e-09,\n      \"Type\": \"Default\"\n    },\n    \"Order\": 1\n  }\n}\n", "truncated": false}, "base_mesh/palace.stdout.txt": {"size_bytes": 22476, "tail": "isk (grid function)\n\nCumulative timing statistics:\n\nElapsed Time Report (s)           Min.        Max.        Avg.\n==============================================================\nInitialization                   0.552       2.928       1.740\n  Mesh Preprocessing             1.587       3.963       2.775\nOperator Construction           55.209      55.238      55.224\nLinear Solve                    34.697      34.708      34.702\n  Setup                          7.540       7.547       7.543\n  Preconditioner                88.247      88.264      88.256\nEigenvalue Solve                15.981      16.035      16.008\nDiv.-Free Projection            89.399      89.452      89.425\nEstimation                       2.564       2.792       2.678\n  Construction                  49.729      49.736      49.732\n  Solve                         73.042      73.129      73.085\nAdaptation                       3.598       3.625       3.611\n  Rebalancing                    1.822       1.822       1.822\nPostprocessing                  20.782      20.919      20.851\n  Paraview                     151.116     151.119     151.118\n  Grid function                 79.028      79.029      79.028\nDisk IO                          1.232       1.235       1.233\n--------------------------------------------------------------\nTotal                          678.854     678.854     678.854\n\nPeak Memory                   Per-Node       Total   Total HWM\n==============================================================\nInitialization                    4.1M        4.1M        4.1M\n  Mesh Preprocessing            152.4M      152.4M      156.5M\nOperator Construction           297.2M      297.2M      453.8M\nLinear Solve                      0.0K        0.0K      453.8M\n  Setup                           1.5G        1.5G        1.9G\n  Preconditioner                 10.5G       10.5G       12.5G\nEigenvalue Solve                 62.0M       62.0M       12.5G\nDiv.-Free Projection            199.9M      199.9M       12.7G\nEstimation                      697.2M      697.2M       13.4G\n  Construction                    0.0K        0.0K       13.4G\n  Solve                         477.1M      477.1M       13.9G\nAdaptation                        0.0K        0.0K       13.9G\n  Rebalancing                     0.0K        0.0K       13.9G\nPostprocessing                  109.0M      109.0M       14.0G\n  Paraview                       95.3M       95.3M       14.1G\n  Grid function                   0.0K        0.0K       14.1G\nDisk IO                          68.5M       68.5M       14.1G\n--------------------------------------------------------------\nTotal                            14.1G       14.1G       14.1G\nEstimated peak per-rank memory usage is: Min. 6.9G, Max. 7.3G, Avg. 7.1G, Total 14.2G\nEstimated peak per-node memory usage is: Min. 14.2G, Max. 14.2G, Avg. 14.2G, Total 14.2G\n\nAdaptive mesh refinement (AMR) iteration 2:\n Indicator norm = 3.846e-01, global unknowns = 924336\n Max. iterations = 4, tol. = 1.000e-04\n Marked 127539/759141 elements for refinement (70.00% of the error, \u03b8 = 0.70)\n Conforming mesh refinement added 2607704 elements (initial = 759141, final = 3366845)\n Rebalanced mesh: Ratio 1.161 exceeded max. allowed value 1.100 (new ratio = 1.000)\n\nParallel Mesh Stats:\n\n                minimum     average     maximum       total\n vertices        304927      306126      307326      612253\n edges          2019354     2022337     2025320     4044674\n faces          3397808     3399633     3401458     6799266\n elements       1683380     1683422     1683465     3366845\n neighbors            1           1           1\n\n            minimum     maximum\n h      0.000163591   0.0319171\n kappa      1.04077     28.0205\n\nProceeding with solve/estimate iteration 3...\n\nConfiguring Dirichlet PEC BC at attributes:\n 10-12, 30-31\n\nAssembling system matrices, number of global unknowns:\n H1 (p = 1): 612253, ND (p = 1): 4044674, RT (p = 1): 6799266\n Operator assembly level: Partial\n Mesh geometries:\n  Tetrahedron: P = 6, Q = 4 (quadrature order = 2)\n\nConfiguring ARPACK eigenvalue solver:\n", "truncated": true}, "base_mesh/palace.stderr.txt": {"size_bytes": 0, "tail": "", "truncated": false}, "base_mesh/resource_summary.json": {"unavailable": "FileNotFoundError"}, "base_mesh/resource_samples.json": {"unavailable": "FileNotFoundError"}}, "cgroup_path": "/system.slice/hosted-compute-agent.service", "cgroup_memory": {"memory.current": {"size_bytes": 0, "tail": "11291181056\n", "truncated": false}, "memory.peak": {"size_bytes": 0, "tail": "15845789696\n", "truncated": false}, "memory.max": {"size_bytes": 0, "tail": "max\n", "truncated": false}, "memory.events": {"size_bytes": 0, "tail": "low 0\nhigh 0\nmax 0\noom 0\noom_kill 0\noom_group_kill 0\n", "truncated": false}}, "process_columns": "pid ppid rss_KiB vsz_KiB cpu_percent command_name", "largest_processes": [" 679867  679825 5466252 5779324 99.9 palace-x86_64.b", " 679870  679825 4734488 5042956 99.9 palace-x86_64.b", "   2046    2044 112792 1431512 0.3 provjobd1305015", "   2090    2032 74460 274345440 0.0 Runner.Listener", "   2112    2090 72396 274614764 0.4 Runner.Worker", "   1154       1 64772 2127092 0.0 dockerd", " 679567  679564 54232 1295176 1.1 textlayout", "    987       1 45784 295280  0.0 php-fpm8.3", "    225       1 43716 305388  0.0 multipathd", "   1063       1 42496 1960992 0.0 containerd", "   1712    1021 33708 454656  0.0 python3", "   1021       1 27520  39480  0.0 python3"]}
palace	UNKNOWN STEP	2026-09-29T19:00:08.8844278Z {"schema": "textlayout.palace-ci-observation.v1", "timestamp": "2026-09-29T19:00:08.862402+00:00", "scope": "host/process diagnostics; not numerical validation", "meminfo": {"unavailable": "OSError"}, "files": {"toolchain.json": {"size_bytes": 3922, "tail": "{\n  \"capability\": {\n    \"available\": true,\n    \"container_digest\": null,\n    \"container_engine\": null,\n    \"container_image\": null,\n    \"executable\": \"/home/runner/.cache/textlayout-palace/spack-opt/linux-x86_64_v3/palace-0.17.0-fc5grs6ugcjdbzpdpqbqsnmf6ejlq4hx/bin/palace\",\n    \"executable_sha256\": \"ad43ec030f51435f32150a5c72cb324ca03083d2ffc2f91405bbf41c6bc2240f\",\n    \"execution_kind\": \"executable\",\n    \"identified\": true,\n    \"mpi_launcher\": \"/usr/bin/mpirun\",\n    \"status\": \"AVAILABLE\",\n    \"unavailable_reason\": null,\n    \"version\": \"0.17.0\"\n  },\n  \"generated_at\": \"2026-09-29T18:43:39+00:00\",\n  \"git_commit\": \"59e8c654c1cfcc84788b488daf0482682bcda2ba\",\n  \"gmsh\": {\n    \"available\": true,\n    \"expected_version\": \"4.15.2\",\n    \"module\": \"/home/runner/work/Text-to-Layout/Text-to-Layout/.venv/lib/python3.12/site-packages/gmsh.py\",\n    \"module_sha256\": \"f4b0935cebde899750293d87a643090e5ea33c9b18d249267f507db68a0e01c3\",\n    \"version\": \"4.15.2\"\n  },\n  \"install_record\": {\n    \"build_stage\": \"/home/runner/.cache/textlayout-palace/build-stage\",\n    \"compiler_and_mpi_tail\": [\n      \"[+] /home/runner/.cache/textlayout-palace/spack-opt/linux-x86_64_v3/palace-0.17.0-fc5grs6ugcjdbzpdpqbqsnmf6ejlq4hx\",\n      \"==> Installing palace-0.17.0-fc5grs6ugcjdbzpdpqbqsnmf6ejlq4hx [63/63]\",\n      \"==> Updating view at /home/runner/.cache/textlayout-palace/environment/.spack-env/view\",\n      \"gcc (Ubuntu 13.3.0-6ubuntu2~24.04.1) 13.3.0\",\n      \"g++ (Ubuntu 13.3.0-6ubuntu2~24.04.1) 13.3.0\",\n      \"GNU Fortran (Ubuntu 13.3.0-6ubuntu2~24.04.1) 13.3.0\",\n      \"mpirun (Open MPI) 4.1.6\",\n      \"\"\n    ],\n    \"compiler_versions\": {\n      \"gcc\": \"gcc (Ubuntu 13.3.0-6ubuntu2~24.04.1) 13.3.0\",\n      \"gfortran\": \"GNU Fortran (Ubuntu 13.3.0-6ubuntu2~24.04.1) 13.3.0\",\n      \"gxx\": \"g++ (Ubuntu 13.3.0-6ubuntu2~24.04.1) 13.3.0\"\n    },\n    \"git_commit\": \"59e8c654c1cfcc84788b488daf0482682bcda2ba\",\n    \"gmsh\": {\n      \"available\": true,\n      \"expected_version\": \"4.15.2\",\n      \"module\": \"/home/runner/work/Text-to-Layout/Text-to-Layout/.venv/lib/python3.12/site-packages/gmsh.py\",\n      \"module_sha256\": \"f4b0935cebde899750293d87a643090e5ea33c9b18d249267f507db68a0e01c3\",\n      \"version\": \"4.15.2\"\n    },\n    \"gmsh_version\": \"4.15.2\",\n    \"install_tree\": \"/home/runner/.cache/textlayout-palace/spack-opt\",\n    \"installed_at\": \"2026-09-29T18:43:21.397659+00:00\",\n    \"mpi_version\": \"mpirun (Open MPI) 4.1.6\",\n    \"native_root\": \"/home/runner/.cache/textlayout-palace\",\n    \"palace_commit\": \"12d8069afb5aa9e169a17e303d735e120968e9f2\",\n    \"palace_executable\": \"/home/runner/.cache/textlayout-palace/spack-opt/linux-x86_64_v3/palace-0.17.0-fc5grs6ugcjdbzpdpqbqsnmf6ejlq4hx/bin/palace\",\n    \"palace_executable_sha256\": \"ad43ec030f51435f32150a5c72cb324ca03083d2ffc2f91405bbf41c6bc2240f\",\n    \"palace_version\": \"0.17.0\",\n    \"requested_version\": \"0.17.0\",\n    \"reused\": false,\n    \"schema\": \"textlayout.palace-install.v1\",\n    \"source_archive\": {\n      \"available\": true,\n      \"path\": \"/home/runner/work/Text-to-Layout/Text-to-Layout/.tools/external/sources/palace-12d8069afb5aa9e169a17e303d735e120968e9f2.tar.gz\",\n      \"sha256\": \"169f7fe210ea6e771a29bfe0803dd84a774b25b00d2aa3a1f33b9d97a510ff9d\",\n      \"size_bytes\": 47331791\n    },\n    \"source_archive_path\": \"/home/runner/work/Text-to-Layout/Text-to-Layout/.tools/external/sources/palace-12d8069afb5aa9e169a17e303d735e120968e9f2.tar.gz\",\n    \"source_archive_sha256\": \"169f7fe210ea6e771a29bfe0803dd84a774b25b00d2aa3a1f33b9d97a510ff9d\",\n    \"spack_commit\": \"0c2be44e4ece21eb091ad5de4c97716b7c6d4c87\",\n    \"spack_environment\": \"external_tools/palace/spack.yaml\",\n    \"spack_packages_commit\": \"a2928a3376d286ddbf07da62847d5ba5b0fa3c67\",\n    \"spack_runtime_cache\": \"/home/runner/.cache/textlayout-palace\",\n    \"spack_version\": \"1.1.0\",\n    \"status\": \"INSTALLED\",\n    \"strategy\": \"pinned_spack_wsl\"\n  },\n  \"required_palace_version\": \"0.17.0\",\n  \"schema\": \"textlayout.palace-toolchain.v1\"\n}\n", "truncated": false}, "resource_decision.json": {"size_bytes": 288, "tail": "{\n  \"accepted_processes\": 2,\n  \"available_mb\": 14806,\n  \"memory_tier\": \"unknown\",\n  \"preflight_peak_mb\": null,\n  \"rationale\": \"no peak-memory estimate available; honouring the requested count\",\n  \"requested_processes\": 2,\n  \"timestamp\": \"2026-09-29T18:43:39+00:00\",\n  \"total_mb\": 15989\n}\n", "truncated": false}, "run_manifest.json": {"unavailable": "FileNotFoundError"}, "base_mesh/mesh_metrics.json": {"size_bytes": 401, "tail": "{\n  \"element_count\": 206137,\n  \"extents\": {\n    \"lateral_margin_um\": 100.0,\n    \"lid_height_um\": 450.0,\n    \"substrate_thickness_um\": 300.0,\n    \"vacuum_height_um\": 300.0\n  },\n  \"mean_quality\": 0.7263143756565194,\n  \"mesh_scale\": 4.0,\n  \"mesh_sha256\": \"d2c7eee442ccec0b5acf7a37a98b61dd305b53bafb68f0d43dab3ba0dc2b069e\",\n  \"minimum_quality\": 0.15838171066132758,\n  \"runtime_seconds\": 7.7689208339998\n}\n", "truncated": false}, "base_mesh/palace_amr.json": {"size_bytes": 2038, "tail": "{\n  \"Boundaries\": {\n    \"PEC\": {\n      \"Attributes\": [\n        10,\n        11,\n        12,\n        30,\n        31\n      ]\n    }\n  },\n  \"Domains\": {\n    \"Materials\": [\n      {\n        \"Attributes\": [\n          1\n        ],\n        \"LossTan\": 1e-06,\n        \"Permeability\": 1.0,\n        \"Permittivity\": 11.45\n      },\n      {\n        \"Attributes\": [\n          2\n        ],\n        \"LossTan\": 1e-06,\n        \"Permeability\": 1.0,\n        \"Permittivity\": 11.45\n      },\n      {\n        \"Attributes\": [\n          3\n        ],\n        \"Permeability\": 1.0,\n        \"Permittivity\": 1.0\n      },\n      {\n        \"Attributes\": [\n          4\n        ],\n        \"Permeability\": 1.0,\n        \"Permittivity\": 1.0\n      },\n      {\n        \"Attributes\": [\n          5\n        ],\n        \"Permeability\": 1.0,\n        \"Permittivity\": 1.0\n      }\n    ],\n    \"Postprocessing\": {\n      \"Energy\": [\n        {\n          \"Attributes\": [\n            1\n          ],\n          \"Index\": 1\n        },\n        {\n          \"Attributes\": [\n            2\n          ],\n          \"Index\": 2\n        },\n        {\n          \"Attributes\": [\n            3\n          ],\n          \"Index\": 3\n        },\n        {\n          \"Attributes\": [\n            4\n          ],\n          \"Index\": 4\n        },\n        {\n          \"Attributes\": [\n            5\n          ],\n          \"Index\": 5\n        }\n      ]\n    }\n  },\n  \"Model\": {\n    \"L0\": 1e-06,\n    \"Mesh\": \"quarter_wave_base.msh\",\n    \"Refinement\": {\n      \"MaxIts\": 4,\n      \"Nonconformal\": false,\n      \"SaveAdaptIterations\": true,\n      \"SaveAdaptMesh\": true,\n      \"Tol\": 0.0001,\n      \"UpdateFraction\": 0.7\n    }\n  },\n  \"Problem\": {\n    \"Output\": \"postpro\",\n    \"OutputFormats\": {\n      \"GridFunction\": true,\n      \"Paraview\": true\n    },\n    \"Type\": \"Eigenmode\",\n    \"Verbose\": 2\n  },\n  \"Solver\": {\n    \"Device\": \"CPU\",\n    \"Eigenmode\": {\n      \"N\": 4,\n      \"Save\": 4,\n      \"Target\": 2.7,\n      \"Tol\": 1e-09\n    },\n    \"Linear\": {\n      \"MaxIts\": 1000,\n      \"Tol\": 1e-09,\n      \"Type\": \"Default\"\n    },\n    \"Order\": 1\n  }\n}\n", "truncated": false}, "base_mesh/palace.stdout.txt": {"size_bytes": 22476, "tail": "isk (grid function)\n\nCumulative timing statistics:\n\nElapsed Time Report (s)           Min.        Max.        Avg.\n==============================================================\nInitialization                   0.552       2.928       1.740\n  Mesh Preprocessing             1.587       3.963       2.775\nOperator Construction           55.209      55.238      55.224\nLinear Solve                    34.697      34.708      34.702\n  Setup                          7.540       7.547       7.543\n  Preconditioner                88.247      88.264      88.256\nEigenvalue Solve                15.981      16.035      16.008\nDiv.-Free Projection            89.399      89.452      89.425\nEstimation                       2.564       2.792       2.678\n  Construction                  49.729      49.736      49.732\n  Solve                         73.042      73.129      73.085\nAdaptation                       3.598       3.625       3.611\n  Rebalancing                    1.822       1.822       1.822\nPostprocessing                  20.782      20.919      20.851\n  Paraview                     151.116     151.119     151.118\n  Grid function                 79.028      79.029      79.028\nDisk IO                          1.232       1.235       1.233\n--------------------------------------------------------------\nTotal                          678.854     678.854     678.854\n\nPeak Memory                   Per-Node       Total   Total HWM\n==============================================================\nInitialization                    4.1M        4.1M        4.1M\n  Mesh Preprocessing            152.4M      152.4M      156.5M\nOperator Construction           297.2M      297.2M      453.8M\nLinear Solve                      0.0K        0.0K      453.8M\n  Setup                           1.5G        1.5G        1.9G\n  Preconditioner                 10.5G       10.5G       12.5G\nEigenvalue Solve                 62.0M       62.0M       12.5G\nDiv.-Free Projection            199.9M      199.9M       12.7G\nEstimation                      697.2M      697.2M       13.4G\n  Construction                    0.0K        0.0K       13.4G\n  Solve                         477.1M      477.1M       13.9G\nAdaptation                        0.0K        0.0K       13.9G\n  Rebalancing                     0.0K        0.0K       13.9G\nPostprocessing                  109.0M      109.0M       14.0G\n  Paraview                       95.3M       95.3M       14.1G\n  Grid function                   0.0K        0.0K       14.1G\nDisk IO                          68.5M       68.5M       14.1G\n--------------------------------------------------------------\nTotal                            14.1G       14.1G       14.1G\nEstimated peak per-rank memory usage is: Min. 6.9G, Max. 7.3G, Avg. 7.1G, Total 14.2G\nEstimated peak per-node memory usage is: Min. 14.2G, Max. 14.2G, Avg. 14.2G, Total 14.2G\n\nAdaptive mesh refinement (AMR) iteration 2:\n Indicator norm = 3.846e-01, global unknowns = 924336\n Max. iterations = 4, tol. = 1.000e-04\n Marked 127539/759141 elements for refinement (70.00% of the error, \u03b8 = 0.70)\n Conforming mesh refinement added 2607704 elements (initial = 759141, final = 3366845)\n Rebalanced mesh: Ratio 1.161 exceeded max. allowed value 1.100 (new ratio = 1.000)\n\nParallel Mesh Stats:\n\n                minimum     average     maximum       total\n vertices        304927      306126      307326      612253\n edges          2019354     2022337     2025320     4044674\n faces          3397808     3399633     3401458     6799266\n elements       1683380     1683422     1683465     3366845\n neighbors            1           1           1\n\n            minimum     maximum\n h      0.000163591   0.0319171\n kappa      1.04077     28.0205\n\nProceeding with solve/estimate iteration 3...\n\nConfiguring Dirichlet PEC BC at attributes:\n 10-12, 30-31\n\nAssembling system matrices, number of global unknowns:\n H1 (p = 1): 612253, ND (p = 1): 4044674, RT (p = 1): 6799266\n Operator assembly level: Partial\n Mesh geometries:\n  Tetrahedron: P = 6, Q = 4 (quadrature order = 2)\n\nConfiguring ARPACK eigenvalue solver:\n", "truncated": true}, "base_mesh/palace.stderr.txt": {"size_bytes": 0, "tail": "", "truncated": false}, "base_mesh/resource_summary.json": {"unavailable": "FileNotFoundError"}, "base_mesh/resource_samples.json": {"unavailable": "FileNotFoundError"}}, "cgroup_path": "/system.slice/hosted-compute-agent.service", "cgroup_memory": {"memory.current": {"size_bytes": 0, "tail": "11291213824\n", "truncated": false}, "memory.peak": {"size_bytes": 0, "tail": "15845789696\n", "truncated": false}, "memory.max": {"size_bytes": 0, "tail": "max\n", "truncated": false}, "memory.events": {"size_bytes": 0, "tail": "low 0\nhigh 0\nmax 0\noom 0\noom_kill 0\noom_group_kill 0\n", "truncated": false}}, "process_columns": "pid ppid rss_KiB vsz_KiB cpu_percent command_name", "largest_processes": [" 679867  679825 5466252 5779324 99.9 palace-x86_64.b", " 679870  679825 4734488 5042956 99.9 palace-x86_64.b", "   2046    2044 112796 1431512 0.3 provjobd1305015", "   2090    2032 74460 274345440 0.0 Runner.Listener", "   2112    2090 72384 274614748 0.4 Runner.Worker", "   1154       1 64772 2127092 0.0 dockerd", " 679567  679564 54236 1295176 1.1 textlayout", "    987       1 45784 295280  0.0 php-fpm8.3", "    225       1 43716 305388  0.0 multipathd", "   1063       1 42496 1960992 0.0 containerd", "   1712    1021 33708 454656  0.0 python3", "   1021       1 27520  39480  0.0 python3"]}
palace	UNKNOWN STEP	2026-09-29T19:00:38.9018767Z {"schema": "textlayout.palace-ci-observation.v1", "timestamp": "2026-09-29T19:00:38.879277+00:00", "scope": "host/process diagnostics; not numerical validation", "meminfo": {"unavailable": "OSError"}, "files": {"toolchain.json": {"size_bytes": 3922, "tail": "{\n  \"capability\": {\n    \"available\": true,\n    \"container_digest\": null,\n    \"container_engine\": null,\n    \"container_image\": null,\n    \"executable\": \"/home/runner/.cache/textlayout-palace/spack-opt/linux-x86_64_v3/palace-0.17.0-fc5grs6ugcjdbzpdpqbqsnmf6ejlq4hx/bin/palace\",\n    \"executable_sha256\": \"ad43ec030f51435f32150a5c72cb324ca03083d2ffc2f91405bbf41c6bc2240f\",\n    \"execution_kind\": \"executable\",\n    \"identified\": true,\n    \"mpi_launcher\": \"/usr/bin/mpirun\",\n    \"status\": \"AVAILABLE\",\n    \"unavailable_reason\": null,\n    \"version\": \"0.17.0\"\n  },\n  \"generated_at\": \"2026-09-29T18:43:39+00:00\",\n  \"git_commit\": \"59e8c654c1cfcc84788b488daf0482682bcda2ba\",\n  \"gmsh\": {\n    \"available\": true,\n    \"expected_version\": \"4.15.2\",\n    \"module\": \"/home/runner/work/Text-to-Layout/Text-to-Layout/.venv/lib/python3.12/site-packages/gmsh.py\",\n    \"module_sha256\": \"f4b0935cebde899750293d87a643090e5ea33c9b18d249267f507db68a0e01c3\",\n    \"version\": \"4.15.2\"\n  },\n  \"install_record\": {\n    \"build_stage\": \"/home/runner/.cache/textlayout-palace/build-stage\",\n    \"compiler_and_mpi_tail\": [\n      \"[+] /home/runner/.cache/textlayout-palace/spack-opt/linux-x86_64_v3/palace-0.17.0-fc5grs6ugcjdbzpdpqbqsnmf6ejlq4hx\",\n      \"==> Installing palace-0.17.0-fc5grs6ugcjdbzpdpqbqsnmf6ejlq4hx [63/63]\",\n      \"==> Updating view at /home/runner/.cache/textlayout-palace/environment/.spack-env/view\",\n      \"gcc (Ubuntu 13.3.0-6ubuntu2~24.04.1) 13.3.0\",\n      \"g++ (Ubuntu 13.3.0-6ubuntu2~24.04.1) 13.3.0\",\n      \"GNU Fortran (Ubuntu 13.3.0-6ubuntu2~24.04.1) 13.3.0\",\n      \"mpirun (Open MPI) 4.1.6\",\n      \"\"\n    ],\n    \"compiler_versions\": {\n      \"gcc\": \"gcc (Ubuntu 13.3.0-6ubuntu2~24.04.1) 13.3.0\",\n      \"gfortran\": \"GNU Fortran (Ubuntu 13.3.0-6ubuntu2~24.04.1) 13.3.0\",\n      \"gxx\": \"g++ (Ubuntu 13.3.0-6ubuntu2~24.04.1) 13.3.0\"\n    },\n    \"git_commit\": \"59e8c654c1cfcc84788b488daf0482682bcda2ba\",\n    \"gmsh\": {\n      \"available\": true,\n      \"expected_version\": \"4.15.2\",\n      \"module\": \"/home/runner/work/Text-to-Layout/Text-to-Layout/.venv/lib/python3.12/site-packages/gmsh.py\",\n      \"module_sha256\": \"f4b0935cebde899750293d87a643090e5ea33c9b18d249267f507db68a0e01c3\",\n      \"version\": \"4.15.2\"\n    },\n    \"gmsh_version\": \"4.15.2\",\n    \"install_tree\": \"/home/runner/.cache/textlayout-palace/spack-opt\",\n    \"installed_at\": \"2026-09-29T18:43:21.397659+00:00\",\n    \"mpi_version\": \"mpirun (Open MPI) 4.1.6\",\n    \"native_root\": \"/home/runner/.cache/textlayout-palace\",\n    \"palace_commit\": \"12d8069afb5aa9e169a17e303d735e120968e9f2\",\n    \"palace_executable\": \"/home/runner/.cache/textlayout-palace/spack-opt/linux-x86_64_v3/palace-0.17.0-fc5grs6ugcjdbzpdpqbqsnmf6ejlq4hx/bin/palace\",\n    \"palace_executable_sha256\": \"ad43ec030f51435f32150a5c72cb324ca03083d2ffc2f91405bbf41c6bc2240f\",\n    \"palace_version\": \"0.17.0\",\n    \"requested_version\": \"0.17.0\",\n    \"reused\": false,\n    \"schema\": \"textlayout.palace-install.v1\",\n    \"source_archive\": {\n      \"available\": true,\n      \"path\": \"/home/runner/work/Text-to-Layout/Text-to-Layout/.tools/external/sources/palace-12d8069afb5aa9e169a17e303d735e120968e9f2.tar.gz\",\n      \"sha256\": \"169f7fe210ea6e771a29bfe0803dd84a774b25b00d2aa3a1f33b9d97a510ff9d\",\n      \"size_bytes\": 47331791\n    },\n    \"source_archive_path\": \"/home/runner/work/Text-to-Layout/Text-to-Layout/.tools/external/sources/palace-12d8069afb5aa9e169a17e303d735e120968e9f2.tar.gz\",\n    \"source_archive_sha256\": \"169f7fe210ea6e771a29bfe0803dd84a774b25b00d2aa3a1f33b9d97a510ff9d\",\n    \"spack_commit\": \"0c2be44e4ece21eb091ad5de4c97716b7c6d4c87\",\n    \"spack_environment\": \"external_tools/palace/spack.yaml\",\n    \"spack_packages_commit\": \"a2928a3376d286ddbf07da62847d5ba5b0fa3c67\",\n    \"spack_runtime_cache\": \"/home/runner/.cache/textlayout-palace\",\n    \"spack_version\": \"1.1.0\",\n    \"status\": \"INSTALLED\",\n    \"strategy\": \"pinned_spack_wsl\"\n  },\n  \"required_palace_version\": \"0.17.0\",\n  \"schema\": \"textlayout.palace-toolchain.v1\"\n}\n", "truncated": false}, "resource_decision.json": {"size_bytes": 288, "tail": "{\n  \"accepted_processes\": 2,\n  \"available_mb\": 14806,\n  \"memory_tier\": \"unknown\",\n  \"preflight_peak_mb\": null,\n  \"rationale\": \"no peak-memory estimate available; honouring the requested count\",\n  \"requested_processes\": 2,\n  \"timestamp\": \"2026-09-29T18:43:39+00:00\",\n  \"total_mb\": 15989\n}\n", "truncated": false}, "run_manifest.json": {"unavailable": "FileNotFoundError"}, "base_mesh/mesh_metrics.json": {"size_bytes": 401, "tail": "{\n  \"element_count\": 206137,\n  \"extents\": {\n    \"lateral_margin_um\": 100.0,\n    \"lid_height_um\": 450.0,\n    \"substrate_thickness_um\": 300.0,\n    \"vacuum_height_um\": 300.0\n  },\n  \"mean_quality\": 0.7263143756565194,\n  \"mesh_scale\": 4.0,\n  \"mesh_sha256\": \"d2c7eee442ccec0b5acf7a37a98b61dd305b53bafb68f0d43dab3ba0dc2b069e\",\n  \"minimum_quality\": 0.15838171066132758,\n  \"runtime_seconds\": 7.7689208339998\n}\n", "truncated": false}, "base_mesh/palace_amr.json": {"size_bytes": 2038, "tail": "{\n  \"Boundaries\": {\n    \"PEC\": {\n      \"Attributes\": [\n        10,\n        11,\n        12,\n        30,\n        31\n      ]\n    }\n  },\n  \"Domains\": {\n    \"Materials\": [\n      {\n        \"Attributes\": [\n          1\n        ],\n        \"LossTan\": 1e-06,\n        \"Permeability\": 1.0,\n        \"Permittivity\": 11.45\n      },\n      {\n        \"Attributes\": [\n          2\n        ],\n        \"LossTan\": 1e-06,\n        \"Permeability\": 1.0,\n        \"Permittivity\": 11.45\n      },\n      {\n        \"Attributes\": [\n          3\n        ],\n        \"Permeability\": 1.0,\n        \"Permittivity\": 1.0\n      },\n      {\n        \"Attributes\": [\n          4\n        ],\n        \"Permeability\": 1.0,\n        \"Permittivity\": 1.0\n      },\n      {\n        \"Attributes\": [\n          5\n        ],\n        \"Permeability\": 1.0,\n        \"Permittivity\": 1.0\n      }\n    ],\n    \"Postprocessing\": {\n      \"Energy\": [\n        {\n          \"Attributes\": [\n            1\n          ],\n          \"Index\": 1\n        },\n        {\n          \"Attributes\": [\n            2\n          ],\n          \"Index\": 2\n        },\n        {\n          \"Attributes\": [\n            3\n          ],\n          \"Index\": 3\n        },\n        {\n          \"Attributes\": [\n            4\n          ],\n          \"Index\": 4\n        },\n        {\n          \"Attributes\": [\n            5\n          ],\n          \"Index\": 5\n        }\n      ]\n    }\n  },\n  \"Model\": {\n    \"L0\": 1e-06,\n    \"Mesh\": \"quarter_wave_base.msh\",\n    \"Refinement\": {\n      \"MaxIts\": 4,\n      \"Nonconformal\": false,\n      \"SaveAdaptIterations\": true,\n      \"SaveAdaptMesh\": true,\n      \"Tol\": 0.0001,\n      \"UpdateFraction\": 0.7\n    }\n  },\n  \"Problem\": {\n    \"Output\": \"postpro\",\n    \"OutputFormats\": {\n      \"GridFunction\": true,\n      \"Paraview\": true\n    },\n    \"Type\": \"Eigenmode\",\n    \"Verbose\": 2\n  },\n  \"Solver\": {\n    \"Device\": \"CPU\",\n    \"Eigenmode\": {\n      \"N\": 4,\n      \"Save\": 4,\n      \"Target\": 2.7,\n      \"Tol\": 1e-09\n    },\n    \"Linear\": {\n      \"MaxIts\": 1000,\n      \"Tol\": 1e-09,\n      \"Type\": \"Default\"\n    },\n    \"Order\": 1\n  }\n}\n", "truncated": false}, "base_mesh/palace.stdout.txt": {"size_bytes": 22586, "tail": "Avg.\n==============================================================\nInitialization                   0.552       2.928       1.740\n  Mesh Preprocessing             1.587       3.963       2.775\nOperator Construction           55.209      55.238      55.224\nLinear Solve                    34.697      34.708      34.702\n  Setup                          7.540       7.547       7.543\n  Preconditioner                88.247      88.264      88.256\nEigenvalue Solve                15.981      16.035      16.008\nDiv.-Free Projection            89.399      89.452      89.425\nEstimation                       2.564       2.792       2.678\n  Construction                  49.729      49.736      49.732\n  Solve                         73.042      73.129      73.085\nAdaptation                       3.598       3.625       3.611\n  Rebalancing                    1.822       1.822       1.822\nPostprocessing                  20.782      20.919      20.851\n  Paraview                     151.116     151.119     151.118\n  Grid function                 79.028      79.029      79.028\nDisk IO                          1.232       1.235       1.233\n--------------------------------------------------------------\nTotal                          678.854     678.854     678.854\n\nPeak Memory                   Per-Node       Total   Total HWM\n==============================================================\nInitialization                    4.1M        4.1M        4.1M\n  Mesh Preprocessing            152.4M      152.4M      156.5M\nOperator Construction           297.2M      297.2M      453.8M\nLinear Solve                      0.0K        0.0K      453.8M\n  Setup                           1.5G        1.5G        1.9G\n  Preconditioner                 10.5G       10.5G       12.5G\nEigenvalue Solve                 62.0M       62.0M       12.5G\nDiv.-Free Projection            199.9M      199.9M       12.7G\nEstimation                      697.2M      697.2M       13.4G\n  Construction                    0.0K        0.0K       13.4G\n  Solve                         477.1M      477.1M       13.9G\nAdaptation                        0.0K        0.0K       13.9G\n  Rebalancing                     0.0K        0.0K       13.9G\nPostprocessing                  109.0M      109.0M       14.0G\n  Paraview                       95.3M       95.3M       14.1G\n  Grid function                   0.0K        0.0K       14.1G\nDisk IO                          68.5M       68.5M       14.1G\n--------------------------------------------------------------\nTotal                            14.1G       14.1G       14.1G\nEstimated peak per-rank memory usage is: Min. 6.9G, Max. 7.3G, Avg. 7.1G, Total 14.2G\nEstimated peak per-node memory usage is: Min. 14.2G, Max. 14.2G, Avg. 14.2G, Total 14.2G\n\nAdaptive mesh refinement (AMR) iteration 2:\n Indicator norm = 3.846e-01, global unknowns = 924336\n Max. iterations = 4, tol. = 1.000e-04\n Marked 127539/759141 elements for refinement (70.00% of the error, \u03b8 = 0.70)\n Conforming mesh refinement added 2607704 elements (initial = 759141, final = 3366845)\n Rebalanced mesh: Ratio 1.161 exceeded max. allowed value 1.100 (new ratio = 1.000)\n\nParallel Mesh Stats:\n\n                minimum     average     maximum       total\n vertices        304927      306126      307326      612253\n edges          2019354     2022337     2025320     4044674\n faces          3397808     3399633     3401458     6799266\n elements       1683380     1683422     1683465     3366845\n neighbors            1           1           1\n\n            minimum     maximum\n h      0.000163591   0.0319171\n kappa      1.04077     28.0205\n\nProceeding with solve/estimate iteration 3...\n\nConfiguring Dirichlet PEC BC at attributes:\n 10-12, 30-31\n\nAssembling system matrices, number of global unknowns:\n H1 (p = 1): 612253, ND (p = 1): 4044674, RT (p = 1): 6799266\n Operator assembly level: Partial\n Mesh geometries:\n  Tetrahedron: P = 6, Q = 4 (quadrature order = 2)\n\nConfiguring ARPACK eigenvalue solver:\n Scaling \u03b3 = 1.133e+06, \u03b4 = 6.889e-06\n Configuring divergence-free projection\n Using random starting vector\n", "truncated": true}, "base_mesh/palace.stderr.txt": {"size_bytes": 0, "tail": "", "truncated": false}, "base_mesh/resource_summary.json": {"unavailable": "FileNotFoundError"}, "base_mesh/resource_samples.json": {"unavailable": "FileNotFoundError"}}, "cgroup_path": "/system.slice/hosted-compute-agent.service", "cgroup_memory": {"memory.current": {"size_bytes": 0, "tail": "13706579968\n", "truncated": false}, "memory.peak": {"size_bytes": 0, "tail": "15845789696\n", "truncated": false}, "memory.max": {"size_bytes": 0, "tail": "max\n", "truncated": false}, "memory.events": {"size_bytes": 0, "tail": "low 0\nhigh 0\nmax 0\noom 0\noom_kill 0\noom_group_kill 0\n", "truncated": false}}, "process_columns": "pid ppid rss_KiB vsz_KiB cpu_percent command_name", "largest_processes": [" 679867  679825 6623924 6936716 99.9 palace-x86_64.b", " 679870  679825 5931596 6239740 99.9 palace-x86_64.b", "   2046    2044 112860 1431512 0.3 provjobd1305015", "   2090    2032 74460 274345440 0.0 Runner.Listener", "   2112    2090 72384 274614748 0.4 Runner.Worker", "   1154       1 64628 2127092 0.0 dockerd", " 679567  679564 54244 1295176 1.1 textlayout", "    987       1 45784 295280  0.0 php-fpm8.3", "    225       1 43716 305388  0.0 multipathd", "   1063       1 42496 1960992 0.0 containerd", "   1712    1021 33708 454656  0.0 python3", "   1021       1 27520  39480  0.0 python3"]}
palace	UNKNOWN STEP	2026-09-29T19:01:09.3462670Z {"schema": "textlayout.palace-ci-observation.v1", "timestamp": "2026-09-29T19:01:08.898254+00:00", "scope": "host/process diagnostics; not numerical validation", "meminfo": {"unavailable": "OSError"}, "files": {"toolchain.json": {"size_bytes": 3922, "tail": "{\n  \"capability\": {\n    \"available\": true,\n    \"container_digest\": null,\n    \"container_engine\": null,\n    \"container_image\": null,\n    \"executable\": \"/home/runner/.cache/textlayout-palace/spack-opt/linux-x86_64_v3/palace-0.17.0-fc5grs6ugcjdbzpdpqbqsnmf6ejlq4hx/bin/palace\",\n    \"executable_sha256\": \"ad43ec030f51435f32150a5c72cb324ca03083d2ffc2f91405bbf41c6bc2240f\",\n    \"execution_kind\": \"executable\",\n    \"identified\": true,\n    \"mpi_launcher\": \"/usr/bin/mpirun\",\n    \"status\": \"AVAILABLE\",\n    \"unavailable_reason\": null,\n    \"version\": \"0.17.0\"\n  },\n  \"generated_at\": \"2026-09-29T18:43:39+00:00\",\n  \"git_commit\": \"59e8c654c1cfcc84788b488daf0482682bcda2ba\",\n  \"gmsh\": {\n    \"available\": true,\n    \"expected_version\": \"4.15.2\",\n    \"module\": \"/home/runner/work/Text-to-Layout/Text-to-Layout/.venv/lib/python3.12/site-packages/gmsh.py\",\n    \"module_sha256\": \"f4b0935cebde899750293d87a643090e5ea33c9b18d249267f507db68a0e01c3\",\n    \"version\": \"4.15.2\"\n  },\n  \"install_record\": {\n    \"build_stage\": \"/home/runner/.cache/textlayout-palace/build-stage\",\n    \"compiler_and_mpi_tail\": [\n      \"[+] /home/runner/.cache/textlayout-palace/spack-opt/linux-x86_64_v3/palace-0.17.0-fc5grs6ugcjdbzpdpqbqsnmf6ejlq4hx\",\n      \"==> Installing palace-0.17.0-fc5grs6ugcjdbzpdpqbqsnmf6ejlq4hx [63/63]\",\n      \"==> Updating view at /home/runner/.cache/textlayout-palace/environment/.spack-env/view\",\n      \"gcc (Ubuntu 13.3.0-6ubuntu2~24.04.1) 13.3.0\",\n      \"g++ (Ubuntu 13.3.0-6ubuntu2~24.04.1) 13.3.0\",\n      \"GNU Fortran (Ubuntu 13.3.0-6ubuntu2~24.04.1) 13.3.0\",\n      \"mpirun (Open MPI) 4.1.6\",\n      \"\"\n    ],\n    \"compiler_versions\": {\n      \"gcc\": \"gcc (Ubuntu 13.3.0-6ubuntu2~24.04.1) 13.3.0\",\n      \"gfortran\": \"GNU Fortran (Ubuntu 13.3.0-6ubuntu2~24.04.1) 13.3.0\",\n      \"gxx\": \"g++ (Ubuntu 13.3.0-6ubuntu2~24.04.1) 13.3.0\"\n    },\n    \"git_commit\": \"59e8c654c1cfcc84788b488daf0482682bcda2ba\",\n    \"gmsh\": {\n      \"available\": true,\n      \"expected_version\": \"4.15.2\",\n      \"module\": \"/home/runner/work/Text-to-Layout/Text-to-Layout/.venv/lib/python3.12/site-packages/gmsh.py\",\n      \"module_sha256\": \"f4b0935cebde899750293d87a643090e5ea33c9b18d249267f507db68a0e01c3\",\n      \"version\": \"4.15.2\"\n    },\n    \"gmsh_version\": \"4.15.2\",\n    \"install_tree\": \"/home/runner/.cache/textlayout-palace/spack-opt\",\n    \"installed_at\": \"2026-09-29T18:43:21.397659+00:00\",\n    \"mpi_version\": \"mpirun (Open MPI) 4.1.6\",\n    \"native_root\": \"/home/runner/.cache/textlayout-palace\",\n    \"palace_commit\": \"12d8069afb5aa9e169a17e303d735e120968e9f2\",\n    \"palace_executable\": \"/home/runner/.cache/textlayout-palace/spack-opt/linux-x86_64_v3/palace-0.17.0-fc5grs6ugcjdbzpdpqbqsnmf6ejlq4hx/bin/palace\",\n    \"palace_executable_sha256\": \"ad43ec030f51435f32150a5c72cb324ca03083d2ffc2f91405bbf41c6bc2240f\",\n    \"palace_version\": \"0.17.0\",\n    \"requested_version\": \"0.17.0\",\n    \"reused\": false,\n    \"schema\": \"textlayout.palace-install.v1\",\n    \"source_archive\": {\n      \"available\": true,\n      \"path\": \"/home/runner/work/Text-to-Layout/Text-to-Layout/.tools/external/sources/palace-12d8069afb5aa9e169a17e303d735e120968e9f2.tar.gz\",\n      \"sha256\": \"169f7fe210ea6e771a29bfe0803dd84a774b25b00d2aa3a1f33b9d97a510ff9d\",\n      \"size_bytes\": 47331791\n    },\n    \"source_archive_path\": \"/home/runner/work/Text-to-Layout/Text-to-Layout/.tools/external/sources/palace-12d8069afb5aa9e169a17e303d735e120968e9f2.tar.gz\",\n    \"source_archive_sha256\": \"169f7fe210ea6e771a29bfe0803dd84a774b25b00d2aa3a1f33b9d97a510ff9d\",\n    \"spack_commit\": \"0c2be44e4ece21eb091ad5de4c97716b7c6d4c87\",\n    \"spack_environment\": \"external_tools/palace/spack.yaml\",\n    \"spack_packages_commit\": \"a2928a3376d286ddbf07da62847d5ba5b0fa3c67\",\n    \"spack_runtime_cache\": \"/home/runner/.cache/textlayout-palace\",\n    \"spack_version\": \"1.1.0\",\n    \"status\": \"INSTALLED\",\n    \"strategy\": \"pinned_spack_wsl\"\n  },\n  \"required_palace_version\": \"0.17.0\",\n  \"schema\": \"textlayout.palace-toolchain.v1\"\n}\n", "truncated": false}, "resource_decision.json": {"size_bytes": 288, "tail": "{\n  \"accepted_processes\": 2,\n  \"available_mb\": 14806,\n  \"memory_tier\": \"unknown\",\n  \"preflight_peak_mb\": null,\n  \"rationale\": \"no peak-memory estimate available; honouring the requested count\",\n  \"requested_processes\": 2,\n  \"timestamp\": \"2026-09-29T18:43:39+00:00\",\n  \"total_mb\": 15989\n}\n", "truncated": false}, "run_manifest.json": {"unavailable": "FileNotFoundError"}, "base_mesh/mesh_metrics.json": {"size_bytes": 401, "tail": "{\n  \"element_count\": 206137,\n  \"extents\": {\n    \"lateral_margin_um\": 100.0,\n    \"lid_height_um\": 450.0,\n    \"substrate_thickness_um\": 300.0,\n    \"vacuum_height_um\": 300.0\n  },\n  \"mean_quality\": 0.7263143756565194,\n  \"mesh_scale\": 4.0,\n  \"mesh_sha256\": \"d2c7eee442ccec0b5acf7a37a98b61dd305b53bafb68f0d43dab3ba0dc2b069e\",\n  \"minimum_quality\": 0.15838171066132758,\n  \"runtime_seconds\": 7.7689208339998\n}\n", "truncated": false}, "base_mesh/palace_amr.json": {"size_bytes": 2038, "tail": "{\n  \"Boundaries\": {\n    \"PEC\": {\n      \"Attributes\": [\n        10,\n        11,\n        12,\n        30,\n        31\n      ]\n    }\n  },\n  \"Domains\": {\n    \"Materials\": [\n      {\n        \"Attributes\": [\n          1\n        ],\n        \"LossTan\": 1e-06,\n        \"Permeability\": 1.0,\n        \"Permittivity\": 11.45\n      },\n      {\n        \"Attributes\": [\n          2\n        ],\n        \"LossTan\": 1e-06,\n        \"Permeability\": 1.0,\n        \"Permittivity\": 11.45\n      },\n      {\n        \"Attributes\": [\n          3\n        ],\n        \"Permeability\": 1.0,\n        \"Permittivity\": 1.0\n      },\n      {\n        \"Attributes\": [\n          4\n        ],\n        \"Permeability\": 1.0,\n        \"Permittivity\": 1.0\n      },\n      {\n        \"Attributes\": [\n          5\n        ],\n        \"Permeability\": 1.0,\n        \"Permittivity\": 1.0\n      }\n    ],\n    \"Postprocessing\": {\n      \"Energy\": [\n        {\n          \"Attributes\": [\n            1\n          ],\n          \"Index\": 1\n        },\n        {\n          \"Attributes\": [\n            2\n          ],\n          \"Index\": 2\n        },\n        {\n          \"Attributes\": [\n            3\n          ],\n          \"Index\": 3\n        },\n        {\n          \"Attributes\": [\n            4\n          ],\n          \"Index\": 4\n        },\n        {\n          \"Attributes\": [\n            5\n          ],\n          \"Index\": 5\n        }\n      ]\n    }\n  },\n  \"Model\": {\n    \"L0\": 1e-06,\n    \"Mesh\": \"quarter_wave_base.msh\",\n    \"Refinement\": {\n      \"MaxIts\": 4,\n      \"Nonconformal\": false,\n      \"SaveAdaptIterations\": true,\n      \"SaveAdaptMesh\": true,\n      \"Tol\": 0.0001,\n      \"UpdateFraction\": 0.7\n    }\n  },\n  \"Problem\": {\n    \"Output\": \"postpro\",\n    \"OutputFormats\": {\n      \"GridFunction\": true,\n      \"Paraview\": true\n    },\n    \"Type\": \"Eigenmode\",\n    \"Verbose\": 2\n  },\n  \"Solver\": {\n    \"Device\": \"CPU\",\n    \"Eigenmode\": {\n      \"N\": 4,\n      \"Save\": 4,\n      \"Target\": 2.7,\n      \"Tol\": 1e-09\n    },\n    \"Linear\": {\n      \"MaxIts\": 1000,\n      \"Tol\": 1e-09,\n      \"Type\": \"Default\"\n    },\n    \"Order\": 1\n  }\n}\n", "truncated": false}, "base_mesh/palace.stdout.txt": {"size_bytes": 22749, "tail": " 1.587       3.963       2.775\nOperator Construction           55.209      55.238      55.224\nLinear Solve                    34.697      34.708      34.702\n  Setup                          7.540       7.547       7.543\n  Preconditioner                88.247      88.264      88.256\nEigenvalue Solve                15.981      16.035      16.008\nDiv.-Free Projection            89.399      89.452      89.425\nEstimation                       2.564       2.792       2.678\n  Construction                  49.729      49.736      49.732\n  Solve                         73.042      73.129      73.085\nAdaptation                       3.598       3.625       3.611\n  Rebalancing                    1.822       1.822       1.822\nPostprocessing                  20.782      20.919      20.851\n  Paraview                     151.116     151.119     151.118\n  Grid function                 79.028      79.029      79.028\nDisk IO                          1.232       1.235       1.233\n--------------------------------------------------------------\nTotal                          678.854     678.854     678.854\n\nPeak Memory                   Per-Node       Total   Total HWM\n==============================================================\nInitialization                    4.1M        4.1M        4.1M\n  Mesh Preprocessing            152.4M      152.4M      156.5M\nOperator Construction           297.2M      297.2M      453.8M\nLinear Solve                      0.0K        0.0K      453.8M\n  Setup                           1.5G        1.5G        1.9G\n  Preconditioner                 10.5G       10.5G       12.5G\nEigenvalue Solve                 62.0M       62.0M       12.5G\nDiv.-Free Projection            199.9M      199.9M       12.7G\nEstimation                      697.2M      697.2M       13.4G\n  Construction                    0.0K        0.0K       13.4G\n  Solve                         477.1M      477.1M       13.9G\nAdaptation                        0.0K        0.0K       13.9G\n  Rebalancing                     0.0K        0.0K       13.9G\nPostprocessing                  109.0M      109.0M       14.0G\n  Paraview                       95.3M       95.3M       14.1G\n  Grid function                   0.0K        0.0K       14.1G\nDisk IO                          68.5M       68.5M       14.1G\n--------------------------------------------------------------\nTotal                            14.1G       14.1G       14.1G\nEstimated peak per-rank memory usage is: Min. 6.9G, Max. 7.3G, Avg. 7.1G, Total 14.2G\nEstimated peak per-node memory usage is: Min. 14.2G, Max. 14.2G, Avg. 14.2G, Total 14.2G\n\nAdaptive mesh refinement (AMR) iteration 2:\n Indicator norm = 3.846e-01, global unknowns = 924336\n Max. iterations = 4, tol. = 1.000e-04\n Marked 127539/759141 elements for refinement (70.00% of the error, \u03b8 = 0.70)\n Conforming mesh refinement added 2607704 elements (initial = 759141, final = 3366845)\n Rebalanced mesh: Ratio 1.161 exceeded max. allowed value 1.100 (new ratio = 1.000)\n\nParallel Mesh Stats:\n\n                minimum     average     maximum       total\n vertices        304927      306126      307326      612253\n edges          2019354     2022337     2025320     4044674\n faces          3397808     3399633     3401458     6799266\n elements       1683380     1683422     1683465     3366845\n neighbors            1           1           1\n\n            minimum     maximum\n h      0.000163591   0.0319171\n kappa      1.04077     28.0205\n\nProceeding with solve/estimate iteration 3...\n\nConfiguring Dirichlet PEC BC at attributes:\n 10-12, 30-31\n\nAssembling system matrices, number of global unknowns:\n H1 (p = 1): 612253, ND (p = 1): 4044674, RT (p = 1): 6799266\n Operator assembly level: Partial\n Mesh geometries:\n  Tetrahedron: P = 6, Q = 4 (quadrature order = 2)\n\nConfiguring ARPACK eigenvalue solver:\n Scaling \u03b3 = 1.133e+06, \u03b4 = 6.889e-06\n Configuring divergence-free projection\n Using random starting vector\n Shift-and-invert \u03c3 = 2.700e+00 GHz (2.936e-01)\n\nAssembling multigrid hierarchy:\n Level 0 (p = 1): 4044674 unknowns\n Level 0 (auxiliary) (p = 1): 612253 unknowns\n", "truncated": true}, "base_mesh/palace.stderr.txt": {"size_bytes": 0, "tail": "", "truncated": false}, "base_mesh/resource_summary.json": {"unavailable": "FileNotFoundError"}, "base_mesh/resource_samples.json": {"unavailable": "FileNotFoundError"}}, "cgroup_path": "/system.slice/hosted-compute-agent.service", "cgroup_memory": {"memory.current": {"size_bytes": 0, "tail": "15896657920\n", "truncated": false}, "memory.peak": {"size_bytes": 0, "tail": "15973244928\n", "truncated": false}, "memory.max": {"size_bytes": 0, "tail": "max\n", "truncated": false}, "memory.events": {"size_bytes": 0, "tail": "low 0\nhigh 0\nmax 0\noom 0\noom_kill 0\noom_group_kill 0\n", "truncated": false}}, "process_columns": "pid ppid rss_KiB vsz_KiB cpu_percent command_name", "largest_processes": [" 679867  679825 7755996 9882788 99.2 palace-x86_64.b", " 679870  679825 7410676 9898348 99.2 palace-x86_64.b", "   2046    2044 104416 1431512 0.3 provjobd1305015", "   2112    2090 54808 274614764 0.4 Runner.Worker", "   2090    2032 53604 274345440 0.0 Runner.Listener", " 679567  679564 48252 1295176 1.1 textlayout", "    225       1 43716 305388  0.0 multipathd", "   1712    1021 33760 454656  0.0 python3", "   1154       1 31956 2127092 0.0 dockerd", "    987       1 23760 295280  0.0 php-fpm8.3", "   1063       1 22708 1960992 0.0 containerd", "   1021       1 18792  39480  0.0 python3"]}
palace	UNKNOWN STEP	2026-09-29T19:01:23.0063786Z ##[error]The runner has received a shutdown signal. This can happen when the runner service is stopped, or a manually started runner is canceled.
palace	UNKNOWN STEP	2026-09-29T19:01:23.1877353Z ##[error]The operation was canceled.
palace	UNKNOWN STEP	2026-09-29T19:01:23.2541484Z Cleaning up orphan processes
palace	UNKNOWN STEP	2026-09-29T19:01:23.3366626Z Terminate orphan process: pid (679825) (mpirun)
palace	UNKNOWN STEP	2026-09-29T19:01:23.3579630Z ##[warning]Node.js 20 is deprecated. The following actions target Node.js 20 but are being forced to run on Node.js 24: actions/cache@v4, actions/checkout@v4, actions/upload-artifact@v4, astral-sh/setup-uv@v5. For more information see: https://github.blog/changelog/2025-09-19-deprecation-of-node-20-on-github-actions-runners/
